timestamp,model,dataset,notes,MAE,MSE,RMSE,MAPE,Return_MAE,Return_MSE,Return_RMSE
2026-02-18 15:55:27,ARIMA_Baseline,GSPC,,522.7301876731053,498759.3098636096,706.2289358725042,0.1196626157295013,0.0078336084055899,0.0001467400583824,0.0121136310981676
2026-02-18 16:05:06,ARIMA_Baseline,linear_gradual_drift_1,,,,,,0.2912635426084404,0.149084924685389,0.3861151702347229
2026-02-18 16:08:16,ARIMA_Baseline,linear_gradual_drift_2,,,,,,0.1388311413695997,0.0304094670108533,0.1743831041438744
2026-02-18 16:11:16,ARIMA_Baseline,linear_gradual_drift_3,,,,,,0.2441965828608916,0.0906747998973431,0.30112256623731
2026-02-18 16:14:14,ARIMA_Baseline,linear_gradual_drift_4,,,,,,0.3576482607166875,0.1760679015068441,0.4196044583972436
2026-02-18 16:16:58,ARIMA_Baseline,linear_gradual_drift_5,,,,,,0.0940533002670392,0.0145929451949259,0.1208012632174264
2026-02-18 16:19:36,ARIMA_Baseline,linear_gradual_drift_6,,,,,,0.3341882260953896,0.1464692979519173,0.3827130752298872
2026-02-18 16:22:25,ARIMA_Baseline,linear_gradual_drift_7,,,,,,0.3603300811942851,0.1451350993122882,0.3809660080798394
2026-02-18 16:26:40,ARIMA_Baseline,linear_gradual_drift_8,,,,,,0.0791363327769733,0.0098138886055041,0.0990650725811278
2026-02-18 16:30:21,ARIMA_Baseline,linear_gradual_drift_9,,,,,,0.281999989429079,0.1331584704168386,0.3649088522039972
2026-02-18 16:33:09,ARIMA_Baseline,linear_gradual_drift_10,,,,,,0.1767898086874858,0.0514158745670029,0.2267506881290615
2026-02-18 16:36:21,ARIMA_Baseline,linear_gradual_drift_11,,,,,,0.2122145049592016,0.0542066396236079,0.2328231939124793
2026-02-18 16:39:32,ARIMA_Baseline,linear_gradual_drift_12,,,,,,0.1383264687414969,0.0328214820658047,0.1811670004879606
2026-02-18 16:42:24,ARIMA_Baseline,linear_gradual_drift_13,,,,,,0.1848812039522054,0.0605416939857104,0.2460522180060778
2026-02-18 16:46:33,ARIMA_Baseline,linear_gradual_drift_14,,,,,,0.3345173392201235,0.1503889714507356,0.387800169482603
2026-02-18 16:49:26,ARIMA_Baseline,linear_gradual_drift_15,,,,,,0.1334383083289195,0.0290885800599084,0.1705537453705091
2026-02-18 16:52:26,ARIMA_Baseline,linear_gradual_drift_16,,,,,,0.1226455223388147,0.0236932301150811,0.153926054048953
2026-02-18 16:54:48,ARIMA_Baseline,linear_gradual_drift_17,,,,,,0.1334898523938428,0.026195820429683,0.1618512293116214
2026-02-18 16:58:30,ARIMA_Baseline,linear_gradual_drift_18,,,,,,0.3504030563953904,0.1673679384821869,0.4091062679575893
2026-02-18 17:01:18,ARIMA_Baseline,linear_gradual_drift_19,,,,,,0.1627875796893757,0.0384367429603973,0.1960529085741841
2026-02-18 17:04:54,ARIMA_Baseline,linear_gradual_drift_20,,,,,,0.1915077326990408,0.046922938987326,0.2166170330037
2026-02-18 17:08:20,ARIMA_Baseline,linear_gradual_drift_21,,,,,,0.1854816406851314,0.0446728789062461,0.2113595962009913
2026-02-18 17:11:44,ARIMA_Baseline,linear_gradual_drift_22,,,,,,0.0804379146328411,0.0101814601332251,0.1009032216196549
2026-02-18 17:14:47,ARIMA_Baseline,linear_gradual_drift_23,,,,,,0.3147439375692752,0.1245452273658707,0.3529096589296909
2026-02-18 17:17:05,ARIMA_Baseline,linear_gradual_drift_24,,,,,,0.311750347154387,0.1365733016440229,0.3695582520307495
2026-02-18 17:19:37,ARIMA_Baseline,linear_gradual_drift_25,,,,,,0.2275899935209684,0.074069357130185,0.2721568612586958
2026-02-18 17:23:19,ARIMA_Baseline,linear_gradual_drift_26,,,,,,0.1310654607491663,0.0242816291925782,0.155825637147994
2026-02-18 17:26:06,ARIMA_Baseline,linear_gradual_drift_27,,,,,,0.177008622769878,0.0449062074185543,0.2119108478076438
2026-02-18 17:28:54,ARIMA_Baseline,linear_gradual_drift_28,,,,,,0.1989688074217779,0.0539566892728487,0.2322857922320018
2026-02-18 17:32:09,ARIMA_Baseline,linear_gradual_drift_29,,,,,,0.1417684980755356,0.0285275236031631,0.1689009283667889
2026-02-18 17:34:36,ARIMA_Baseline,linear_gradual_drift_30,,,,,,0.2245740130246923,0.0705354097266606,0.2655850329492621
2026-02-18 17:37:29,ARIMA_Baseline,linear_abrupt_drift_1,,,,,,0.222882414967631,0.0860766901741481,0.2933882924967322
2026-02-18 17:41:26,ARIMA_Baseline,linear_abrupt_drift_2,,,,,,0.1210453530980118,0.0225959051372956,0.150319343855991
2026-02-18 17:44:46,ARIMA_Baseline,linear_abrupt_drift_3,,,,,,0.2012953445798727,0.0567855370997985,0.2382971613339079
2026-02-18 17:46:45,ARIMA_Baseline,linear_abrupt_drift_4,,,,,,0.27730823613422,0.1024814196520619,0.3201271929281576
2026-02-18 17:49:38,ARIMA_Baseline,linear_abrupt_drift_5,,,,,,0.128736522788581,0.0259737869296419,0.1611638511876716
2026-02-18 17:53:03,ARIMA_Baseline,linear_abrupt_drift_6,,,,,,0.2395020307733713,0.0747060845891967,0.2733241383215115
2026-02-18 17:55:49,ARIMA_Baseline,linear_abrupt_drift_7,,,,,,0.2872540491595344,0.0935161632660928,0.3058041256525047
2026-02-18 17:57:48,ARIMA_Baseline,linear_abrupt_drift_8,,,,,,0.1327150438812315,0.0244586400601044,0.1563925831364916
2026-02-18 18:00:39,ARIMA_Baseline,linear_abrupt_drift_9,,,,,,0.2796496222559136,0.1217294146028226,0.3488974270510211
2026-02-18 18:03:32,ARIMA_Baseline,linear_abrupt_drift_10,,,,,,0.1362272215491052,0.0300121608761351,0.1732401826255534
2026-02-18 18:07:09,ARIMA_Baseline,linear_abrupt_drift_11,,,,,,0.2613346179484534,0.0758462730595773,0.275402020797919
2026-02-18 18:09:13,ARIMA_Baseline,linear_abrupt_drift_12,,,,,,0.1424523335564476,0.0427366520649602,0.2067284500618147
2026-02-18 18:11:58,ARIMA_Baseline,linear_abrupt_drift_13,,,,,,0.1595513067457811,0.0449759163147625,0.2120752609682764
2026-02-18 18:13:48,ARIMA_Baseline,linear_abrupt_drift_14,,,,,,0.3661851137861862,0.1673971883743573,0.4091420149219061
2026-02-18 18:15:43,ARIMA_Baseline,linear_abrupt_drift_15,,,,,,0.1268285656329149,0.0251241167048521,0.1585058885494547
2026-02-18 18:18:36,ARIMA_Baseline,linear_abrupt_drift_16,,,,,,0.1037029824868873,0.0175829022118641,0.1326005362427474
2026-02-18 18:20:37,ARIMA_Baseline,linear_abrupt_drift_17,,,,,,0.1051023352354144,0.0172525129762963,0.1313488217545036
2026-02-18 18:23:25,ARIMA_Baseline,linear_abrupt_drift_18,,,,,,0.1765497660809155,0.0516542805054681,0.2272757807278817
2026-02-18 18:25:16,ARIMA_Baseline,linear_abrupt_drift_19,,,,,,0.130966236786184,0.0229535350816387,0.1515042411341636
2026-02-18 18:28:09,ARIMA_Baseline,linear_abrupt_drift_20,,,,,,0.1796847570582742,0.0405172633533485,0.2012890045515366
2026-02-18 18:30:55,ARIMA_Baseline,linear_abrupt_drift_21,,,,,,0.1063591272375267,0.0165652254282342,0.1287059650064218
2026-02-18 18:34:03,ARIMA_Baseline,linear_abrupt_drift_22,,,,,,0.070051298717517,0.0071027399287689,0.084277754649545
2026-02-18 18:35:49,ARIMA_Baseline,linear_abrupt_drift_23,,,,,,0.3777310540759387,0.1679627625572782,0.4098326030921384
2026-02-18 18:38:17,ARIMA_Baseline,linear_abrupt_drift_24,,,,,,0.2789373607863248,0.1061196662754248,0.3257601361054247
2026-02-18 18:40:42,ARIMA_Baseline,linear_abrupt_drift_25,,,,,,0.1916153093159029,0.0496243875956332,0.2227653195531864
2026-02-18 18:42:58,ARIMA_Baseline,linear_abrupt_drift_26,,,,,,0.122877246528845,0.020650872691624,0.1437041150824292
2026-02-18 18:45:21,ARIMA_Baseline,linear_abrupt_drift_27,,,,,,0.1367446412014647,0.0271647072006911,0.1648171932799825
2026-02-18 18:48:11,ARIMA_Baseline,linear_abrupt_drift_28,,,,,,0.1223664318422405,0.0210257214510423,0.1450024877408739
2026-02-18 18:50:10,ARIMA_Baseline,linear_abrupt_drift_29,,,,,,0.6522328743824589,0.6191423249692508,0.7868559747306052
2026-02-18 18:53:16,ARIMA_Baseline,linear_abrupt_drift_30,,,,,,0.1486691514358136,0.0337141071986947,0.1836140168905813
2026-02-18 18:54:15,ARIMA_Baseline,nonlinear_gradual_drift_1,,,,,,0.1454045319832667,0.0274294653028388,0.1656184328595065
2026-02-18 18:56:11,ARIMA_Baseline,nonlinear_gradual_drift_2,,,,,,0.123931182434355,0.0188336553450956,0.1372357655463606
2026-02-18 18:57:42,ARIMA_Baseline,nonlinear_gradual_drift_3,,,,,,0.1345505732832832,0.0237959654797391,0.1542594096959377
2026-02-18 18:59:28,ARIMA_Baseline,nonlinear_gradual_drift_4,,,,,,0.1247492533186041,0.0181817010468882,0.1348395381440036
2026-02-18 19:00:36,ARIMA_Baseline,nonlinear_gradual_drift_5,,,,,,0.1396663047221535,0.0219537921162137,0.1481681211199417
2026-02-18 19:01:35,ARIMA_Baseline,nonlinear_gradual_drift_6,,,,,,0.1211348979334378,0.0169276957485244,0.1301064785032797
2026-02-18 19:02:58,ARIMA_Baseline,nonlinear_gradual_drift_7,,,,,,0.1258201834076971,0.0188193536682441,0.1371836494201991
2026-02-18 19:04:18,ARIMA_Baseline,nonlinear_gradual_drift_8,,,,,,0.147832581904178,0.0238745431206664,0.1545138929697469
2026-02-18 19:05:26,ARIMA_Baseline,nonlinear_gradual_drift_9,,,,,,0.1585640239121915,0.0292305336304431,0.1709693938412462
2026-02-18 19:06:48,ARIMA_Baseline,nonlinear_gradual_drift_10,,,,,,0.1125990341732015,0.0160486306641445,0.1266831901403834
2026-02-18 19:08:51,ARIMA_Baseline,nonlinear_gradual_drift_11,,,,,,0.1504738655352666,0.0246695421443089,0.1570654072172131
2026-02-18 19:10:52,ARIMA_Baseline,nonlinear_gradual_drift_12,,,,,,0.1588371682549046,0.028922212758287,0.1700653190932443
2026-02-18 19:13:35,ARIMA_Baseline,nonlinear_gradual_drift_13,,,,,,0.0992135347781717,0.0124131792366674,0.1114144480606866
2026-02-18 19:15:46,ARIMA_Baseline,nonlinear_gradual_drift_14,,,,,,0.171225436025471,0.0334123127886592,0.1827903520119681
2026-02-18 19:16:45,ARIMA_Baseline,nonlinear_gradual_drift_15,,,,,,0.1038043557208042,0.0141636036799301,0.1190109393288288
2026-02-18 19:18:42,ARIMA_Baseline,nonlinear_gradual_drift_16,,,,,,0.1101237338546853,0.0154734024276953,0.1243921316952779
2026-02-18 19:20:23,ARIMA_Baseline,nonlinear_gradual_drift_17,,,,,,0.1036620621658613,0.0136446861581907,0.1168104710982315
2026-02-18 19:22:27,ARIMA_Baseline,nonlinear_gradual_drift_18,,,,,,0.0930216306074464,0.0140404279281,0.1184923116835013
2026-02-18 19:23:52,ARIMA_Baseline,nonlinear_gradual_drift_19,,,,,,0.1032014373602105,0.0132679182590974,0.1151864499804447
2026-02-18 19:25:21,ARIMA_Baseline,nonlinear_gradual_drift_20,,,,,,0.1313165653187986,0.0199840103254092,0.1413648128970191
2026-02-18 19:27:13,ARIMA_Baseline,nonlinear_gradual_drift_21,,,,,,0.1364867116439912,0.0211581852893066,0.1454585346045622
2026-02-18 19:29:16,ARIMA_Baseline,nonlinear_gradual_drift_22,,,,,,0.1199834615342022,0.0161869498672106,0.127227944521676
2026-02-18 19:32:00,ARIMA_Baseline,nonlinear_gradual_drift_23,,,,,,0.0588741764368458,0.0060160305517725,0.0775630746668321
2026-02-18 19:35:22,ARIMA_Baseline,nonlinear_gradual_drift_24,,,,,,0.1258660982423143,0.0223276206178235,0.1494242972806749
2026-02-18 19:36:30,ARIMA_Baseline,nonlinear_gradual_drift_25,,,,,,0.0909720121171049,0.0102710954654642,0.1013464131849976
2026-02-18 19:39:00,ARIMA_Baseline,nonlinear_gradual_drift_26,,,,,,0.11242568038442,0.0172890455126056,0.1314878150727499
2026-02-18 19:40:41,ARIMA_Baseline,nonlinear_gradual_drift_27,,,,,,0.1222123897705078,0.0181427807868811,0.1346951401754391
2026-02-18 19:42:36,ARIMA_Baseline,nonlinear_gradual_drift_28,,,,,,0.102251769593104,0.0129979858324817,0.1140087094588906
2026-02-18 19:45:09,ARIMA_Baseline,nonlinear_gradual_drift_29,,,,,,0.1344522111793128,0.0213692552941047,0.1461822673722937
2026-02-18 19:48:08,ARIMA_Baseline,nonlinear_gradual_drift_30,,,,,,0.1430761706511749,0.0237363148205264,0.1540659430910234
2026-02-18 20:08:59,ELM_Baseline,GSPC,,29.123482664654325,1830.5187953373995,42.78456258205054,0.0079626404849552,0.0079503837143601,0.000154210560655,0.0124181544786291
2026-02-18 20:08:59,ELM_Baseline,GSPC,,29.103694662999114,1824.902980824721,42.71888318793834,0.0079466498710364,0.0079391866217678,0.0001533838195426,0.0123848221441667
2026-02-18 20:08:59,ELM_Baseline,GSPC,,28.82549530592465,1770.1843524052322,42.07355882743023,0.0078514505740063,0.0078448102090794,0.0001460775817279,0.0120862559019701
2026-02-18 20:08:59,ELM_Baseline,GSPC,,29.234939633175493,1845.8057844992927,42.96284190436304,0.0079932669057954,0.0079812379080115,0.0001558885835812,0.0124855349737723
2026-02-18 20:08:59,ELM_Baseline,GSPC,,29.00048053636672,1800.323224593474,42.43021593856758,0.0079100737758531,0.0078991241255464,0.0001499004712122,0.0122433847939324
2026-02-18 20:09:00,ELM_Baseline,GSPC,,29.2464632784377,1844.9719350688367,42.95313649861716,0.0079997685747423,0.0079934926762794,0.0001564246738092,0.012506985000759
2026-02-18 20:09:00,ELM_Baseline,GSPC,,29.035055999496542,1808.8180982555043,42.53020218921496,0.0079265436256103,0.007917667169223,0.0001516195421608,0.0123133887358784
2026-02-18 20:09:00,ELM_Baseline,GSPC,,28.9853098431491,1797.593094634465,42.39803173066487,0.0079084860538476,0.0078959962328801,0.0001487705915619,0.0121971550601751
2026-02-18 20:09:00,ELM_Baseline,GSPC,,29.218281577911487,1855.0724798855351,43.070552351758096,0.0079898871318807,0.0079801731547229,0.0001574728371998,0.0125488181594857
2026-02-18 20:09:00,ELM_Baseline,GSPC,,29.09716219574243,1831.4912450721088,42.79592556625116,0.0079524386800595,0.0079393167032299,0.0001546331192708,0.0124351565840917
2026-02-18 20:09:00,ELM_Baseline,GSPC,,29.1243592025092,1845.216931640587,42.95598830943815,0.0079659331707415,0.0079547686567051,0.0001565099308507,0.0125103929135227
2026-02-18 20:09:00,ELM_Baseline,GSPC,,29.167345294980848,1834.011900197022,42.825365149605226,0.0079668777861034,0.007964786215742,0.0001541472615564,0.0124156055654326
2026-02-18 20:09:00,ELM_Baseline,GSPC,,29.072607914308552,1826.454797958833,42.737042456852734,0.0079460886680263,0.0079361935359785,0.000153966831635,0.0124083371825173
2026-02-18 20:09:00,ELM_Baseline,GSPC,,29.044867868169,1805.1059825529765,42.48653883941332,0.0079265239536708,0.0079172103454418,0.000150538518411,0.0122694139391828
2026-02-18 20:09:01,ELM_Baseline,GSPC,,29.1733911857661,1880.1762818634447,43.3609995487125,0.0079842986197668,0.0079692346319189,0.0001623383856907,0.0127412081723348
2026-02-18 20:09:01,ELM_Baseline,GSPC,,29.01465958328856,1801.5290828168293,42.44442345958806,0.0079187450875701,0.0079082376098306,0.0001498997728477,0.0122433562738225
2026-02-18 20:09:01,ELM_Baseline,GSPC,,29.00531928541061,1849.6184702596413,43.00719091337682,0.0079179004799112,0.0079173786960838,0.0001588158731016,0.0126022169915312
2026-02-18 20:09:01,ELM_Baseline,GSPC,,28.985865439316537,1805.695022946204,42.49347035658777,0.0079111279525071,0.0079022090143701,0.0001510547442232,0.0122904330364398
2026-02-18 20:09:01,ELM_Baseline,GSPC,,29.153936039663897,1839.6172707378817,42.89075973607697,0.0079665950635198,0.0079581303846467,0.0001554704319091,0.0124687782845453
2026-02-18 20:09:01,ELM_Baseline,GSPC,,29.07221335562968,1832.6217875317843,42.80913205767882,0.0079444421691708,0.0079344917485017,0.0001552701498793,0.0124607443549465
2026-02-18 20:09:01,ELM_Baseline,GSPC,,29.04539047322837,1811.29359801858,42.55929508366627,0.0079303457363354,0.007916938524689,0.0001507455074567,0.0122778462059394
2026-02-18 20:09:01,ELM_Baseline,GSPC,,29.03700650984068,1808.2554050296865,42.52358645539774,0.007933266742315,0.0079266397841236,0.0001518717695105,0.0123236264756182
2026-02-18 20:09:01,ELM_Baseline,GSPC,,28.992992303194367,1810.6664552835823,42.55192657546287,0.0079169719761268,0.007907697378131,0.0001519174495236,0.0123254796873641
2026-02-18 20:09:01,ELM_Baseline,GSPC,,29.10902528292897,1851.054134069414,43.02387864976162,0.0079618149709406,0.0079539536892249,0.0001590732480427,0.0126124243523107
2026-02-18 20:09:02,ELM_Baseline,GSPC,,29.09049686504284,1824.0142444242829,42.70847977187063,0.0079468130579938,0.0079399593474914,0.0001536481266175,0.0123954881556773
2026-02-18 20:09:02,ELM_Baseline,GSPC,,29.3672440448625,1888.7416837510327,43.4596558172178,0.0080458297877824,0.0080306609747248,0.0001616406515051,0.0127137976822482
2026-02-18 20:09:02,ELM_Baseline,GSPC,,28.98993717275755,1794.225507331709,42.35829915532149,0.0079059685713481,0.007896695889778,0.0001490946875574,0.0122104335532147
2026-02-18 20:09:02,ELM_Baseline,GSPC,,29.108811289004056,1811.559603097345,42.56242008036367,0.0079468365055132,0.0079348581829563,0.0001503379892693,0.0122612393039765
2026-02-18 20:09:02,ELM_Baseline,GSPC,,29.115218893423936,1821.448627105461,42.6784328098568,0.0079510883455773,0.007942525171826,0.0001525870628408,0.0123526136036395
2026-02-18 20:09:02,ELM_Baseline,GSPC,,28.947521059725965,1805.7625609545985,42.49426503605631,0.0079008306650185,0.0078919904113778,0.0001508935601825,0.0122838739891996
2026-02-18 20:09:02,ELM_Baseline,linear_gradual_drift_1,,,,,,0.036315389202921,0.0022253701628954,0.0471738292159477
2026-02-18 20:09:02,ELM_Baseline,linear_gradual_drift_2,,,,,,0.0421571381511973,0.0027165864846107,0.0521208833828704
2026-02-18 20:09:02,ELM_Baseline,linear_gradual_drift_3,,,,,,0.0507074243295851,0.004098014905432,0.0640157395132794
2026-02-18 20:09:02,ELM_Baseline,linear_gradual_drift_4,,,,,,0.0865395092576586,0.014082063260296,0.1186678695363495
2026-02-18 20:09:02,ELM_Baseline,linear_gradual_drift_5,,,,,,0.0629463309698775,0.005949759781815,0.0771346859837715
2026-02-18 20:09:02,ELM_Baseline,linear_gradual_drift_6,,,,,,0.0399554748309188,0.0027040945348998,0.0520009089814771
2026-02-18 20:09:02,ELM_Baseline,linear_gradual_drift_7,,,,,,0.0755150499754696,0.0092749172928693,0.0963063720263067
2026-02-18 20:09:02,ELM_Baseline,linear_gradual_drift_8,,,,,,0.0729636195565882,0.0084455598312967,0.091899727046911
2026-02-18 20:09:03,ELM_Baseline,linear_gradual_drift_9,,,,,,0.0288766969973028,0.0013524824067803,0.0367761119040656
2026-02-18 20:09:03,ELM_Baseline,linear_gradual_drift_10,,,,,,0.0532425749497105,0.0047656484000136,0.0690336758402278
2026-02-18 20:09:03,ELM_Baseline,linear_gradual_drift_11,,,,,,0.0299669802492952,0.0015062236986685,0.0388100978956326
2026-02-18 20:09:03,ELM_Baseline,linear_gradual_drift_12,,,,,,0.0465039300994427,0.0033563935752739,0.0579343902641079
2026-02-18 20:09:03,ELM_Baseline,linear_gradual_drift_13,,,,,,0.0444529087651112,0.0031069268562774,0.0557398139239576
2026-02-18 20:09:03,ELM_Baseline,linear_gradual_drift_14,,,,,,0.039485694571213,0.002555619509976,0.0505531355108272
2026-02-18 20:09:03,ELM_Baseline,linear_gradual_drift_15,,,,,,0.0416155883499537,0.0029836575340604,0.0546228664028211
2026-02-18 20:09:03,ELM_Baseline,linear_gradual_drift_16,,,,,,0.0288991474149326,0.0013874723787679,0.0372487902993899
2026-02-18 20:09:03,ELM_Baseline,linear_gradual_drift_17,,,,,,0.0396208055113189,0.0026932201740175,0.0518962443151482
2026-02-18 20:09:03,ELM_Baseline,linear_gradual_drift_18,,,,,,0.1975348031709122,0.0655785739132849,0.2560831386743081
2026-02-18 20:09:03,ELM_Baseline,linear_gradual_drift_19,,,,,,0.0282099493413914,0.0012957374015003,0.0359963526138464
2026-02-18 20:09:03,ELM_Baseline,linear_gradual_drift_20,,,,,,0.0604798794522111,0.012743906041353,0.1128889101787816
2026-02-18 20:09:03,ELM_Baseline,linear_gradual_drift_21,,,,,,0.0684098983690174,0.0076287148108576,0.0873425143378507
2026-02-18 20:09:03,ELM_Baseline,linear_gradual_drift_22,,,,,,0.0469540983181797,0.0035692243026941,0.0597429853848482
2026-02-18 20:09:03,ELM_Baseline,linear_gradual_drift_23,,,,,,0.0358781913354703,0.002022375811933,0.044970832902372
2026-02-18 20:09:04,ELM_Baseline,linear_gradual_drift_24,,,,,,0.0417035687361375,0.0028248981590741,0.0531497710161968
2026-02-18 20:09:04,ELM_Baseline,linear_gradual_drift_25,,,,,,0.0346222656979634,0.0020249266407826,0.0449991848902023
2026-02-18 20:09:04,ELM_Baseline,linear_gradual_drift_26,,,,,,0.0565094704368122,0.0056217697358167,0.0749784618128219
2026-02-18 20:09:04,ELM_Baseline,linear_gradual_drift_27,,,,,,0.0429837306625954,0.003134481334677,0.0559864388461799
2026-02-18 20:09:04,ELM_Baseline,linear_gradual_drift_28,,,,,,0.0359267067554994,0.0020879396377643,0.0456939781345893
2026-02-18 20:09:04,ELM_Baseline,linear_gradual_drift_29,,,,,,0.0422048779827682,0.0028175154144625,0.0530802733080993
2026-02-18 20:09:04,ELM_Baseline,linear_gradual_drift_30,,,,,,0.0457815507980781,0.0035722494784984,0.0597682982734026
2026-02-18 20:09:04,ELM_Baseline,linear_abrupt_drift_1,,,,,,0.0256624569512566,0.0011013388981782,0.0331864264146997
2026-02-18 20:09:04,ELM_Baseline,linear_abrupt_drift_2,,,,,,0.0301977628274711,0.0015198358513103,0.0389850721598706
2026-02-18 20:09:04,ELM_Baseline,linear_abrupt_drift_3,,,,,,0.0686023074141017,0.007003598544748,0.0836875053084275
2026-02-18 20:09:04,ELM_Baseline,linear_abrupt_drift_4,,,,,,0.0432637825971687,0.0029392492352281,0.054214843310925
2026-02-18 20:09:04,ELM_Baseline,linear_abrupt_drift_5,,,,,,0.0284685936871361,0.0012532616850748,0.0354014362007373
2026-02-18 20:09:04,ELM_Baseline,linear_abrupt_drift_6,,,,,,0.0240200904051134,0.0009067637962948,0.0301125189297541
2026-02-18 20:09:04,ELM_Baseline,linear_abrupt_drift_7,,,,,,0.0331163706832094,0.0017025889150513,0.0412624395189057
2026-02-18 20:09:04,ELM_Baseline,linear_abrupt_drift_8,,,,,,0.062013565028151,0.0061495601822956,0.0784191314813907
2026-02-18 20:09:04,ELM_Baseline,linear_abrupt_drift_9,,,,,,0.0475335554817943,0.0035134219710085,0.0592741256452474
2026-02-18 20:09:04,ELM_Baseline,linear_abrupt_drift_10,,,,,,0.0499793673418626,0.0039474398098548,0.0628286543692828
2026-02-18 20:09:05,ELM_Baseline,linear_abrupt_drift_11,,,,,,0.0700746814125602,0.0079590523376735,0.0892135210473926
2026-02-18 20:09:05,ELM_Baseline,linear_abrupt_drift_12,,,,,,0.0340485558700413,0.0017921044585283,0.042333254759448
2026-02-18 20:09:05,ELM_Baseline,linear_abrupt_drift_13,,,,,,0.0288753913582445,0.0013179958844763,0.0363042130403118
2026-02-18 20:09:05,ELM_Baseline,linear_abrupt_drift_14,,,,,,0.0314355959421947,0.0015867543103882,0.0398340847816068
2026-02-18 20:09:05,ELM_Baseline,linear_abrupt_drift_15,,,,,,0.0519862960492752,0.0044387148238817,0.0666236806539666
2026-02-18 20:09:05,ELM_Baseline,linear_abrupt_drift_16,,,,,,0.0273908468128943,0.0011558289029678,0.0339974837740657
2026-02-18 20:09:05,ELM_Baseline,linear_abrupt_drift_17,,,,,,0.0532019247298356,0.0049457909311941,0.0703263174863732
2026-02-18 20:09:05,ELM_Baseline,linear_abrupt_drift_18,,,,,,0.0568627450731375,0.0060169272836784,0.0775688551138824
2026-02-18 20:09:05,ELM_Baseline,linear_abrupt_drift_19,,,,,,0.0305840637705884,0.0014387631813717,0.0379310319049152
2026-02-18 20:09:05,ELM_Baseline,linear_abrupt_drift_20,,,,,,0.0306430834063629,0.0017283235263197,0.0415731106163562
2026-02-18 20:09:05,ELM_Baseline,linear_abrupt_drift_21,,,,,,0.0318614486558311,0.001648770989861,0.0406050611360334
2026-02-18 20:09:05,ELM_Baseline,linear_abrupt_drift_22,,,,,,0.0649198774273609,0.0065320988318833,0.080821400828514
2026-02-18 20:09:05,ELM_Baseline,linear_abrupt_drift_23,,,,,,0.0240739621410291,0.0009742370864584,0.0312127712076079
2026-02-18 20:09:05,ELM_Baseline,linear_abrupt_drift_24,,,,,,0.0800074237222042,0.0100683639930865,0.1003412377494247
2026-02-18 20:09:05,ELM_Baseline,linear_abrupt_drift_25,,,,,,0.0472453862148841,0.0035022064914086,0.0591794431488557
2026-02-18 20:09:05,ELM_Baseline,linear_abrupt_drift_26,,,,,,0.0309766778065686,0.0015217118088493,0.0390091246870439
2026-02-18 20:09:06,ELM_Baseline,linear_abrupt_drift_27,,,,,,0.0271790415544341,0.0011886566325606,0.0344768999847813
2026-02-18 20:09:06,ELM_Baseline,linear_abrupt_drift_28,,,,,,0.0246058426413246,0.0009470850158106,0.0307747463971789
2026-02-18 20:09:06,ELM_Baseline,linear_abrupt_drift_29,,,,,,0.0315784439675331,0.0015754780611458,0.0396922922132986
2026-02-18 20:09:06,ELM_Baseline,linear_abrupt_drift_30,,,,,,0.0314419980466264,0.0015173195418839,0.0389527860606144
2026-02-18 20:09:06,ELM_Baseline,nonlinear_gradual_drift_1,,,,,,0.0175891606999064,0.0004831394786306,0.0219804339955018
2026-02-18 20:09:06,ELM_Baseline,nonlinear_gradual_drift_2,,,,,,0.017103815467839,0.000453145564579,0.0212872159893919
2026-02-18 20:09:06,ELM_Baseline,nonlinear_gradual_drift_3,,,,,,0.0202007878890684,0.0006958912628592,0.0263797510007066
2026-02-18 20:09:06,ELM_Baseline,nonlinear_gradual_drift_4,,,,,,0.0201151588989208,0.0006286358329532,0.0250726112113052
2026-02-18 20:09:06,ELM_Baseline,nonlinear_gradual_drift_5,,,,,,0.0166890753657817,0.000440509501229,0.0209883182086863
2026-02-18 20:09:06,ELM_Baseline,nonlinear_gradual_drift_6,,,,,,0.0190278284619539,0.0005811609884404,0.0241072808180526
2026-02-18 20:09:06,ELM_Baseline,nonlinear_gradual_drift_7,,,,,,0.0196421383476369,0.0006043303676466,0.0245831317705176
2026-02-18 20:09:06,ELM_Baseline,nonlinear_gradual_drift_8,,,,,,0.017750753893301,0.0004977844462668,0.0223110834848252
2026-02-18 20:09:06,ELM_Baseline,nonlinear_gradual_drift_9,,,,,,0.0205430197487819,0.0006630666134783,0.0257500798732419
2026-02-18 20:09:06,ELM_Baseline,nonlinear_gradual_drift_10,,,,,,0.0179771367314332,0.0004959426486339,0.0222697698379208
2026-02-18 20:09:06,ELM_Baseline,nonlinear_gradual_drift_11,,,,,,0.01721618164737,0.000465589391344,0.0215775205096432
2026-02-18 20:09:07,ELM_Baseline,nonlinear_gradual_drift_12,,,,,,0.0165185480357658,0.000427350426017,0.0206724557326178
2026-02-18 20:09:07,ELM_Baseline,nonlinear_gradual_drift_13,,,,,,0.0180424520126151,0.0005121578715158,0.0226309052297038
2026-02-18 20:09:07,ELM_Baseline,nonlinear_gradual_drift_14,,,,,,0.0178110625383599,0.0005009279710832,0.0223814202204259
2026-02-18 20:09:07,ELM_Baseline,nonlinear_gradual_drift_15,,,,,,0.0212601955901971,0.0007260965174224,0.0269461781598515
2026-02-18 20:09:07,ELM_Baseline,nonlinear_gradual_drift_16,,,,,,0.0171120711900806,0.0004537592325308,0.0213016251147841
2026-02-18 20:09:07,ELM_Baseline,nonlinear_gradual_drift_17,,,,,,0.017627193488011,0.0004927968885375,0.0221990289998815
2026-02-18 20:09:07,ELM_Baseline,nonlinear_gradual_drift_18,,,,,,0.0217488077496716,0.0007919347343786,0.0281413349786155
2026-02-18 20:09:07,ELM_Baseline,nonlinear_gradual_drift_19,,,,,,0.0189061947837287,0.0005623926600251,0.0237148194179334
2026-02-18 20:09:07,ELM_Baseline,nonlinear_gradual_drift_20,,,,,,0.0171317671187302,0.0004642434522932,0.0215463094819796
2026-02-18 20:09:07,ELM_Baseline,nonlinear_gradual_drift_21,,,,,,0.0159470817182652,0.0004092979618478,0.0202311137075508
2026-02-18 20:09:07,ELM_Baseline,nonlinear_gradual_drift_22,,,,,,0.0160991293770966,0.0004068691592235,0.0201709979729195
2026-02-18 20:09:07,ELM_Baseline,nonlinear_gradual_drift_23,,,,,,0.0170030811512299,0.0004592010496106,0.0214289768680321
2026-02-18 20:09:07,ELM_Baseline,nonlinear_gradual_drift_24,,,,,,0.0188540187904165,0.0005559430352683,0.0235784442927922
2026-02-18 20:09:07,ELM_Baseline,nonlinear_gradual_drift_25,,,,,,0.0165942874515894,0.0004282283700838,0.0206936794718544
2026-02-18 20:09:07,ELM_Baseline,nonlinear_gradual_drift_26,,,,,,0.0221933997566559,0.000765913741554,0.0276751466401548
2026-02-18 20:09:07,ELM_Baseline,nonlinear_gradual_drift_27,,,,,,0.0177142606913653,0.0004848076493534,0.0220183480159954
2026-02-18 20:09:08,ELM_Baseline,nonlinear_gradual_drift_28,,,,,,0.0177396779533054,0.0004903538147311,0.0221439340391709
2026-02-18 20:09:08,ELM_Baseline,nonlinear_gradual_drift_29,,,,,,0.0176172858670984,0.0004901909308272,0.0221402558889277
2026-02-18 20:09:08,ELM_Baseline,nonlinear_gradual_drift_30,,,,,,0.0198103978942814,0.0006277007210865,0.0250539561963092
2026-02-18 20:09:08,ELM_Baseline,nonlinear_abrupt_drift_1,,,,,,0.1156301664482923,0.0275318557895586,0.1659272605377389
2026-02-18 20:09:08,ELM_Baseline,nonlinear_abrupt_drift_2,,,,,,0.0322042460403233,0.0016264423878278,0.0403291753923609
2026-02-18 20:09:08,ELM_Baseline,nonlinear_abrupt_drift_3,,,,,,0.0578242192141204,0.0064655392838108,0.0804085771781275
2026-02-18 20:09:08,ELM_Baseline,nonlinear_abrupt_drift_4,,,,,,0.062481782504046,0.0061666637955846,0.0785281083153329
2026-02-18 20:09:08,ELM_Baseline,nonlinear_abrupt_drift_5,,,,,,0.0887741911867319,0.0270172093566186,0.164369125314393
2026-02-18 20:09:08,ELM_Baseline,nonlinear_abrupt_drift_6,,,,,,0.0477346836228923,0.0035860989409006,0.059884045796027
2026-02-18 20:09:08,ELM_Baseline,nonlinear_abrupt_drift_7,,,,,,0.0382068416939982,0.0023689609357661,0.0486719727950913
2026-02-18 20:09:08,ELM_Baseline,nonlinear_abrupt_drift_8,,,,,,0.0425786218296632,0.0025895103226628,0.0508872314305152
2026-02-18 20:09:08,ELM_Baseline,nonlinear_abrupt_drift_9,,,,,,0.0565211387269971,0.0051039897053681,0.0714422123493396
2026-02-18 20:09:08,ELM_Baseline,nonlinear_abrupt_drift_10,,,,,,0.0298624649337636,0.0014029284716287,0.0374556867728887
2026-02-18 20:09:08,ELM_Baseline,nonlinear_abrupt_drift_11,,,,,,0.0390710634274348,0.0022587178204274,0.0475259699577758
2026-02-18 20:09:09,ELM_Baseline,nonlinear_abrupt_drift_12,,,,,,0.0372520631097325,0.0021773633897115,0.0466622265833037
2026-02-18 20:09:09,ELM_Baseline,nonlinear_abrupt_drift_13,,,,,,0.0448944729543414,0.0031947866757828,0.0565224440004397
2026-02-18 20:09:09,ELM_Baseline,nonlinear_abrupt_drift_14,,,,,,0.0251673169413284,0.0009925384042936,0.0315045775133331
2026-02-18 20:09:09,ELM_Baseline,nonlinear_abrupt_drift_15,,,,,,0.0300257069699272,0.0014038103397473,0.0374674570760732
2026-02-18 20:09:09,ELM_Baseline,nonlinear_abrupt_drift_16,,,,,,0.0291054004637312,0.0013464185077244,0.0366935758372552
2026-02-18 20:09:09,ELM_Baseline,nonlinear_abrupt_drift_17,,,,,,0.1088329573426499,0.020516986015741,0.1432375160903772
2026-02-18 20:09:09,ELM_Baseline,nonlinear_abrupt_drift_18,,,,,,0.1219881401544798,0.0236513088912891,0.1537898205060698
2026-02-18 20:09:09,ELM_Baseline,nonlinear_abrupt_drift_19,,,,,,0.0811740942216115,0.0157083896891344,0.1253331148944062
2026-02-18 20:09:09,ELM_Baseline,nonlinear_abrupt_drift_20,,,,,,0.0897528372115302,0.0107687337533075,0.1037725096222864
2026-02-18 20:09:09,ELM_Baseline,nonlinear_abrupt_drift_21,,,,,,0.0273387769302196,0.0011683367153397,0.0341809408199915
2026-02-18 20:09:09,ELM_Baseline,nonlinear_abrupt_drift_22,,,,,,0.0402859889050255,0.0025027675920157,0.0500276682648291
2026-02-18 20:09:09,ELM_Baseline,nonlinear_abrupt_drift_23,,,,,,0.0380512033927846,0.0021291179150035,0.0461423657282929
2026-02-18 20:09:09,ELM_Baseline,nonlinear_abrupt_drift_24,,,,,,0.0265077318655076,0.0011100009401738,0.0333166766075767
2026-02-18 20:09:10,ELM_Baseline,nonlinear_abrupt_drift_25,,,,,,0.0375985177799196,0.0021701758320452,0.0465851460451214
2026-02-18 20:09:10,ELM_Baseline,nonlinear_abrupt_drift_26,,,,,,0.0644213822875993,0.0064824768785333,0.0805138303556188
2026-02-18 20:09:10,ELM_Baseline,nonlinear_abrupt_drift_27,,,,,,0.044599585607052,0.0030662140380328,0.0553734055123295
2026-02-18 20:09:10,ELM_Baseline,nonlinear_abrupt_drift_28,,,,,,0.0271154148624167,0.0011421396247991,0.0337955562877605
2026-02-18 20:09:10,ELM_Baseline,nonlinear_abrupt_drift_29,,,,,,0.0301450751109585,0.0014368908315649,0.0379063428935708
2026-02-18 20:09:10,ELM_Baseline,nonlinear_abrupt_drift_30,,,,,,0.0310297038670252,0.0016869576006924,0.0410725894081744
2026-02-18 20:45:47,LSTM_Baseline,GSPC,,34.65770147295929,2172.539984270267,46.61051366666395,0.0093985969198652,0.0094333076849579,0.0001741633750498,0.0131970972205947
2026-02-18 20:46:11,LSTM_Baseline,GSPC,,33.87749137972089,2114.73801335234,45.986280707971375,0.0091932505896047,0.0092243943363428,0.0001702973240753,0.0130498016872044
2026-02-18 20:46:37,LSTM_Baseline,GSPC,,36.90605261330796,2360.710630481333,48.5871447039372,0.0099913804524595,0.0100371502339839,0.0001869610132416,0.0136733687598071
2026-02-18 20:47:07,LSTM_Baseline,GSPC,,34.829379881330766,2186.1212526902214,46.75597558270196,0.009443914858708,0.0094794062897562,0.0001751400413922,0.0132340485639239
2026-02-18 20:47:26,LSTM_Baseline,GSPC,,33.72861746386709,2105.2687878173324,45.88320812473047,0.0091541953102165,0.0091848485171794,0.0001697074912954,0.0130271827842942
2026-02-18 20:47:44,LSTM_Baseline,GSPC,,31.04277218776634,1916.4172154137948,43.77690276177376,0.0084452187284751,0.0084610469639301,0.0001569951855344,0.012529771966579
2026-02-18 20:48:14,LSTM_Baseline,GSPC,,36.55454461170247,2327.9843619025373,48.24919027198837,0.0098979404243717,0.0099418638274073,0.0001846231898525,0.0135876116316508
2026-02-18 20:48:37,LSTM_Baseline,GSPC,,31.230091140480955,1928.5027607172644,43.914721457812576,0.0084946499975019,0.0085116727277636,0.0001577915536472,0.0125615108027361
2026-02-18 20:49:09,LSTM_Baseline,GSPC,,35.152635412358926,2209.269888770308,47.002871069439024,0.0095280980765444,0.0095650209113955,0.0001765495253494,0.0132871940359656
2026-02-18 20:49:41,LSTM_Baseline,GSPC,,32.84258340644859,2038.7630573276672,45.15266390067885,0.0089215657708389,0.0089471722021698,0.0001653330546105,0.0128581901763245
2026-02-18 20:50:25,LSTM_Baseline,GSPC,,32.47796072723028,2009.2614071202293,44.824785633845806,0.0088247440150946,0.0088479584082961,0.0001632104394957,0.0127753841232168
2026-02-18 20:50:57,LSTM_Baseline,GSPC,,31.48342707175081,1945.9239032232,44.1126274803848,0.0085625907235827,0.0085810786113142,0.0001590439060237,0.0126112610798336
2026-02-18 20:51:19,LSTM_Baseline,GSPC,,33.26269503620416,2075.51395925192,45.55780898212643,0.0090324793242128,0.0090613486245274,0.0001678499247645,0.0129556908254479
2026-02-18 20:51:51,LSTM_Baseline,GSPC,,36.26143249884951,2301.573946569965,47.97472195406623,0.0098211071000634,0.0098631121218204,0.0001829238899517,0.0135249358575847
2026-02-18 20:52:13,LSTM_Baseline,GSPC,,41.04853105175184,2736.270658538316,52.30937448047257,0.0110833345881141,0.0111478241160511,0.0002121012512361,0.0145636963452333
2026-02-18 20:52:33,LSTM_Baseline,GSPC,,34.95800744006815,2203.761670988214,46.94424001928473,0.0094785110603415,0.0095157027244567,0.0001764652552083,0.0132840225537415
2026-02-18 20:53:07,LSTM_Baseline,GSPC,,32.633542959031445,2023.9197750097044,44.987995899014045,0.0088662524794151,0.0088908616453409,0.0001642816350795,0.0128172397605542
2026-02-18 20:53:30,LSTM_Baseline,GSPC,,42.61900600496604,2889.026450885429,53.74966465835325,0.0114970549475246,0.0115687577053904,0.0002224063064204,0.0149132929435605
2026-02-18 20:54:00,LSTM_Baseline,GSPC,,33.26950678127533,2071.5338439705715,45.51410598891921,0.0090332843855261,0.0090616885572671,0.0001674110244493,0.0129387412235268
2026-02-18 20:54:27,LSTM_Baseline,GSPC,,33.075900488352254,2059.574959437789,45.38254024884228,0.0089835116037209,0.0090109314769506,0.0001667920296313,0.012914798861435
2026-02-18 20:54:54,LSTM_Baseline,GSPC,,29.920674580747136,1846.8017300490028,42.97443111955064,0.0081484393594634,0.0081560052931308,0.0001524098333902,0.0123454377561213
2026-02-18 20:55:15,LSTM_Baseline,GSPC,,44.35477791602492,3062.7371352594087,55.34200154728241,0.0119545073436507,0.0120339440181851,0.0002341475337743,0.0153018800731928
2026-02-18 20:55:41,LSTM_Baseline,GSPC,,34.2774048269956,2139.2041375436866,46.25153119134205,0.009296799824701,0.0093294102698564,0.000171686799149,0.0131029309373524
2026-02-18 20:56:25,LSTM_Baseline,GSPC,,32.91170829799651,2046.247395961668,45.23546612959424,0.0089403461205884,0.0089665865525603,0.000165916615515,0.0128808623746632
2026-02-18 20:56:51,LSTM_Baseline,GSPC,,36.82946539564242,2352.7020051690342,48.50465962326748,0.0099701121671943,0.0100156869739294,0.0001862306380644,0.0136466346790864
2026-02-18 20:57:21,LSTM_Baseline,GSPC,,37.67238733639249,2428.0377685246544,49.275123221810965,0.0101929762635119,0.0102425217628479,0.0001914296153699,0.0138358091693257
2026-02-18 20:57:50,LSTM_Baseline,GSPC,,31.505028735180264,1945.661249410335,44.1096502979828,0.0085691570814905,0.0085872253403067,0.0001590772299095,0.0126125822062573
2026-02-18 20:58:16,LSTM_Baseline,GSPC,,34.74249735844442,2181.032518458393,46.70152586863082,0.0094210286366205,0.009456442669034,0.0001747730129864,0.0132201744688338
2026-02-18 20:58:37,LSTM_Baseline,GSPC,,33.522987666546555,2090.097173577918,45.71758057441271,0.0090999246548711,0.0091295791789889,0.0001686787290964,0.0129876375487009
2026-02-18 20:59:06,LSTM_Baseline,GSPC,,33.39523340754406,2077.5688794771663,45.580356289493466,0.009065842368431,0.0090944245457649,0.0001677395630395,0.0129514309263302
2026-02-18 21:00:42,LSTM_Baseline,linear_gradual_drift_1,,,,,,0.0316632657791314,0.0016173681575531,0.040216515979795
2026-02-18 21:01:57,LSTM_Baseline,linear_gradual_drift_2,,,,,,0.0271285923194608,0.0011231693889607,0.0335137194140065
2026-02-18 21:03:56,LSTM_Baseline,linear_gradual_drift_3,,,,,,0.0322605328535614,0.001602578736447,0.0400322212279941
2026-02-18 21:06:01,LSTM_Baseline,linear_gradual_drift_4,,,,,,0.0329802429670102,0.0016341041955926,0.040424054665417
2026-02-18 21:07:32,LSTM_Baseline,linear_gradual_drift_5,,,,,,0.0300901886765606,0.0013885121333777,0.0372627445765573
2026-02-18 21:09:16,LSTM_Baseline,linear_gradual_drift_6,,,,,,0.0320712474911394,0.0015866672655086,0.0398329921736819
2026-02-18 21:10:49,LSTM_Baseline,linear_gradual_drift_7,,,,,,0.0282858678645449,0.001246774858021,0.03530969920604
2026-02-18 21:12:22,LSTM_Baseline,linear_gradual_drift_8,,,,,,0.0284698328983244,0.0012549008690041,0.0354245800116839
2026-02-18 21:13:59,LSTM_Baseline,linear_gradual_drift_9,,,,,,0.0257165177857437,0.0010347695220605,0.0321678336550747
2026-02-18 21:15:33,LSTM_Baseline,linear_gradual_drift_10,,,,,,0.0285449889944033,0.0012428653910436,0.035254296065071
2026-02-18 21:16:49,LSTM_Baseline,linear_gradual_drift_11,,,,,,0.0249107926092854,0.0009688695104915,0.0311266687985005
2026-02-18 21:18:22,LSTM_Baseline,linear_gradual_drift_12,,,,,,0.0271664884128706,0.0011522771606085,0.0339452082127736
2026-02-18 21:19:56,LSTM_Baseline,linear_gradual_drift_13,,,,,,0.0269759259352881,0.0011575761318033,0.0340231705136863
2026-02-18 21:21:30,LSTM_Baseline,linear_gradual_drift_14,,,,,,0.0278824850170044,0.0012249755777182,0.0349996511085221
2026-02-18 21:23:04,LSTM_Baseline,linear_gradual_drift_15,,,,,,0.0273130651897221,0.0012285212352013,0.0350502672629089
2026-02-18 21:24:38,LSTM_Baseline,linear_gradual_drift_16,,,,,,0.0251022092213835,0.0009882987872327,0.0314372197758122
2026-02-18 21:26:13,LSTM_Baseline,linear_gradual_drift_17,,,,,,0.0245540412554901,0.0009435520655046,0.0307172926135208
2026-02-18 21:27:46,LSTM_Baseline,linear_gradual_drift_18,,,,,,0.0535984177884145,0.0040494694151387,0.0636354415018764
2026-02-18 21:29:25,LSTM_Baseline,linear_gradual_drift_19,,,,,,0.0265096225838977,0.0010999259248721,0.0331651311601832
2026-02-18 21:30:59,LSTM_Baseline,linear_gradual_drift_20,,,,,,0.024280676152134,0.0009439349541184,0.0307235244416793
2026-02-18 21:32:20,LSTM_Baseline,linear_gradual_drift_21,,,,,,0.0351664861042595,0.0018279519791887,0.0427545550694748
2026-02-18 21:33:59,LSTM_Baseline,linear_gradual_drift_22,,,,,,0.0242873591167693,0.0009428768439409,0.0307062997435531
2026-02-18 21:35:37,LSTM_Baseline,linear_gradual_drift_23,,,,,,0.0292329605789864,0.0013231629203415,0.0363753064638843
2026-02-18 21:37:29,LSTM_Baseline,linear_gradual_drift_24,,,,,,0.0318953546987743,0.001540185086805,0.0392451918941046
2026-02-18 21:39:30,LSTM_Baseline,linear_gradual_drift_25,,,,,,0.0314797926910371,0.0015815861675338,0.0397691610111884
2026-02-18 21:41:33,LSTM_Baseline,linear_gradual_drift_26,,,,,,0.0258374823453288,0.0010569087262549,0.0325101326705218
2026-02-18 21:43:21,LSTM_Baseline,linear_gradual_drift_27,,,,,,0.0274449345404628,0.001189079094331,0.0344830261771072
2026-02-18 21:45:27,LSTM_Baseline,linear_gradual_drift_28,,,,,,0.0303597308495835,0.0014373920336252,0.0379129533751368
2026-02-18 21:47:20,LSTM_Baseline,linear_gradual_drift_29,,,,,,0.0285518394708483,0.0013023472375151,0.0360880484026935
2026-02-18 21:48:45,LSTM_Baseline,linear_gradual_drift_30,,,,,,0.0322954927692835,0.0016068711664072,0.0400857975648146
2026-02-18 21:51:50,LSTM_Baseline,linear_abrupt_drift_1,,,,,,0.042159466166008,0.0022744439790836,0.0476911310317088
2026-02-18 21:53:41,LSTM_Baseline,linear_abrupt_drift_2,,,,,,0.0264282605616441,0.0010472215770093,0.0323608030958646
2026-02-18 21:55:42,LSTM_Baseline,linear_abrupt_drift_3,,,,,,0.0284950043292201,0.00123623067792,0.03516007221153
2026-02-18 21:57:49,LSTM_Baseline,linear_abrupt_drift_4,,,,,,0.0360894312259989,0.0017667716841321,0.0420329832885103
2026-02-18 21:59:42,LSTM_Baseline,linear_abrupt_drift_5,,,,,,0.0198028130670438,0.0006072331287826,0.0246421007380186
2026-02-18 22:01:31,LSTM_Baseline,linear_abrupt_drift_6,,,,,,0.0232126626049453,0.000827631858168,0.0287685915221447
2026-02-18 22:03:31,LSTM_Baseline,linear_abrupt_drift_7,,,,,,0.022469302572602,0.0007853582335995,0.0280242436757806
2026-02-18 22:05:38,LSTM_Baseline,linear_abrupt_drift_8,,,,,,0.0314172615715007,0.0015428664206335,0.0392793383426146
2026-02-18 22:06:49,LSTM_Baseline,linear_abrupt_drift_9,,,,,,0.0280485525435014,0.0012436156451857,0.035264935065667
2026-02-18 22:07:23,LSTM_Baseline,linear_abrupt_drift_10,,,,,,0.139741152935711,0.0335086168178511,0.1830535900162877
2026-02-18 22:09:29,LSTM_Baseline,linear_abrupt_drift_11,,,,,,0.0416806405604035,0.0021999786509366,0.0469039300159024
2026-02-18 22:11:40,LSTM_Baseline,linear_abrupt_drift_12,,,,,,0.0226271498781352,0.0008095526982308,0.028452639565264
2026-02-18 22:13:08,LSTM_Baseline,linear_abrupt_drift_13,,,,,,0.0206014333924007,0.0006633251016348,0.0257550985561075
2026-02-18 22:15:04,LSTM_Baseline,linear_abrupt_drift_14,,,,,,0.0257825466215011,0.0009773765541039,0.0312630221524393
2026-02-18 22:17:02,LSTM_Baseline,linear_abrupt_drift_15,,,,,,0.0495591611021727,0.0031088074421803,0.0557566806955033
2026-02-18 22:18:58,LSTM_Baseline,linear_abrupt_drift_16,,,,,,0.0209418822843375,0.0006701494217858,0.025887244383785
2026-02-18 22:20:56,LSTM_Baseline,linear_abrupt_drift_17,,,,,,0.045920457880461,0.0027020143307264,0.0519809035197198
2026-02-18 22:22:54,LSTM_Baseline,linear_abrupt_drift_18,,,,,,0.0376860938086581,0.0018743112865805,0.0432933168812529
2026-02-18 22:25:02,LSTM_Baseline,linear_abrupt_drift_19,,,,,,0.0260829523832354,0.0010377712077912,0.0322144565031178
2026-02-18 22:27:22,LSTM_Baseline,linear_abrupt_drift_20,,,,,,0.0175607477710324,0.0004868389004094,0.0220644261291674
2026-02-18 22:29:33,LSTM_Baseline,linear_abrupt_drift_21,,,,,,0.0197562795793291,0.0006166059593243,0.0248315516898233
2026-02-18 22:30:01,LSTM_Baseline,linear_abrupt_drift_22,,,,,,0.1273630721413759,0.0178593039874803,0.1336387069208631
2026-02-18 22:31:48,LSTM_Baseline,linear_abrupt_drift_23,,,,,,0.0315857875431527,0.0014686107248163,0.0383224571865676
2026-02-18 22:32:42,LSTM_Baseline,linear_abrupt_drift_24,,,,,,0.1716185249497992,0.0386822113023237,0.1966779380162497
2026-02-18 22:34:40,LSTM_Baseline,linear_abrupt_drift_25,,,,,,0.0233389796916414,0.0008290698995144,0.0287935739274318
2026-02-18 22:36:33,LSTM_Baseline,linear_abrupt_drift_26,,,,,,0.0186110262045458,0.0005442832833576,0.0233298796258721
2026-02-18 22:38:42,LSTM_Baseline,linear_abrupt_drift_27,,,,,,0.0235106957779158,0.0008444714382214,0.0290597907463466
2026-02-18 22:40:42,LSTM_Baseline,linear_abrupt_drift_28,,,,,,0.0191964787257975,0.0005799370677956,0.0240818825633648
2026-02-18 22:42:29,LSTM_Baseline,linear_abrupt_drift_29,,,,,,0.0288195416065691,0.0011802990483023,0.0343554806152147
2026-02-18 22:43:48,LSTM_Baseline,linear_abrupt_drift_30,,,,,,0.0185151188807646,0.0005296461189275,0.0230140417773051
2026-02-18 22:44:54,LSTM_Baseline,nonlinear_gradual_drift_1,,,,,,0.0308447585249666,0.0013886821253622,0.0372650254979413
2026-02-18 22:45:58,LSTM_Baseline,nonlinear_gradual_drift_2,,,,,,0.0176577771301844,0.0004788521241849,0.0218826900582379
2026-02-18 22:46:56,LSTM_Baseline,nonlinear_gradual_drift_3,,,,,,0.0193903660919199,0.0006083101698656,0.0246639447344827
2026-02-18 22:47:55,LSTM_Baseline,nonlinear_gradual_drift_4,,,,,,0.0220512641779741,0.0007253899769511,0.0269330647522914
2026-02-18 22:49:31,LSTM_Baseline,nonlinear_gradual_drift_5,,,,,,0.0156689878880678,0.0003912497837968,0.0197800349796671
2026-02-18 22:50:24,LSTM_Baseline,nonlinear_gradual_drift_6,,,,,,0.0246651106177861,0.000884704032448,0.0297439747251118
2026-02-18 22:50:59,LSTM_Baseline,nonlinear_gradual_drift_7,,,,,,0.0181149740507854,0.0005202310321984,0.022808573655502
2026-02-18 22:52:01,LSTM_Baseline,nonlinear_gradual_drift_8,,,,,,0.0193496861072041,0.000576031092527,0.0240006477522382
2026-02-18 22:53:35,LSTM_Baseline,nonlinear_gradual_drift_9,,,,,,0.0168464575264322,0.0004440077966754,0.0210714925118136
2026-02-18 22:54:48,LSTM_Baseline,nonlinear_gradual_drift_10,,,,,,0.019779220230136,0.0006133264076593,0.0247654276696236
2026-02-18 22:56:19,LSTM_Baseline,nonlinear_gradual_drift_11,,,,,,0.0178747697926046,0.0004985636437713,0.02232853877376
2026-02-18 22:57:56,LSTM_Baseline,nonlinear_gradual_drift_12,,,,,,0.0173898698853487,0.0004721795902912,0.0217296937459138
2026-02-18 22:59:01,LSTM_Baseline,nonlinear_gradual_drift_13,,,,,,0.0242256638048881,0.0008677764130112,0.0294580449624754
2026-02-18 23:00:01,LSTM_Baseline,nonlinear_gradual_drift_14,,,,,,0.0247877743112382,0.0009089783008782,0.0301492670039969
2026-02-18 23:00:36,LSTM_Baseline,nonlinear_gradual_drift_15,,,,,,0.0344723507603209,0.0016198478341601,0.0402473332552629
2026-02-18 23:01:22,LSTM_Baseline,nonlinear_gradual_drift_16,,,,,,0.0240562124591376,0.000870726811955,0.029508080451887
2026-02-18 23:02:00,LSTM_Baseline,nonlinear_gradual_drift_17,,,,,,0.0353625728511331,0.0017122309472608,0.0413791124513419
2026-02-18 23:03:18,LSTM_Baseline,nonlinear_gradual_drift_18,,,,,,0.0273855637074714,0.0010874977448695,0.0329772307034641
2026-02-18 23:04:27,LSTM_Baseline,nonlinear_gradual_drift_19,,,,,,0.0169893741983864,0.0004530746245898,0.0212855496661422
2026-02-18 23:05:29,LSTM_Baseline,nonlinear_gradual_drift_20,,,,,,0.0228316100414074,0.0007682981404187,0.027718191507001
2026-02-18 23:08:03,LSTM_Baseline,nonlinear_gradual_drift_21,,,,,,0.0187884138009057,0.0005450810786733,0.0233469715096702
2026-02-18 23:10:45,LSTM_Baseline,nonlinear_gradual_drift_22,,,,,,0.0159561894039412,0.0003994009416729,0.0199850179302621
2026-02-18 23:12:18,LSTM_Baseline,nonlinear_gradual_drift_23,,,,,,0.0193331130876014,0.0005877155338997,0.0242428450042435
2026-02-18 23:14:33,LSTM_Baseline,nonlinear_gradual_drift_24,,,,,,0.0186755500792258,0.0005378708706647,0.0231920432619619
2026-02-18 23:15:37,LSTM_Baseline,nonlinear_gradual_drift_25,,,,,,0.0163493728856944,0.0004178586369928,0.0204415908625744
2026-02-18 23:16:56,LSTM_Baseline,nonlinear_gradual_drift_26,,,,,,0.0241132373778664,0.000862652384201,0.0293709445575223
2026-02-18 23:17:34,LSTM_Baseline,nonlinear_gradual_drift_27,,,,,,0.0191882001505425,0.0005670950309648,0.0238137571786748
2026-02-18 23:18:43,LSTM_Baseline,nonlinear_gradual_drift_28,,,,,,0.0190304378382524,0.0005507616293543,0.0234683111738854
2026-02-18 23:19:47,LSTM_Baseline,nonlinear_gradual_drift_29,,,,,,0.0229661751040262,0.0007902543008266,0.028111462089807
2026-02-18 23:21:03,LSTM_Baseline,nonlinear_gradual_drift_30,,,,,,0.0221867551995282,0.0007532727105935,0.0274458140814503
2026-02-18 23:22:38,LSTM_Baseline,nonlinear_abrupt_drift_1,,,,,,0.1626944969594179,0.029692127214347,0.1723140366143949
2026-02-18 23:24:15,LSTM_Baseline,nonlinear_abrupt_drift_2,,,,,,0.0565100931524631,0.0041813770708876,0.0646635683432923
2026-02-18 23:26:24,LSTM_Baseline,nonlinear_abrupt_drift_3,,,,,,0.0610012276006104,0.0053591794599246,0.0732064167947364
2026-02-18 23:28:36,LSTM_Baseline,nonlinear_abrupt_drift_4,,,,,,0.1209513607015561,0.0165434253423749,0.128621247631855
2026-02-18 23:29:00,LSTM_Baseline,nonlinear_abrupt_drift_5,,,,,,0.1557947308370815,0.0277824143269967,0.1666805757339372
2026-02-18 23:30:36,LSTM_Baseline,nonlinear_abrupt_drift_6,,,,,,0.0890322476803956,0.0090670443122764,0.0952210287293541
2026-02-18 23:32:13,LSTM_Baseline,nonlinear_abrupt_drift_7,,,,,,0.0894480839743686,0.0093447373999135,0.0966681819416997
2026-02-18 23:33:56,LSTM_Baseline,nonlinear_abrupt_drift_8,,,,,,0.0394179707570291,0.0021771264535125,0.0466596876705424
2026-02-18 23:35:31,LSTM_Baseline,nonlinear_abrupt_drift_9,,,,,,0.0575490326414156,0.0043986958159262,0.0663226644211932
2026-02-18 23:37:12,LSTM_Baseline,nonlinear_abrupt_drift_10,,,,,,0.0648003370810992,0.0057521853245355,0.0758431626749278
2026-02-18 23:38:49,LSTM_Baseline,nonlinear_abrupt_drift_11,,,,,,0.0678763189922026,0.0055021828225442,0.0741766999976692
2026-02-18 23:39:53,LSTM_Baseline,nonlinear_abrupt_drift_12,,,,,,0.1109440482240226,0.0153261878177917,0.1237989814893151
2026-02-18 23:41:31,LSTM_Baseline,nonlinear_abrupt_drift_13,,,,,,0.0435638775273184,0.0026051170292956,0.0510403470726405
2026-02-18 23:43:07,LSTM_Baseline,nonlinear_abrupt_drift_14,,,,,,0.0713913139417542,0.0063201081510993,0.0794991078635435
2026-02-18 23:44:44,LSTM_Baseline,nonlinear_abrupt_drift_15,,,,,,0.0416085980801127,0.0024270380964927,0.0492649783973635
2026-02-18 23:46:21,LSTM_Baseline,nonlinear_abrupt_drift_16,,,,,,0.0755071438449112,0.0071362099792642,0.0844760911694202
2026-02-18 23:46:40,LSTM_Baseline,nonlinear_abrupt_drift_17,,,,,,0.2195657454291779,0.0623083806142073,0.2496164670333417
2026-02-18 23:48:16,LSTM_Baseline,nonlinear_abrupt_drift_18,,,,,,0.1937454208302138,0.0400880069379845,0.2002198964588299
2026-02-18 23:49:46,LSTM_Baseline,nonlinear_abrupt_drift_19,,,,,,0.0374829882914696,0.0031403451683248,0.0560387827163016
2026-02-18 23:51:20,LSTM_Baseline,nonlinear_abrupt_drift_20,,,,,,0.0426484428898173,0.0025306859326442,0.0503059234349617
2026-02-18 23:53:02,LSTM_Baseline,nonlinear_abrupt_drift_21,,,,,,0.0417828895508943,0.0024138801881534,0.0491312546975292
2026-02-18 23:54:34,LSTM_Baseline,nonlinear_abrupt_drift_22,,,,,,0.0407487319668333,0.0022571618496391,0.0475095974476644
2026-02-18 23:56:10,LSTM_Baseline,nonlinear_abrupt_drift_23,,,,,,0.0680188716497852,0.0060055063209172,0.0774952019219076
2026-02-18 23:56:31,LSTM_Baseline,nonlinear_abrupt_drift_24,,,,,,0.1725773850270851,0.0462449323336199,0.2150463492682914
2026-02-18 23:58:13,LSTM_Baseline,nonlinear_abrupt_drift_25,,,,,,0.0465326103962845,0.0030173370592159,0.0549302927282929
2026-02-18 23:59:55,LSTM_Baseline,nonlinear_abrupt_drift_26,,,,,,0.0736701616349531,0.0068363351092775,0.0826821329507021
2026-02-19 00:01:39,LSTM_Baseline,nonlinear_abrupt_drift_27,,,,,,0.0709662071616206,0.0062192740179913,0.0788623739053758
2026-02-19 00:03:16,LSTM_Baseline,nonlinear_abrupt_drift_28,,,,,,0.060422599420835,0.0046767782035963,0.0683869739321481
2026-02-19 00:04:57,LSTM_Baseline,nonlinear_abrupt_drift_29,,,,,,0.0599023459950883,0.0045916325041746,0.0677615857560512
2026-02-19 00:06:34,LSTM_Baseline,nonlinear_abrupt_drift_30,,,,,,0.05124660535781228,0.0037524162590722963,0.06125696906534224
