timestamp,model,dataset,notes,MAE,MSE,RMSE,MAPE,Return_MAE,Return_MSE,Return_RMSE,num_drifts_detected,total_retrain_time,average_retrain_time,detect_true_positives,detect_false_positives,detect_false_negatives,detect_precision,detect_recall,detect_f1_score,detect_avg_detection_delay
2026-02-18 15:55:27,ARIMA_Baseline,GSPC,,522.7301876731053,498759.3098636096,706.2289358725042,0.1196626157295013,0.0078336084055899,0.0001467400583824,0.0121136310981676,,,,,,,,,,
2026-02-18 16:05:06,ARIMA_Baseline,linear_gradual_drift_1,,,,,,0.2912635426084404,0.149084924685389,0.3861151702347229,,,,,,,,,,
2026-02-18 16:08:16,ARIMA_Baseline,linear_gradual_drift_2,,,,,,0.1388311413695997,0.0304094670108533,0.1743831041438744,,,,,,,,,,
2026-02-18 16:11:16,ARIMA_Baseline,linear_gradual_drift_3,,,,,,0.2441965828608916,0.0906747998973431,0.30112256623731,,,,,,,,,,
2026-02-18 16:14:14,ARIMA_Baseline,linear_gradual_drift_4,,,,,,0.3576482607166875,0.1760679015068441,0.4196044583972436,,,,,,,,,,
2026-02-18 16:16:58,ARIMA_Baseline,linear_gradual_drift_5,,,,,,0.0940533002670392,0.0145929451949259,0.1208012632174264,,,,,,,,,,
2026-02-18 16:19:36,ARIMA_Baseline,linear_gradual_drift_6,,,,,,0.3341882260953896,0.1464692979519173,0.3827130752298872,,,,,,,,,,
2026-02-18 16:22:25,ARIMA_Baseline,linear_gradual_drift_7,,,,,,0.3603300811942851,0.1451350993122882,0.3809660080798394,,,,,,,,,,
2026-02-18 16:26:40,ARIMA_Baseline,linear_gradual_drift_8,,,,,,0.0791363327769733,0.0098138886055041,0.0990650725811278,,,,,,,,,,
2026-02-18 16:30:21,ARIMA_Baseline,linear_gradual_drift_9,,,,,,0.281999989429079,0.1331584704168386,0.3649088522039972,,,,,,,,,,
2026-02-18 16:33:09,ARIMA_Baseline,linear_gradual_drift_10,,,,,,0.1767898086874858,0.0514158745670029,0.2267506881290615,,,,,,,,,,
2026-02-18 16:36:21,ARIMA_Baseline,linear_gradual_drift_11,,,,,,0.2122145049592016,0.0542066396236079,0.2328231939124793,,,,,,,,,,
2026-02-18 16:39:32,ARIMA_Baseline,linear_gradual_drift_12,,,,,,0.1383264687414969,0.0328214820658047,0.1811670004879606,,,,,,,,,,
2026-02-18 16:42:24,ARIMA_Baseline,linear_gradual_drift_13,,,,,,0.1848812039522054,0.0605416939857104,0.2460522180060778,,,,,,,,,,
2026-02-18 16:46:33,ARIMA_Baseline,linear_gradual_drift_14,,,,,,0.3345173392201235,0.1503889714507356,0.387800169482603,,,,,,,,,,
2026-02-18 16:49:26,ARIMA_Baseline,linear_gradual_drift_15,,,,,,0.1334383083289195,0.0290885800599084,0.1705537453705091,,,,,,,,,,
2026-02-18 16:52:26,ARIMA_Baseline,linear_gradual_drift_16,,,,,,0.1226455223388147,0.0236932301150811,0.153926054048953,,,,,,,,,,
2026-02-18 16:54:48,ARIMA_Baseline,linear_gradual_drift_17,,,,,,0.1334898523938428,0.026195820429683,0.1618512293116214,,,,,,,,,,
2026-02-18 16:58:30,ARIMA_Baseline,linear_gradual_drift_18,,,,,,0.3504030563953904,0.1673679384821869,0.4091062679575893,,,,,,,,,,
2026-02-18 17:01:18,ARIMA_Baseline,linear_gradual_drift_19,,,,,,0.1627875796893757,0.0384367429603973,0.1960529085741841,,,,,,,,,,
2026-02-18 17:04:54,ARIMA_Baseline,linear_gradual_drift_20,,,,,,0.1915077326990408,0.046922938987326,0.2166170330037,,,,,,,,,,
2026-02-18 17:08:20,ARIMA_Baseline,linear_gradual_drift_21,,,,,,0.1854816406851314,0.0446728789062461,0.2113595962009913,,,,,,,,,,
2026-02-18 17:11:44,ARIMA_Baseline,linear_gradual_drift_22,,,,,,0.0804379146328411,0.0101814601332251,0.1009032216196549,,,,,,,,,,
2026-02-18 17:14:47,ARIMA_Baseline,linear_gradual_drift_23,,,,,,0.3147439375692752,0.1245452273658707,0.3529096589296909,,,,,,,,,,
2026-02-18 17:17:05,ARIMA_Baseline,linear_gradual_drift_24,,,,,,0.311750347154387,0.1365733016440229,0.3695582520307495,,,,,,,,,,
2026-02-18 17:19:37,ARIMA_Baseline,linear_gradual_drift_25,,,,,,0.2275899935209684,0.074069357130185,0.2721568612586958,,,,,,,,,,
2026-02-18 17:23:19,ARIMA_Baseline,linear_gradual_drift_26,,,,,,0.1310654607491663,0.0242816291925782,0.155825637147994,,,,,,,,,,
2026-02-18 17:26:06,ARIMA_Baseline,linear_gradual_drift_27,,,,,,0.177008622769878,0.0449062074185543,0.2119108478076438,,,,,,,,,,
2026-02-18 17:28:54,ARIMA_Baseline,linear_gradual_drift_28,,,,,,0.1989688074217779,0.0539566892728487,0.2322857922320018,,,,,,,,,,
2026-02-18 17:32:09,ARIMA_Baseline,linear_gradual_drift_29,,,,,,0.1417684980755356,0.0285275236031631,0.1689009283667889,,,,,,,,,,
2026-02-18 17:34:36,ARIMA_Baseline,linear_gradual_drift_30,,,,,,0.2245740130246923,0.0705354097266606,0.2655850329492621,,,,,,,,,,
2026-02-18 17:37:29,ARIMA_Baseline,linear_abrupt_drift_1,,,,,,0.222882414967631,0.0860766901741481,0.2933882924967322,,,,,,,,,,
2026-02-18 17:41:26,ARIMA_Baseline,linear_abrupt_drift_2,,,,,,0.1210453530980118,0.0225959051372956,0.150319343855991,,,,,,,,,,
2026-02-18 17:44:46,ARIMA_Baseline,linear_abrupt_drift_3,,,,,,0.2012953445798727,0.0567855370997985,0.2382971613339079,,,,,,,,,,
2026-02-18 17:46:45,ARIMA_Baseline,linear_abrupt_drift_4,,,,,,0.27730823613422,0.1024814196520619,0.3201271929281576,,,,,,,,,,
2026-02-18 17:49:38,ARIMA_Baseline,linear_abrupt_drift_5,,,,,,0.128736522788581,0.0259737869296419,0.1611638511876716,,,,,,,,,,
2026-02-18 17:53:03,ARIMA_Baseline,linear_abrupt_drift_6,,,,,,0.2395020307733713,0.0747060845891967,0.2733241383215115,,,,,,,,,,
2026-02-18 17:55:49,ARIMA_Baseline,linear_abrupt_drift_7,,,,,,0.2872540491595344,0.0935161632660928,0.3058041256525047,,,,,,,,,,
2026-02-18 17:57:48,ARIMA_Baseline,linear_abrupt_drift_8,,,,,,0.1327150438812315,0.0244586400601044,0.1563925831364916,,,,,,,,,,
2026-02-18 18:00:39,ARIMA_Baseline,linear_abrupt_drift_9,,,,,,0.2796496222559136,0.1217294146028226,0.3488974270510211,,,,,,,,,,
2026-02-18 18:03:32,ARIMA_Baseline,linear_abrupt_drift_10,,,,,,0.1362272215491052,0.0300121608761351,0.1732401826255534,,,,,,,,,,
2026-02-18 18:07:09,ARIMA_Baseline,linear_abrupt_drift_11,,,,,,0.2613346179484534,0.0758462730595773,0.275402020797919,,,,,,,,,,
2026-02-18 18:09:13,ARIMA_Baseline,linear_abrupt_drift_12,,,,,,0.1424523335564476,0.0427366520649602,0.2067284500618147,,,,,,,,,,
2026-02-18 18:11:58,ARIMA_Baseline,linear_abrupt_drift_13,,,,,,0.1595513067457811,0.0449759163147625,0.2120752609682764,,,,,,,,,,
2026-02-18 18:13:48,ARIMA_Baseline,linear_abrupt_drift_14,,,,,,0.3661851137861862,0.1673971883743573,0.4091420149219061,,,,,,,,,,
2026-02-18 18:15:43,ARIMA_Baseline,linear_abrupt_drift_15,,,,,,0.1268285656329149,0.0251241167048521,0.1585058885494547,,,,,,,,,,
2026-02-18 18:18:36,ARIMA_Baseline,linear_abrupt_drift_16,,,,,,0.1037029824868873,0.0175829022118641,0.1326005362427474,,,,,,,,,,
2026-02-18 18:20:37,ARIMA_Baseline,linear_abrupt_drift_17,,,,,,0.1051023352354144,0.0172525129762963,0.1313488217545036,,,,,,,,,,
2026-02-18 18:23:25,ARIMA_Baseline,linear_abrupt_drift_18,,,,,,0.1765497660809155,0.0516542805054681,0.2272757807278817,,,,,,,,,,
2026-02-18 18:25:16,ARIMA_Baseline,linear_abrupt_drift_19,,,,,,0.130966236786184,0.0229535350816387,0.1515042411341636,,,,,,,,,,
2026-02-18 18:28:09,ARIMA_Baseline,linear_abrupt_drift_20,,,,,,0.1796847570582742,0.0405172633533485,0.2012890045515366,,,,,,,,,,
2026-02-18 18:30:55,ARIMA_Baseline,linear_abrupt_drift_21,,,,,,0.1063591272375267,0.0165652254282342,0.1287059650064218,,,,,,,,,,
2026-02-18 18:34:03,ARIMA_Baseline,linear_abrupt_drift_22,,,,,,0.070051298717517,0.0071027399287689,0.084277754649545,,,,,,,,,,
2026-02-18 18:35:49,ARIMA_Baseline,linear_abrupt_drift_23,,,,,,0.3777310540759387,0.1679627625572782,0.4098326030921384,,,,,,,,,,
2026-02-18 18:38:17,ARIMA_Baseline,linear_abrupt_drift_24,,,,,,0.2789373607863248,0.1061196662754248,0.3257601361054247,,,,,,,,,,
2026-02-18 18:40:42,ARIMA_Baseline,linear_abrupt_drift_25,,,,,,0.1916153093159029,0.0496243875956332,0.2227653195531864,,,,,,,,,,
2026-02-18 18:42:58,ARIMA_Baseline,linear_abrupt_drift_26,,,,,,0.122877246528845,0.020650872691624,0.1437041150824292,,,,,,,,,,
2026-02-18 18:45:21,ARIMA_Baseline,linear_abrupt_drift_27,,,,,,0.1367446412014647,0.0271647072006911,0.1648171932799825,,,,,,,,,,
2026-02-18 18:48:11,ARIMA_Baseline,linear_abrupt_drift_28,,,,,,0.1223664318422405,0.0210257214510423,0.1450024877408739,,,,,,,,,,
2026-02-18 18:50:10,ARIMA_Baseline,linear_abrupt_drift_29,,,,,,0.6522328743824589,0.6191423249692508,0.7868559747306052,,,,,,,,,,
2026-02-18 18:53:16,ARIMA_Baseline,linear_abrupt_drift_30,,,,,,0.1486691514358136,0.0337141071986947,0.1836140168905813,,,,,,,,,,
2026-02-18 18:54:15,ARIMA_Baseline,nonlinear_gradual_drift_1,,,,,,0.1454045319832667,0.0274294653028388,0.1656184328595065,,,,,,,,,,
2026-02-18 18:56:11,ARIMA_Baseline,nonlinear_gradual_drift_2,,,,,,0.123931182434355,0.0188336553450956,0.1372357655463606,,,,,,,,,,
2026-02-18 18:57:42,ARIMA_Baseline,nonlinear_gradual_drift_3,,,,,,0.1345505732832832,0.0237959654797391,0.1542594096959377,,,,,,,,,,
2026-02-18 18:59:28,ARIMA_Baseline,nonlinear_gradual_drift_4,,,,,,0.1247492533186041,0.0181817010468882,0.1348395381440036,,,,,,,,,,
2026-02-18 19:00:36,ARIMA_Baseline,nonlinear_gradual_drift_5,,,,,,0.1396663047221535,0.0219537921162137,0.1481681211199417,,,,,,,,,,
2026-02-18 19:01:35,ARIMA_Baseline,nonlinear_gradual_drift_6,,,,,,0.1211348979334378,0.0169276957485244,0.1301064785032797,,,,,,,,,,
2026-02-18 19:02:58,ARIMA_Baseline,nonlinear_gradual_drift_7,,,,,,0.1258201834076971,0.0188193536682441,0.1371836494201991,,,,,,,,,,
2026-02-18 19:04:18,ARIMA_Baseline,nonlinear_gradual_drift_8,,,,,,0.147832581904178,0.0238745431206664,0.1545138929697469,,,,,,,,,,
2026-02-18 19:05:26,ARIMA_Baseline,nonlinear_gradual_drift_9,,,,,,0.1585640239121915,0.0292305336304431,0.1709693938412462,,,,,,,,,,
2026-02-18 19:06:48,ARIMA_Baseline,nonlinear_gradual_drift_10,,,,,,0.1125990341732015,0.0160486306641445,0.1266831901403834,,,,,,,,,,
2026-02-18 19:08:51,ARIMA_Baseline,nonlinear_gradual_drift_11,,,,,,0.1504738655352666,0.0246695421443089,0.1570654072172131,,,,,,,,,,
2026-02-18 19:10:52,ARIMA_Baseline,nonlinear_gradual_drift_12,,,,,,0.1588371682549046,0.028922212758287,0.1700653190932443,,,,,,,,,,
2026-02-18 19:13:35,ARIMA_Baseline,nonlinear_gradual_drift_13,,,,,,0.0992135347781717,0.0124131792366674,0.1114144480606866,,,,,,,,,,
2026-02-18 19:15:46,ARIMA_Baseline,nonlinear_gradual_drift_14,,,,,,0.171225436025471,0.0334123127886592,0.1827903520119681,,,,,,,,,,
2026-02-18 19:16:45,ARIMA_Baseline,nonlinear_gradual_drift_15,,,,,,0.1038043557208042,0.0141636036799301,0.1190109393288288,,,,,,,,,,
2026-02-18 19:18:42,ARIMA_Baseline,nonlinear_gradual_drift_16,,,,,,0.1101237338546853,0.0154734024276953,0.1243921316952779,,,,,,,,,,
2026-02-18 19:20:23,ARIMA_Baseline,nonlinear_gradual_drift_17,,,,,,0.1036620621658613,0.0136446861581907,0.1168104710982315,,,,,,,,,,
2026-02-18 19:22:27,ARIMA_Baseline,nonlinear_gradual_drift_18,,,,,,0.0930216306074464,0.0140404279281,0.1184923116835013,,,,,,,,,,
2026-02-18 19:23:52,ARIMA_Baseline,nonlinear_gradual_drift_19,,,,,,0.1032014373602105,0.0132679182590974,0.1151864499804447,,,,,,,,,,
2026-02-18 19:25:21,ARIMA_Baseline,nonlinear_gradual_drift_20,,,,,,0.1313165653187986,0.0199840103254092,0.1413648128970191,,,,,,,,,,
2026-02-18 19:27:13,ARIMA_Baseline,nonlinear_gradual_drift_21,,,,,,0.1364867116439912,0.0211581852893066,0.1454585346045622,,,,,,,,,,
2026-02-18 19:29:16,ARIMA_Baseline,nonlinear_gradual_drift_22,,,,,,0.1199834615342022,0.0161869498672106,0.127227944521676,,,,,,,,,,
2026-02-18 19:32:00,ARIMA_Baseline,nonlinear_gradual_drift_23,,,,,,0.0588741764368458,0.0060160305517725,0.0775630746668321,,,,,,,,,,
2026-02-18 19:35:22,ARIMA_Baseline,nonlinear_gradual_drift_24,,,,,,0.1258660982423143,0.0223276206178235,0.1494242972806749,,,,,,,,,,
2026-02-18 19:36:30,ARIMA_Baseline,nonlinear_gradual_drift_25,,,,,,0.0909720121171049,0.0102710954654642,0.1013464131849976,,,,,,,,,,
2026-02-18 19:39:00,ARIMA_Baseline,nonlinear_gradual_drift_26,,,,,,0.11242568038442,0.0172890455126056,0.1314878150727499,,,,,,,,,,
2026-02-18 19:40:41,ARIMA_Baseline,nonlinear_gradual_drift_27,,,,,,0.1222123897705078,0.0181427807868811,0.1346951401754391,,,,,,,,,,
2026-02-18 19:42:36,ARIMA_Baseline,nonlinear_gradual_drift_28,,,,,,0.102251769593104,0.0129979858324817,0.1140087094588906,,,,,,,,,,
2026-02-18 19:45:09,ARIMA_Baseline,nonlinear_gradual_drift_29,,,,,,0.1344522111793128,0.0213692552941047,0.1461822673722937,,,,,,,,,,
2026-02-18 19:48:08,ARIMA_Baseline,nonlinear_gradual_drift_30,,,,,,0.1430761706511749,0.0237363148205264,0.1540659430910234,,,,,,,,,,
2026-02-18 20:45:47,LSTM_Baseline,GSPC,,34.65770147295929,2172.539984270267,46.61051366666395,0.0093985969198652,0.0094333076849579,0.0001741633750498,0.0131970972205947,,,,,,,,,,
2026-02-18 20:46:11,LSTM_Baseline,GSPC,,33.87749137972089,2114.73801335234,45.986280707971375,0.0091932505896047,0.0092243943363428,0.0001702973240753,0.0130498016872044,,,,,,,,,,
2026-02-18 20:46:37,LSTM_Baseline,GSPC,,36.90605261330796,2360.710630481333,48.5871447039372,0.0099913804524595,0.0100371502339839,0.0001869610132416,0.0136733687598071,,,,,,,,,,
2026-02-18 20:47:07,LSTM_Baseline,GSPC,,34.829379881330766,2186.1212526902214,46.75597558270196,0.009443914858708,0.0094794062897562,0.0001751400413922,0.0132340485639239,,,,,,,,,,
2026-02-18 20:47:26,LSTM_Baseline,GSPC,,33.72861746386709,2105.2687878173324,45.88320812473047,0.0091541953102165,0.0091848485171794,0.0001697074912954,0.0130271827842942,,,,,,,,,,
2026-02-18 20:47:44,LSTM_Baseline,GSPC,,31.04277218776634,1916.4172154137948,43.77690276177376,0.0084452187284751,0.0084610469639301,0.0001569951855344,0.012529771966579,,,,,,,,,,
2026-02-18 20:48:14,LSTM_Baseline,GSPC,,36.55454461170247,2327.9843619025373,48.24919027198837,0.0098979404243717,0.0099418638274073,0.0001846231898525,0.0135876116316508,,,,,,,,,,
2026-02-18 20:48:37,LSTM_Baseline,GSPC,,31.230091140480955,1928.5027607172644,43.914721457812576,0.0084946499975019,0.0085116727277636,0.0001577915536472,0.0125615108027361,,,,,,,,,,
2026-02-18 20:49:09,LSTM_Baseline,GSPC,,35.152635412358926,2209.269888770308,47.002871069439024,0.0095280980765444,0.0095650209113955,0.0001765495253494,0.0132871940359656,,,,,,,,,,
2026-02-18 20:49:41,LSTM_Baseline,GSPC,,32.84258340644859,2038.7630573276672,45.15266390067885,0.0089215657708389,0.0089471722021698,0.0001653330546105,0.0128581901763245,,,,,,,,,,
2026-02-18 20:50:25,LSTM_Baseline,GSPC,,32.47796072723028,2009.2614071202293,44.824785633845806,0.0088247440150946,0.0088479584082961,0.0001632104394957,0.0127753841232168,,,,,,,,,,
2026-02-18 20:50:57,LSTM_Baseline,GSPC,,31.48342707175081,1945.9239032232,44.1126274803848,0.0085625907235827,0.0085810786113142,0.0001590439060237,0.0126112610798336,,,,,,,,,,
2026-02-18 20:51:19,LSTM_Baseline,GSPC,,33.26269503620416,2075.51395925192,45.55780898212643,0.0090324793242128,0.0090613486245274,0.0001678499247645,0.0129556908254479,,,,,,,,,,
2026-02-18 20:51:51,LSTM_Baseline,GSPC,,36.26143249884951,2301.573946569965,47.97472195406623,0.0098211071000634,0.0098631121218204,0.0001829238899517,0.0135249358575847,,,,,,,,,,
2026-02-18 20:52:13,LSTM_Baseline,GSPC,,41.04853105175184,2736.270658538316,52.30937448047257,0.0110833345881141,0.0111478241160511,0.0002121012512361,0.0145636963452333,,,,,,,,,,
2026-02-18 20:52:33,LSTM_Baseline,GSPC,,34.95800744006815,2203.761670988214,46.94424001928473,0.0094785110603415,0.0095157027244567,0.0001764652552083,0.0132840225537415,,,,,,,,,,
2026-02-18 20:53:07,LSTM_Baseline,GSPC,,32.633542959031445,2023.9197750097044,44.987995899014045,0.0088662524794151,0.0088908616453409,0.0001642816350795,0.0128172397605542,,,,,,,,,,
2026-02-18 20:53:30,LSTM_Baseline,GSPC,,42.61900600496604,2889.026450885429,53.74966465835325,0.0114970549475246,0.0115687577053904,0.0002224063064204,0.0149132929435605,,,,,,,,,,
2026-02-18 20:54:00,LSTM_Baseline,GSPC,,33.26950678127533,2071.5338439705715,45.51410598891921,0.0090332843855261,0.0090616885572671,0.0001674110244493,0.0129387412235268,,,,,,,,,,
2026-02-18 20:54:27,LSTM_Baseline,GSPC,,33.075900488352254,2059.574959437789,45.38254024884228,0.0089835116037209,0.0090109314769506,0.0001667920296313,0.012914798861435,,,,,,,,,,
2026-02-18 20:54:54,LSTM_Baseline,GSPC,,29.920674580747136,1846.8017300490028,42.97443111955064,0.0081484393594634,0.0081560052931308,0.0001524098333902,0.0123454377561213,,,,,,,,,,
2026-02-18 20:55:15,LSTM_Baseline,GSPC,,44.35477791602492,3062.7371352594087,55.34200154728241,0.0119545073436507,0.0120339440181851,0.0002341475337743,0.0153018800731928,,,,,,,,,,
2026-02-18 20:55:41,LSTM_Baseline,GSPC,,34.2774048269956,2139.2041375436866,46.25153119134205,0.009296799824701,0.0093294102698564,0.000171686799149,0.0131029309373524,,,,,,,,,,
2026-02-18 20:56:25,LSTM_Baseline,GSPC,,32.91170829799651,2046.247395961668,45.23546612959424,0.0089403461205884,0.0089665865525603,0.000165916615515,0.0128808623746632,,,,,,,,,,
2026-02-18 20:56:51,LSTM_Baseline,GSPC,,36.82946539564242,2352.7020051690342,48.50465962326748,0.0099701121671943,0.0100156869739294,0.0001862306380644,0.0136466346790864,,,,,,,,,,
2026-02-18 20:57:21,LSTM_Baseline,GSPC,,37.67238733639249,2428.0377685246544,49.275123221810965,0.0101929762635119,0.0102425217628479,0.0001914296153699,0.0138358091693257,,,,,,,,,,
2026-02-18 20:57:50,LSTM_Baseline,GSPC,,31.505028735180264,1945.661249410335,44.1096502979828,0.0085691570814905,0.0085872253403067,0.0001590772299095,0.0126125822062573,,,,,,,,,,
2026-02-18 20:58:16,LSTM_Baseline,GSPC,,34.74249735844442,2181.032518458393,46.70152586863082,0.0094210286366205,0.009456442669034,0.0001747730129864,0.0132201744688338,,,,,,,,,,
2026-02-18 20:58:37,LSTM_Baseline,GSPC,,33.522987666546555,2090.097173577918,45.71758057441271,0.0090999246548711,0.0091295791789889,0.0001686787290964,0.0129876375487009,,,,,,,,,,
2026-02-18 20:59:06,LSTM_Baseline,GSPC,,33.39523340754406,2077.5688794771663,45.580356289493466,0.009065842368431,0.0090944245457649,0.0001677395630395,0.0129514309263302,,,,,,,,,,
2026-02-18 21:00:42,LSTM_Baseline,linear_gradual_drift_1,,,,,,0.0316632657791314,0.0016173681575531,0.040216515979795,,,,,,,,,,
2026-02-18 21:01:57,LSTM_Baseline,linear_gradual_drift_2,,,,,,0.0271285923194608,0.0011231693889607,0.0335137194140065,,,,,,,,,,
2026-02-18 21:03:56,LSTM_Baseline,linear_gradual_drift_3,,,,,,0.0322605328535614,0.001602578736447,0.0400322212279941,,,,,,,,,,
2026-02-18 21:06:01,LSTM_Baseline,linear_gradual_drift_4,,,,,,0.0329802429670102,0.0016341041955926,0.040424054665417,,,,,,,,,,
2026-02-18 21:07:32,LSTM_Baseline,linear_gradual_drift_5,,,,,,0.0300901886765606,0.0013885121333777,0.0372627445765573,,,,,,,,,,
2026-02-18 21:09:16,LSTM_Baseline,linear_gradual_drift_6,,,,,,0.0320712474911394,0.0015866672655086,0.0398329921736819,,,,,,,,,,
2026-02-18 21:10:49,LSTM_Baseline,linear_gradual_drift_7,,,,,,0.0282858678645449,0.001246774858021,0.03530969920604,,,,,,,,,,
2026-02-18 21:12:22,LSTM_Baseline,linear_gradual_drift_8,,,,,,0.0284698328983244,0.0012549008690041,0.0354245800116839,,,,,,,,,,
2026-02-18 21:13:59,LSTM_Baseline,linear_gradual_drift_9,,,,,,0.0257165177857437,0.0010347695220605,0.0321678336550747,,,,,,,,,,
2026-02-18 21:15:33,LSTM_Baseline,linear_gradual_drift_10,,,,,,0.0285449889944033,0.0012428653910436,0.035254296065071,,,,,,,,,,
2026-02-18 21:16:49,LSTM_Baseline,linear_gradual_drift_11,,,,,,0.0249107926092854,0.0009688695104915,0.0311266687985005,,,,,,,,,,
2026-02-18 21:18:22,LSTM_Baseline,linear_gradual_drift_12,,,,,,0.0271664884128706,0.0011522771606085,0.0339452082127736,,,,,,,,,,
2026-02-18 21:19:56,LSTM_Baseline,linear_gradual_drift_13,,,,,,0.0269759259352881,0.0011575761318033,0.0340231705136863,,,,,,,,,,
2026-02-18 21:21:30,LSTM_Baseline,linear_gradual_drift_14,,,,,,0.0278824850170044,0.0012249755777182,0.0349996511085221,,,,,,,,,,
2026-02-18 21:23:04,LSTM_Baseline,linear_gradual_drift_15,,,,,,0.0273130651897221,0.0012285212352013,0.0350502672629089,,,,,,,,,,
2026-02-18 21:24:38,LSTM_Baseline,linear_gradual_drift_16,,,,,,0.0251022092213835,0.0009882987872327,0.0314372197758122,,,,,,,,,,
2026-02-18 21:26:13,LSTM_Baseline,linear_gradual_drift_17,,,,,,0.0245540412554901,0.0009435520655046,0.0307172926135208,,,,,,,,,,
2026-02-18 21:27:46,LSTM_Baseline,linear_gradual_drift_18,,,,,,0.0535984177884145,0.0040494694151387,0.0636354415018764,,,,,,,,,,
2026-02-18 21:29:25,LSTM_Baseline,linear_gradual_drift_19,,,,,,0.0265096225838977,0.0010999259248721,0.0331651311601832,,,,,,,,,,
2026-02-18 21:30:59,LSTM_Baseline,linear_gradual_drift_20,,,,,,0.024280676152134,0.0009439349541184,0.0307235244416793,,,,,,,,,,
2026-02-18 21:32:20,LSTM_Baseline,linear_gradual_drift_21,,,,,,0.0351664861042595,0.0018279519791887,0.0427545550694748,,,,,,,,,,
2026-02-18 21:33:59,LSTM_Baseline,linear_gradual_drift_22,,,,,,0.0242873591167693,0.0009428768439409,0.0307062997435531,,,,,,,,,,
2026-02-18 21:35:37,LSTM_Baseline,linear_gradual_drift_23,,,,,,0.0292329605789864,0.0013231629203415,0.0363753064638843,,,,,,,,,,
2026-02-18 21:37:29,LSTM_Baseline,linear_gradual_drift_24,,,,,,0.0318953546987743,0.001540185086805,0.0392451918941046,,,,,,,,,,
2026-02-18 21:39:30,LSTM_Baseline,linear_gradual_drift_25,,,,,,0.0314797926910371,0.0015815861675338,0.0397691610111884,,,,,,,,,,
2026-02-18 21:41:33,LSTM_Baseline,linear_gradual_drift_26,,,,,,0.0258374823453288,0.0010569087262549,0.0325101326705218,,,,,,,,,,
2026-02-18 21:43:21,LSTM_Baseline,linear_gradual_drift_27,,,,,,0.0274449345404628,0.001189079094331,0.0344830261771072,,,,,,,,,,
2026-02-18 21:45:27,LSTM_Baseline,linear_gradual_drift_28,,,,,,0.0303597308495835,0.0014373920336252,0.0379129533751368,,,,,,,,,,
2026-02-18 21:47:20,LSTM_Baseline,linear_gradual_drift_29,,,,,,0.0285518394708483,0.0013023472375151,0.0360880484026935,,,,,,,,,,
2026-02-18 21:48:45,LSTM_Baseline,linear_gradual_drift_30,,,,,,0.0322954927692835,0.0016068711664072,0.0400857975648146,,,,,,,,,,
2026-02-18 21:51:50,LSTM_Baseline,linear_abrupt_drift_1,,,,,,0.042159466166008,0.0022744439790836,0.0476911310317088,,,,,,,,,,
2026-02-18 21:53:41,LSTM_Baseline,linear_abrupt_drift_2,,,,,,0.0264282605616441,0.0010472215770093,0.0323608030958646,,,,,,,,,,
2026-02-18 21:55:42,LSTM_Baseline,linear_abrupt_drift_3,,,,,,0.0284950043292201,0.00123623067792,0.03516007221153,,,,,,,,,,
2026-02-18 21:57:49,LSTM_Baseline,linear_abrupt_drift_4,,,,,,0.0360894312259989,0.0017667716841321,0.0420329832885103,,,,,,,,,,
2026-02-18 21:59:42,LSTM_Baseline,linear_abrupt_drift_5,,,,,,0.0198028130670438,0.0006072331287826,0.0246421007380186,,,,,,,,,,
2026-02-18 22:01:31,LSTM_Baseline,linear_abrupt_drift_6,,,,,,0.0232126626049453,0.000827631858168,0.0287685915221447,,,,,,,,,,
2026-02-18 22:03:31,LSTM_Baseline,linear_abrupt_drift_7,,,,,,0.022469302572602,0.0007853582335995,0.0280242436757806,,,,,,,,,,
2026-02-18 22:05:38,LSTM_Baseline,linear_abrupt_drift_8,,,,,,0.0314172615715007,0.0015428664206335,0.0392793383426146,,,,,,,,,,
2026-02-18 22:06:49,LSTM_Baseline,linear_abrupt_drift_9,,,,,,0.0280485525435014,0.0012436156451857,0.035264935065667,,,,,,,,,,
2026-02-18 22:07:23,LSTM_Baseline,linear_abrupt_drift_10,,,,,,0.139741152935711,0.0335086168178511,0.1830535900162877,,,,,,,,,,
2026-02-18 22:09:29,LSTM_Baseline,linear_abrupt_drift_11,,,,,,0.0416806405604035,0.0021999786509366,0.0469039300159024,,,,,,,,,,
2026-02-18 22:11:40,LSTM_Baseline,linear_abrupt_drift_12,,,,,,0.0226271498781352,0.0008095526982308,0.028452639565264,,,,,,,,,,
2026-02-18 22:13:08,LSTM_Baseline,linear_abrupt_drift_13,,,,,,0.0206014333924007,0.0006633251016348,0.0257550985561075,,,,,,,,,,
2026-02-18 22:15:04,LSTM_Baseline,linear_abrupt_drift_14,,,,,,0.0257825466215011,0.0009773765541039,0.0312630221524393,,,,,,,,,,
2026-02-18 22:17:02,LSTM_Baseline,linear_abrupt_drift_15,,,,,,0.0495591611021727,0.0031088074421803,0.0557566806955033,,,,,,,,,,
2026-02-18 22:18:58,LSTM_Baseline,linear_abrupt_drift_16,,,,,,0.0209418822843375,0.0006701494217858,0.025887244383785,,,,,,,,,,
2026-02-18 22:20:56,LSTM_Baseline,linear_abrupt_drift_17,,,,,,0.045920457880461,0.0027020143307264,0.0519809035197198,,,,,,,,,,
2026-02-18 22:22:54,LSTM_Baseline,linear_abrupt_drift_18,,,,,,0.0376860938086581,0.0018743112865805,0.0432933168812529,,,,,,,,,,
2026-02-18 22:25:02,LSTM_Baseline,linear_abrupt_drift_19,,,,,,0.0260829523832354,0.0010377712077912,0.0322144565031178,,,,,,,,,,
2026-02-18 22:27:22,LSTM_Baseline,linear_abrupt_drift_20,,,,,,0.0175607477710324,0.0004868389004094,0.0220644261291674,,,,,,,,,,
2026-02-18 22:29:33,LSTM_Baseline,linear_abrupt_drift_21,,,,,,0.0197562795793291,0.0006166059593243,0.0248315516898233,,,,,,,,,,
2026-02-18 22:30:01,LSTM_Baseline,linear_abrupt_drift_22,,,,,,0.1273630721413759,0.0178593039874803,0.1336387069208631,,,,,,,,,,
2026-02-18 22:31:48,LSTM_Baseline,linear_abrupt_drift_23,,,,,,0.0315857875431527,0.0014686107248163,0.0383224571865676,,,,,,,,,,
2026-02-18 22:32:42,LSTM_Baseline,linear_abrupt_drift_24,,,,,,0.1716185249497992,0.0386822113023237,0.1966779380162497,,,,,,,,,,
2026-02-18 22:34:40,LSTM_Baseline,linear_abrupt_drift_25,,,,,,0.0233389796916414,0.0008290698995144,0.0287935739274318,,,,,,,,,,
2026-02-18 22:36:33,LSTM_Baseline,linear_abrupt_drift_26,,,,,,0.0186110262045458,0.0005442832833576,0.0233298796258721,,,,,,,,,,
2026-02-18 22:38:42,LSTM_Baseline,linear_abrupt_drift_27,,,,,,0.0235106957779158,0.0008444714382214,0.0290597907463466,,,,,,,,,,
2026-02-18 22:40:42,LSTM_Baseline,linear_abrupt_drift_28,,,,,,0.0191964787257975,0.0005799370677956,0.0240818825633648,,,,,,,,,,
2026-02-18 22:42:29,LSTM_Baseline,linear_abrupt_drift_29,,,,,,0.0288195416065691,0.0011802990483023,0.0343554806152147,,,,,,,,,,
2026-02-18 22:43:48,LSTM_Baseline,linear_abrupt_drift_30,,,,,,0.0185151188807646,0.0005296461189275,0.0230140417773051,,,,,,,,,,
2026-02-18 22:44:54,LSTM_Baseline,nonlinear_gradual_drift_1,,,,,,0.0308447585249666,0.0013886821253622,0.0372650254979413,,,,,,,,,,
2026-02-18 22:45:58,LSTM_Baseline,nonlinear_gradual_drift_2,,,,,,0.0176577771301844,0.0004788521241849,0.0218826900582379,,,,,,,,,,
2026-02-18 22:46:56,LSTM_Baseline,nonlinear_gradual_drift_3,,,,,,0.0193903660919199,0.0006083101698656,0.0246639447344827,,,,,,,,,,
2026-02-18 22:47:55,LSTM_Baseline,nonlinear_gradual_drift_4,,,,,,0.0220512641779741,0.0007253899769511,0.0269330647522914,,,,,,,,,,
2026-02-18 22:49:31,LSTM_Baseline,nonlinear_gradual_drift_5,,,,,,0.0156689878880678,0.0003912497837968,0.0197800349796671,,,,,,,,,,
2026-02-18 22:50:24,LSTM_Baseline,nonlinear_gradual_drift_6,,,,,,0.0246651106177861,0.000884704032448,0.0297439747251118,,,,,,,,,,
2026-02-18 22:50:59,LSTM_Baseline,nonlinear_gradual_drift_7,,,,,,0.0181149740507854,0.0005202310321984,0.022808573655502,,,,,,,,,,
2026-02-18 22:52:01,LSTM_Baseline,nonlinear_gradual_drift_8,,,,,,0.0193496861072041,0.000576031092527,0.0240006477522382,,,,,,,,,,
2026-02-18 22:53:35,LSTM_Baseline,nonlinear_gradual_drift_9,,,,,,0.0168464575264322,0.0004440077966754,0.0210714925118136,,,,,,,,,,
2026-02-18 22:54:48,LSTM_Baseline,nonlinear_gradual_drift_10,,,,,,0.019779220230136,0.0006133264076593,0.0247654276696236,,,,,,,,,,
2026-02-18 22:56:19,LSTM_Baseline,nonlinear_gradual_drift_11,,,,,,0.0178747697926046,0.0004985636437713,0.02232853877376,,,,,,,,,,
2026-02-18 22:57:56,LSTM_Baseline,nonlinear_gradual_drift_12,,,,,,0.0173898698853487,0.0004721795902912,0.0217296937459138,,,,,,,,,,
2026-02-18 22:59:01,LSTM_Baseline,nonlinear_gradual_drift_13,,,,,,0.0242256638048881,0.0008677764130112,0.0294580449624754,,,,,,,,,,
2026-02-18 23:00:01,LSTM_Baseline,nonlinear_gradual_drift_14,,,,,,0.0247877743112382,0.0009089783008782,0.0301492670039969,,,,,,,,,,
2026-02-18 23:00:36,LSTM_Baseline,nonlinear_gradual_drift_15,,,,,,0.0344723507603209,0.0016198478341601,0.0402473332552629,,,,,,,,,,
2026-02-18 23:01:22,LSTM_Baseline,nonlinear_gradual_drift_16,,,,,,0.0240562124591376,0.000870726811955,0.029508080451887,,,,,,,,,,
2026-02-18 23:02:00,LSTM_Baseline,nonlinear_gradual_drift_17,,,,,,0.0353625728511331,0.0017122309472608,0.0413791124513419,,,,,,,,,,
2026-02-18 23:03:18,LSTM_Baseline,nonlinear_gradual_drift_18,,,,,,0.0273855637074714,0.0010874977448695,0.0329772307034641,,,,,,,,,,
2026-02-18 23:04:27,LSTM_Baseline,nonlinear_gradual_drift_19,,,,,,0.0169893741983864,0.0004530746245898,0.0212855496661422,,,,,,,,,,
2026-02-18 23:05:29,LSTM_Baseline,nonlinear_gradual_drift_20,,,,,,0.0228316100414074,0.0007682981404187,0.027718191507001,,,,,,,,,,
2026-02-18 23:08:03,LSTM_Baseline,nonlinear_gradual_drift_21,,,,,,0.0187884138009057,0.0005450810786733,0.0233469715096702,,,,,,,,,,
2026-02-18 23:10:45,LSTM_Baseline,nonlinear_gradual_drift_22,,,,,,0.0159561894039412,0.0003994009416729,0.0199850179302621,,,,,,,,,,
2026-02-18 23:12:18,LSTM_Baseline,nonlinear_gradual_drift_23,,,,,,0.0193331130876014,0.0005877155338997,0.0242428450042435,,,,,,,,,,
2026-02-18 23:14:33,LSTM_Baseline,nonlinear_gradual_drift_24,,,,,,0.0186755500792258,0.0005378708706647,0.0231920432619619,,,,,,,,,,
2026-02-18 23:15:37,LSTM_Baseline,nonlinear_gradual_drift_25,,,,,,0.0163493728856944,0.0004178586369928,0.0204415908625744,,,,,,,,,,
2026-02-18 23:16:56,LSTM_Baseline,nonlinear_gradual_drift_26,,,,,,0.0241132373778664,0.000862652384201,0.0293709445575223,,,,,,,,,,
2026-02-18 23:17:34,LSTM_Baseline,nonlinear_gradual_drift_27,,,,,,0.0191882001505425,0.0005670950309648,0.0238137571786748,,,,,,,,,,
2026-02-18 23:18:43,LSTM_Baseline,nonlinear_gradual_drift_28,,,,,,0.0190304378382524,0.0005507616293543,0.0234683111738854,,,,,,,,,,
2026-02-18 23:19:47,LSTM_Baseline,nonlinear_gradual_drift_29,,,,,,0.0229661751040262,0.0007902543008266,0.028111462089807,,,,,,,,,,
2026-02-18 23:21:03,LSTM_Baseline,nonlinear_gradual_drift_30,,,,,,0.0221867551995282,0.0007532727105935,0.0274458140814503,,,,,,,,,,
2026-02-18 23:22:38,LSTM_Baseline,nonlinear_abrupt_drift_1,,,,,,0.1626944969594179,0.029692127214347,0.1723140366143949,,,,,,,,,,
2026-02-18 23:24:15,LSTM_Baseline,nonlinear_abrupt_drift_2,,,,,,0.0565100931524631,0.0041813770708876,0.0646635683432923,,,,,,,,,,
2026-02-18 23:26:24,LSTM_Baseline,nonlinear_abrupt_drift_3,,,,,,0.0610012276006104,0.0053591794599246,0.0732064167947364,,,,,,,,,,
2026-02-18 23:28:36,LSTM_Baseline,nonlinear_abrupt_drift_4,,,,,,0.1209513607015561,0.0165434253423749,0.128621247631855,,,,,,,,,,
2026-02-18 23:29:00,LSTM_Baseline,nonlinear_abrupt_drift_5,,,,,,0.1557947308370815,0.0277824143269967,0.1666805757339372,,,,,,,,,,
2026-02-18 23:30:36,LSTM_Baseline,nonlinear_abrupt_drift_6,,,,,,0.0890322476803956,0.0090670443122764,0.0952210287293541,,,,,,,,,,
2026-02-18 23:32:13,LSTM_Baseline,nonlinear_abrupt_drift_7,,,,,,0.0894480839743686,0.0093447373999135,0.0966681819416997,,,,,,,,,,
2026-02-18 23:33:56,LSTM_Baseline,nonlinear_abrupt_drift_8,,,,,,0.0394179707570291,0.0021771264535125,0.0466596876705424,,,,,,,,,,
2026-02-18 23:35:31,LSTM_Baseline,nonlinear_abrupt_drift_9,,,,,,0.0575490326414156,0.0043986958159262,0.0663226644211932,,,,,,,,,,
2026-02-18 23:37:12,LSTM_Baseline,nonlinear_abrupt_drift_10,,,,,,0.0648003370810992,0.0057521853245355,0.0758431626749278,,,,,,,,,,
2026-02-18 23:38:49,LSTM_Baseline,nonlinear_abrupt_drift_11,,,,,,0.0678763189922026,0.0055021828225442,0.0741766999976692,,,,,,,,,,
2026-02-18 23:39:53,LSTM_Baseline,nonlinear_abrupt_drift_12,,,,,,0.1109440482240226,0.0153261878177917,0.1237989814893151,,,,,,,,,,
2026-02-18 23:41:31,LSTM_Baseline,nonlinear_abrupt_drift_13,,,,,,0.0435638775273184,0.0026051170292956,0.0510403470726405,,,,,,,,,,
2026-02-18 23:43:07,LSTM_Baseline,nonlinear_abrupt_drift_14,,,,,,0.0713913139417542,0.0063201081510993,0.0794991078635435,,,,,,,,,,
2026-02-18 23:44:44,LSTM_Baseline,nonlinear_abrupt_drift_15,,,,,,0.0416085980801127,0.0024270380964927,0.0492649783973635,,,,,,,,,,
2026-02-18 23:46:21,LSTM_Baseline,nonlinear_abrupt_drift_16,,,,,,0.0755071438449112,0.0071362099792642,0.0844760911694202,,,,,,,,,,
2026-02-18 23:46:40,LSTM_Baseline,nonlinear_abrupt_drift_17,,,,,,0.2195657454291779,0.0623083806142073,0.2496164670333417,,,,,,,,,,
2026-02-18 23:48:16,LSTM_Baseline,nonlinear_abrupt_drift_18,,,,,,0.1937454208302138,0.0400880069379845,0.2002198964588299,,,,,,,,,,
2026-02-18 23:49:46,LSTM_Baseline,nonlinear_abrupt_drift_19,,,,,,0.0374829882914696,0.0031403451683248,0.0560387827163016,,,,,,,,,,
2026-02-18 23:51:20,LSTM_Baseline,nonlinear_abrupt_drift_20,,,,,,0.0426484428898173,0.0025306859326442,0.0503059234349617,,,,,,,,,,
2026-02-18 23:53:02,LSTM_Baseline,nonlinear_abrupt_drift_21,,,,,,0.0417828895508943,0.0024138801881534,0.0491312546975292,,,,,,,,,,
2026-02-18 23:54:34,LSTM_Baseline,nonlinear_abrupt_drift_22,,,,,,0.0407487319668333,0.0022571618496391,0.0475095974476644,,,,,,,,,,
2026-02-18 23:56:10,LSTM_Baseline,nonlinear_abrupt_drift_23,,,,,,0.0680188716497852,0.0060055063209172,0.0774952019219076,,,,,,,,,,
2026-02-18 23:56:31,LSTM_Baseline,nonlinear_abrupt_drift_24,,,,,,0.1725773850270851,0.0462449323336199,0.2150463492682914,,,,,,,,,,
2026-02-18 23:58:13,LSTM_Baseline,nonlinear_abrupt_drift_25,,,,,,0.0465326103962845,0.0030173370592159,0.0549302927282929,,,,,,,,,,
2026-02-18 23:59:55,LSTM_Baseline,nonlinear_abrupt_drift_26,,,,,,0.0736701616349531,0.0068363351092775,0.0826821329507021,,,,,,,,,,
2026-02-19 00:01:39,LSTM_Baseline,nonlinear_abrupt_drift_27,,,,,,0.0709662071616206,0.0062192740179913,0.0788623739053758,,,,,,,,,,
2026-02-19 00:03:16,LSTM_Baseline,nonlinear_abrupt_drift_28,,,,,,0.060422599420835,0.0046767782035963,0.0683869739321481,,,,,,,,,,
2026-02-19 00:04:57,LSTM_Baseline,nonlinear_abrupt_drift_29,,,,,,0.0599023459950883,0.0045916325041746,0.0677615857560512,,,,,,,,,,
2026-02-19 00:06:34,LSTM_Baseline,nonlinear_abrupt_drift_30,,,,,,0.0512466053578122,0.0037524162590722,0.0612569690653422,,,,,,,,,,
2026-02-19 11:47:48,PSO_LSTM,GSPC,,28.83387976633417,1777.3488463790568,42.15861532805669,0.007856341966757,0.0078449222663342,0.0001469456448059,0.0121221138753066,,,,,,,,,,
2026-02-19 11:48:30,PSO_LSTM,GSPC,,28.89324725987089,1778.6260841551673,42.17376061196307,0.0078665518205972,0.0078561142150126,0.000146228315617,0.0120924900503165,,,,,,,,,,
2026-02-19 11:49:21,PSO_LSTM,GSPC,,28.868915515046908,1778.889987241925,42.17688925515874,0.0078617332320172,0.0078515431542766,0.0001463774767088,0.0120986559877043,,,,,,,,,,
2026-02-19 11:50:12,PSO_LSTM,GSPC,,28.83713812728029,1774.4967473589077,42.12477593244749,0.007855016156104,0.0078440963310239,0.0001463935750722,0.0120993212649412,,,,,,,,,,
2026-02-19 11:51:27,PSO_LSTM,GSPC,,28.81332760633103,1775.062873676067,42.13149503252961,0.0078484666210965,0.0078356482239461,0.0001464719470458,0.0121025595245748,,,,,,,,,,
2026-02-19 11:52:11,PSO_LSTM,GSPC,,28.811870113494383,1774.5614342361232,42.12554372629656,0.0078475362192585,0.0078347733910419,0.0001463974899868,0.0120994830462658,,,,,,,,,,
2026-02-19 11:53:14,PSO_LSTM,GSPC,,28.84663653524681,1775.8830097384605,42.141226960524776,0.0078575039765338,0.0078471125331714,0.0001465193620382,0.0121045182489111,,,,,,,,,,
2026-02-19 11:54:04,PSO_LSTM,GSPC,,28.83736980588596,1778.9407139268667,42.17749060727613,0.0078590621416939,0.0078467723215331,0.0001473096462846,0.0121371185330249,,,,,,,,,,
2026-02-19 11:55:06,PSO_LSTM,GSPC,,28.868935902019405,1778.7829365475284,42.17562016790658,0.0078640800038615,0.0078545949293353,0.0001467340325835,0.0121133823758504,,,,,,,,,,
2026-02-19 11:56:14,PSO_LSTM,GSPC,,28.85877281177588,1782.032750686399,42.21412975161751,0.0078655163956564,0.0078532243868954,0.0001477997260823,0.0121572910667786,,,,,,,,,,
2026-02-19 11:57:31,PSO_LSTM,GSPC,,28.831146364252955,1773.7605535089308,42.116036773525245,0.0078520283502876,0.0078409598208034,0.0001461795877014,0.0120904750817079,,,,,,,,,,
2026-02-19 11:58:38,PSO_LSTM,GSPC,,28.81973989369804,1776.1973986023568,42.14495697710886,0.0078514383618822,0.0078392180550971,0.0001467283181378,0.0121131465003043,,,,,,,,,,
2026-02-19 11:59:16,PSO_LSTM,GSPC,,28.85272691460715,1776.6770538979652,42.15064713498436,0.0078585422996946,0.0078482771553269,0.0001464904964869,0.012103325844039,,,,,,,,,,
2026-02-19 12:00:26,PSO_LSTM,GSPC,,28.826345084519755,1777.642511649303,42.16209804610419,0.0078554009854129,0.0078431546230107,0.0001470782471107,0.0121275820801481,,,,,,,,,,
2026-02-19 12:01:24,PSO_LSTM,GSPC,,28.829858194621835,1775.3897189943996,42.13537372558121,0.0078529109617573,0.007841252057632,0.000146471920336,0.0121025584210957,,,,,,,,,,
2026-02-19 12:02:11,PSO_LSTM,GSPC,,28.91123926787508,1777.0868326629725,42.15550773817073,0.0078731627447561,0.0078648044842842,0.0001462360025856,0.012092807886742,,,,,,,,,,
2026-02-19 12:03:11,PSO_LSTM,GSPC,,28.84705362094218,1775.8031740419624,42.14027971005843,0.0078565501466992,0.0078460076532485,0.0001463510751286,0.0120975648429209,,,,,,,,,,
2026-02-19 12:04:00,PSO_LSTM,GSPC,,29.151787973241262,1819.99402670986,42.66138800730538,0.0079543782233418,0.0079478369615799,0.0001517457911326,0.0123185141609151,,,,,,,,,,
2026-02-19 12:04:54,PSO_LSTM,GSPC,,28.884650774976684,1777.7629168954704,42.16352590682462,0.0078669511269126,0.0078581373916746,0.0001464158631425,0.0121002422761934,,,,,,,,,,
2026-02-19 12:05:48,PSO_LSTM,GSPC,,28.84553292906644,1773.5178823549609,42.11315569219387,0.0078552807404157,0.0078440492219538,0.0001461302972334,0.0120884365090536,,,,,,,,,,
2026-02-19 12:07:04,PSO_LSTM,GSPC,,28.849371783493645,1777.5024718931795,42.16043728299292,0.0078605243694324,0.0078503130652089,0.0001469638871621,0.012122866293175,,,,,,,,,,
2026-02-19 12:07:41,PSO_LSTM,GSPC,,28.846983869234265,1777.0756539692534,42.155375149193645,0.0078604538619841,0.0078500081575009,0.0001469476481006,0.0121221965047879,,,,,,,,,,
2026-02-19 12:08:22,PSO_LSTM,GSPC,,28.85938318229516,1776.105881966643,42.14387122662847,0.0078602197920633,0.0078503247509226,0.0001464501995966,0.0121016610263491,,,,,,,,,,
2026-02-19 12:09:26,PSO_LSTM,GSPC,,28.83859587621403,1778.4500370806202,42.17167339673184,0.0078593638527419,0.0078478079877387,0.0001472447266783,0.0121344438141315,,,,,,,,,,
2026-02-19 12:10:03,PSO_LSTM,GSPC,,28.83076636757937,1773.5374623171276,42.1133881600273,0.0078500778864389,0.0078378323928457,0.0001459293707233,0.0120801229597763,,,,,,,,,,
2026-02-19 12:11:33,PSO_LSTM,GSPC,,28.864814620182315,1781.2198663190711,42.20450054578387,0.0078680984995546,0.0078577986824753,0.0001476319658349,0.0121503895342885,,,,,,,,,,
2026-02-19 12:12:22,PSO_LSTM,GSPC,,28.846608238942608,1774.8200127887983,42.12861275651974,0.007856474758859,0.0078462237546427,0.0001462709021384,0.0120942507886383,,,,,,,,,,
2026-02-19 12:13:13,PSO_LSTM,GSPC,,28.81741981088125,1775.9804981990908,42.14238363214747,0.0078502131669536,0.00783752949013,0.0001466019543771,0.0121079294008976,,,,,,,,,,
2026-02-19 12:14:03,PSO_LSTM,GSPC,,28.846489707384297,1777.1223261306477,42.155928718635145,0.0078595409715557,0.0078482052443932,0.000146863875893,0.0121187406892418,,,,,,,,,,
2026-02-19 12:14:53,PSO_LSTM,GSPC,,28.920691254072864,1783.6047626711745,42.23274514723349,0.0078778300585178,0.0078700835841488,0.0001469909230926,0.0121239813218532,,,,,,,,,,
2026-02-19 12:17:14,PSO_LSTM,linear_gradual_drift_1,,,,,,0.0905199033103396,0.0128781083152064,0.1134817532258221,,,,,,,,,,
2026-02-19 12:19:04,PSO_LSTM,linear_gradual_drift_2,,,,,,0.1035793370645905,0.0163517509583763,0.1278739651312039,,,,,,,,,,
2026-02-19 12:21:44,PSO_LSTM,linear_gradual_drift_3,,,,,,0.0813071023872899,0.0102629743836645,0.1013063393064055,,,,,,,,,,
2026-02-19 12:24:18,PSO_LSTM,linear_gradual_drift_4,,,,,,0.0911666595265306,0.0125527040253636,0.1120388505178614,,,,,,,,,,
2026-02-19 12:27:16,PSO_LSTM,linear_gradual_drift_5,,,,,,0.0844479447613709,0.0107263601093621,0.1035681423477417,,,,,,,,,,
2026-02-19 12:29:46,PSO_LSTM,linear_gradual_drift_6,,,,,,0.0873746715274887,0.0121634236383172,0.1102879124760155,,,,,,,,,,
2026-02-19 12:32:33,PSO_LSTM,linear_gradual_drift_7,,,,,,0.0894636155612654,0.0127105141931023,0.1127409162332042,,,,,,,,,,
2026-02-19 12:34:59,PSO_LSTM,linear_gradual_drift_8,,,,,,0.0969855456378591,0.0150084025704701,0.1225087856868648,,,,,,,,,,
2026-02-19 12:37:44,PSO_LSTM,linear_gradual_drift_9,,,,,,0.0828051223115555,0.0106554908571985,0.1032254370647008,,,,,,,,,,
2026-02-19 12:39:57,PSO_LSTM,linear_gradual_drift_10,,,,,,0.0867804387061065,0.0117218920459275,0.1082676869889051,,,,,,,,,,
2026-02-19 12:41:58,PSO_LSTM,linear_gradual_drift_11,,,,,,0.0751432888300874,0.0090956165581136,0.0953709418959132,,,,,,,,,,
2026-02-19 12:44:29,PSO_LSTM,linear_gradual_drift_12,,,,,,0.0809009006303496,0.0101461658664186,0.1007281781152557,,,,,,,,,,
2026-02-19 12:47:03,PSO_LSTM,linear_gradual_drift_13,,,,,,0.092760277989926,0.0138336657379976,0.1176166048566171,,,,,,,,,,
2026-02-19 12:49:29,PSO_LSTM,linear_gradual_drift_14,,,,,,0.0888506538206084,0.012521472597753,0.111899386047257,,,,,,,,,,
2026-02-19 12:51:54,PSO_LSTM,linear_gradual_drift_15,,,,,,0.0954687501749501,0.015565600599557,0.1247621761575078,,,,,,,,,,
2026-02-19 12:54:15,PSO_LSTM,linear_gradual_drift_16,,,,,,0.0898317948474282,0.0130770740540251,0.1143550351056968,,,,,,,,,,
2026-02-19 12:56:30,PSO_LSTM,linear_gradual_drift_17,,,,,,0.0857501158688535,0.0116469503523361,0.1079210375799647,,,,,,,,,,
2026-02-19 12:58:59,PSO_LSTM,linear_gradual_drift_18,,,,,,0.0894476457426895,0.0126119456651112,0.1123029192190088,,,,,,,,,,
2026-02-19 13:01:26,PSO_LSTM,linear_gradual_drift_19,,,,,,0.0907464291515661,0.0130877952072718,0.1144019021138716,,,,,,,,,,
2026-02-19 13:03:44,PSO_LSTM,linear_gradual_drift_20,,,,,,0.083706126013005,0.0113338721303405,0.1064606600127038,,,,,,,,,,
2026-02-19 13:06:02,PSO_LSTM,linear_gradual_drift_21,,,,,,0.0836285412148315,0.0106239860150509,0.1030727219736188,,,,,,,,,,
2026-02-19 13:08:36,PSO_LSTM,linear_gradual_drift_22,,,,,,0.0814234468756009,0.0102354891227256,0.1011705941601889,,,,,,,,,,
2026-02-19 13:10:57,PSO_LSTM,linear_gradual_drift_23,,,,,,0.0934565325506293,0.0134368756734406,0.1159175382478451,,,,,,,,,,
2026-02-19 13:13:15,PSO_LSTM,linear_gradual_drift_24,,,,,,0.0855554771678531,0.0110717928533115,0.1052225871821801,,,,,,,,,,
2026-02-19 13:15:40,PSO_LSTM,linear_gradual_drift_25,,,,,,0.0940560004538103,0.0135125868807512,0.116243653077281,,,,,,,,,,
2026-02-19 13:18:09,PSO_LSTM,linear_gradual_drift_26,,,,,,0.0857686981587853,0.0113743897508718,0.1066507841080964,,,,,,,,,,
2026-02-19 13:20:37,PSO_LSTM,linear_gradual_drift_27,,,,,,0.0882098415562087,0.0126965863222489,0.1126791299320728,,,,,,,,,,
2026-02-19 13:23:08,PSO_LSTM,linear_gradual_drift_28,,,,,,0.0907629844390866,0.0130247455386567,0.1141260072843029,,,,,,,,,,
2026-02-19 13:26:18,PSO_LSTM,linear_gradual_drift_29,,,,,,0.0827164584184542,0.0106773561145826,0.1033312930074071,,,,,,,,,,
2026-02-19 13:29:15,PSO_LSTM,linear_gradual_drift_30,,,,,,0.0891348123379987,0.0121705549477583,0.1103202381603591,,,,,,,,,,
2026-02-19 13:31:28,PSO_LSTM,linear_abrupt_drift_1,,,,,,0.0500828636991019,0.0038926009258279,0.0623907118554353,,,,,,,,,,
2026-02-19 13:34:01,PSO_LSTM,linear_abrupt_drift_2,,,,,,0.0534463705219066,0.0044302001436931,0.0665597486751047,,,,,,,,,,
2026-02-19 13:36:37,PSO_LSTM,linear_abrupt_drift_3,,,,,,0.0510668856910949,0.004100500608883,0.0640351513536357,,,,,,,,,,
2026-02-19 13:39:10,PSO_LSTM,linear_abrupt_drift_4,,,,,,0.052396540718402,0.0042357461540279,0.0650826102275252,,,,,,,,,,
2026-02-19 13:41:40,PSO_LSTM,linear_abrupt_drift_5,,,,,,0.0450016244167059,0.003145024878446,0.0560805213817242,,,,,,,,,,
2026-02-19 13:43:45,PSO_LSTM,linear_abrupt_drift_6,,,,,,0.0454379342816433,0.0032785898668896,0.0572589719335724,,,,,,,,,,
2026-02-19 13:46:10,PSO_LSTM,linear_abrupt_drift_7,,,,,,0.0537443711137651,0.0043494668784008,0.0659504880831134,,,,,,,,,,
2026-02-19 13:48:42,PSO_LSTM,linear_abrupt_drift_8,,,,,,0.0381806543642552,0.0023015432047758,0.0479744015572454,,,,,,,,,,
2026-02-19 13:50:52,PSO_LSTM,linear_abrupt_drift_9,,,,,,0.0382186861966123,0.0022764747079961,0.0477124167067247,,,,,,,,,,
2026-02-19 13:52:08,PSO_LSTM,linear_abrupt_drift_10,,,,,,0.038088153451127,0.0022842869073837,0.0477942141622162,,,,,,,,,,
2026-02-19 13:55:09,PSO_LSTM,linear_abrupt_drift_11,,,,,,0.0492312112631809,0.0037662393299883,0.0613696939049587,,,,,,,,,,
2026-02-19 13:58:49,PSO_LSTM,linear_abrupt_drift_12,,,,,,0.0538073544332579,0.0045480038652278,0.067438889857617,,,,,,,,,,
2026-02-19 14:01:03,PSO_LSTM,linear_abrupt_drift_13,,,,,,0.0519609444617326,0.0043006118361289,0.0655790502838291,,,,,,,,,,
2026-02-19 14:03:48,PSO_LSTM,linear_abrupt_drift_14,,,,,,0.0549717927083747,0.0046567880984076,0.0682406630859319,,,,,,,,,,
2026-02-19 14:07:00,PSO_LSTM,linear_abrupt_drift_15,,,,,,0.0553799024342292,0.0048995787191461,0.0699969907863627,,,,,,,,,,
2026-02-19 14:10:09,PSO_LSTM,linear_abrupt_drift_16,,,,,,0.0479236377789147,0.0035689048353459,0.0597403116441988,,,,,,,,,,
2026-02-19 14:13:20,PSO_LSTM,linear_abrupt_drift_17,,,,,,0.0489345435214102,0.0037914101814046,0.0615744279827643,,,,,,,,,,
2026-02-19 14:16:24,PSO_LSTM,linear_abrupt_drift_18,,,,,,0.0499802284344955,0.0039072106978893,0.0625076851106277,,,,,,,,,,
2026-02-19 14:19:11,PSO_LSTM,linear_abrupt_drift_19,,,,,,0.0520042397348425,0.0042178135463948,0.0649446960605316,,,,,,,,,,
2026-02-19 14:21:35,PSO_LSTM,linear_abrupt_drift_20,,,,,,0.0457425382247522,0.0033728850509739,0.0580765447575348,,,,,,,,,,
2026-02-19 14:24:21,PSO_LSTM,linear_abrupt_drift_21,,,,,,0.0460342726564287,0.0033219378204494,0.0576362543929552,,,,,,,,,,
2026-02-19 14:25:43,PSO_LSTM,linear_abrupt_drift_22,,,,,,0.0369337003524578,0.0021464359674325,0.046329644585649,,,,,,,,,,
2026-02-19 14:28:10,PSO_LSTM,linear_abrupt_drift_23,,,,,,0.05096151652566,0.0039969124674424,0.0632211394032288,,,,,,,,,,
2026-02-19 14:30:28,PSO_LSTM,linear_abrupt_drift_24,,,,,,0.0328723339332707,0.0016602971546743,0.0407467440990611,,,,,,,,,,
2026-02-19 14:33:29,PSO_LSTM,linear_abrupt_drift_25,,,,,,0.0529233983736017,0.0044182470403065,0.0664698957446646,,,,,,,,,,
2026-02-19 14:36:10,PSO_LSTM,linear_abrupt_drift_26,,,,,,0.0540331432303591,0.0045087593065058,0.0671472956008348,,,,,,,,,,
2026-02-19 14:39:04,PSO_LSTM,linear_abrupt_drift_27,,,,,,0.0490686755834212,0.0039599623723415,0.0629282319181268,,,,,,,,,,
2026-02-19 14:42:00,PSO_LSTM,linear_abrupt_drift_28,,,,,,0.0557049008606965,0.0049424993240943,0.0703029112063954,,,,,,,,,,
2026-02-19 14:45:12,PSO_LSTM,linear_abrupt_drift_29,,,,,,0.0460607844893057,0.0033447673908898,0.0578339639908059,,,,,,,,,,
2026-02-19 14:47:49,PSO_LSTM,linear_abrupt_drift_30,,,,,,0.0510048474436279,0.0040321893237645,0.063499522232569,,,,,,,,,,
2026-02-19 14:50:12,PSO_LSTM,nonlinear_gradual_drift_1,,,,,,0.0198198034268527,0.0006043635733903,0.0245838071378366,,,,,,,,,,
2026-02-19 14:52:26,PSO_LSTM,nonlinear_gradual_drift_2,,,,,,0.0190854652600072,0.0005553543538632,0.0235659575206121,,,,,,,,,,
2026-02-19 14:54:55,PSO_LSTM,nonlinear_gradual_drift_3,,,,,,0.0177493211851647,0.0004955955342503,0.0222619750752348,,,,,,,,,,
2026-02-19 14:57:21,PSO_LSTM,nonlinear_gradual_drift_4,,,,,,0.0184481198607976,0.0005316368184705,0.0230572508870966,,,,,,,,,,
2026-02-19 15:00:07,PSO_LSTM,nonlinear_gradual_drift_5,,,,,,0.0173463752195463,0.0004684960054231,0.0216447685463065,,,,,,,,,,
2026-02-19 15:01:58,PSO_LSTM,nonlinear_gradual_drift_6,,,,,,0.0184042766971204,0.000536377172212,0.0231598180522233,,,,,,,,,,
2026-02-19 15:03:17,PSO_LSTM,nonlinear_gradual_drift_7,,,,,,0.0191208492813397,0.0005799278498601,0.0240816911752497,,,,,,,,,,
2026-02-19 15:05:15,PSO_LSTM,nonlinear_gradual_drift_8,,,,,,0.0170234023603362,0.0004533076376916,0.0212910224670313,,,,,,,,,,
2026-02-19 15:07:54,PSO_LSTM,nonlinear_gradual_drift_9,,,,,,0.0188475107298424,0.0005532710393166,0.0235217142087183,,,,,,,,,,
2026-02-19 15:10:31,PSO_LSTM,nonlinear_gradual_drift_10,,,,,,0.0174403237590837,0.0004761197607556,0.0218201686692765,,,,,,,,,,
2026-02-19 15:13:10,PSO_LSTM,nonlinear_gradual_drift_11,,,,,,0.0184077467562565,0.0005366070358763,0.0231647800739898,,,,,,,,,,
2026-02-19 15:15:59,PSO_LSTM,nonlinear_gradual_drift_12,,,,,,0.0182212248578143,0.0005197694277936,0.0227984523113666,,,,,,,,,,
2026-02-19 15:17:55,PSO_LSTM,nonlinear_gradual_drift_13,,,,,,0.0181444414995423,0.0005197541729262,0.0227981177496365,,,,,,,,,,
2026-02-19 15:19:52,PSO_LSTM,nonlinear_gradual_drift_14,,,,,,0.0197338152780005,0.0005960031548883,0.0244131758460135,,,,,,,,,,
2026-02-19 15:21:28,PSO_LSTM,nonlinear_gradual_drift_15,,,,,,0.0191519395165707,0.0005665774057527,0.0238028865004389,,,,,,,,,,
2026-02-19 15:22:58,PSO_LSTM,nonlinear_gradual_drift_16,,,,,,0.0202826569381071,0.000629132717142,0.0250825181579142,,,,,,,,,,
2026-02-19 15:24:36,PSO_LSTM,nonlinear_gradual_drift_17,,,,,,0.0188284338800152,0.0005603376432196,0.023671452072479,,,,,,,,,,
2026-02-19 15:27:07,PSO_LSTM,nonlinear_gradual_drift_18,,,,,,0.016877047456449,0.000450860756269,0.0212334819629052,,,,,,,,,,
2026-02-19 15:29:38,PSO_LSTM,nonlinear_gradual_drift_19,,,,,,0.0191718704978425,0.0005733164780618,0.0239440280249972,,,,,,,,,,
2026-02-19 15:31:45,PSO_LSTM,nonlinear_gradual_drift_20,,,,,,0.0189849106813795,0.0005579074089509,0.0236200636948961,,,,,,,,,,
2026-02-19 15:34:03,PSO_LSTM,nonlinear_gradual_drift_21,,,,,,0.0170037236389802,0.0004622179849452,0.0214992554509509,,,,,,,,,,
2026-02-19 15:35:59,PSO_LSTM,nonlinear_gradual_drift_22,,,,,,0.0173142292530692,0.0004701928732347,0.0216839312218687,,,,,,,,,,
2026-02-19 15:38:22,PSO_LSTM,nonlinear_gradual_drift_23,,,,,,0.0185888761571903,0.0005435949256754,0.0233151222530677,,,,,,,,,,
2026-02-19 15:40:34,PSO_LSTM,nonlinear_gradual_drift_24,,,,,,0.0186208335575745,0.0005371729255343,0.0231769912959884,,,,,,,,,,
2026-02-19 15:42:30,PSO_LSTM,nonlinear_gradual_drift_25,,,,,,0.0187514753642393,0.000550546574277,0.0234637289081909,,,,,,,,,,
2026-02-19 15:44:19,PSO_LSTM,nonlinear_gradual_drift_26,,,,,,0.0186841416902877,0.000550497357187,0.0234626800938647,,,,,,,,,,
2026-02-19 15:45:41,PSO_LSTM,nonlinear_gradual_drift_27,,,,,,0.0174518284686246,0.0004725469328181,0.0217381446498573,,,,,,,,,,
2026-02-19 15:47:10,PSO_LSTM,nonlinear_gradual_drift_28,,,,,,0.0202116991017931,0.0006125322179511,0.0247493882338756,,,,,,,,,,
2026-02-19 15:49:06,PSO_LSTM,nonlinear_gradual_drift_29,,,,,,0.0205322208216441,0.0006464899566387,0.0254261667704495,,,,,,,,,,
2026-02-19 15:51:07,PSO_LSTM,nonlinear_gradual_drift_30,,,,,,0.0182363757252094,0.0005177944299912,0.0227550967915149,,,,,,,,,,
2026-02-19 15:53:33,PSO_LSTM,nonlinear_abrupt_drift_1,,,,,,0.0248044873851028,0.0009644249981742,0.0310551927730978,,,,,,,,,,
2026-02-19 15:56:18,PSO_LSTM,nonlinear_abrupt_drift_2,,,,,,0.0235128677985177,0.0008454963676728,0.0290774202375797,,,,,,,,,,
2026-02-19 15:59:08,PSO_LSTM,nonlinear_abrupt_drift_3,,,,,,0.0234910190519975,0.0008608323568436,0.0293399447314349,,,,,,,,,,
2026-02-19 16:01:39,PSO_LSTM,nonlinear_abrupt_drift_4,,,,,,0.0226952229957484,0.0007944076187788,0.028185237603732,,,,,,,,,,
2026-02-19 16:02:49,PSO_LSTM,nonlinear_abrupt_drift_5,,,,,,0.3301639185758092,0.1980812233879632,0.445063167862679,,,,,,,,,,
2026-02-19 16:05:47,PSO_LSTM,nonlinear_abrupt_drift_6,,,,,,0.0224004719353201,0.0007995477239449,0.0282762749304952,,,,,,,,,,
2026-02-19 16:08:18,PSO_LSTM,nonlinear_abrupt_drift_7,,,,,,0.0260864492289384,0.001072961642953,0.0327560932187141,,,,,,,,,,
2026-02-19 16:11:11,PSO_LSTM,nonlinear_abrupt_drift_8,,,,,,0.0224512063960933,0.0007850228378232,0.0280182590077128,,,,,,,,,,
2026-02-19 16:13:41,PSO_LSTM,nonlinear_abrupt_drift_9,,,,,,0.0249844219468945,0.0009916891557148,0.0314910964514556,,,,,,,,,,
2026-02-19 16:16:14,PSO_LSTM,nonlinear_abrupt_drift_10,,,,,,0.022145784813555,0.0007607467049716,0.027581637097381,,,,,,,,,,
2026-02-19 16:18:36,PSO_LSTM,nonlinear_abrupt_drift_11,,,,,,0.0232736678047994,0.0008504463446792,0.0291624132176899,,,,,,,,,,
2026-02-19 16:20:48,PSO_LSTM,nonlinear_abrupt_drift_12,,,,,,0.0259074001913693,0.0010674774129304,0.0326722728461073,,,,,,,,,,
2026-02-19 16:23:04,PSO_LSTM,nonlinear_abrupt_drift_13,,,,,,0.0227270859346916,0.0008371674230955,0.0289338456326756,,,,,,,,,,
2026-02-19 16:25:24,PSO_LSTM,nonlinear_abrupt_drift_14,,,,,,0.0238979328014143,0.0009075702202377,0.0301259061313971,,,,,,,,,,
2026-02-19 16:27:48,PSO_LSTM,nonlinear_abrupt_drift_15,,,,,,0.0233174889556127,0.0008477193945935,0.0291156211438734,,,,,,,,,,
2026-02-19 16:30:27,PSO_LSTM,nonlinear_abrupt_drift_16,,,,,,0.023215814509224,0.0008507408297169,0.0291674618319275,,,,,,,,,,
2026-02-19 16:31:36,PSO_LSTM,nonlinear_abrupt_drift_17,,,,,,0.0325429145865703,0.001612864116207,0.0401604795315875,,,,,,,,,,
2026-02-19 16:34:27,PSO_LSTM,nonlinear_abrupt_drift_18,,,,,,0.0220688381904333,0.0007690008202956,0.0277308640380284,,,,,,,,,,
2026-02-19 16:37:09,PSO_LSTM,nonlinear_abrupt_drift_19,,,,,,0.0196922817803058,0.0015857888049047,0.0398219638504273,,,,,,,,,,
2026-02-19 16:39:47,PSO_LSTM,nonlinear_abrupt_drift_20,,,,,,0.0225236807346344,0.0008132166795196,0.0285169542468968,,,,,,,,,,
2026-02-19 16:42:27,PSO_LSTM,nonlinear_abrupt_drift_21,,,,,,0.0222750018263582,0.0007745315161023,0.0278304063229832,,,,,,,,,,
2026-02-19 16:45:15,PSO_LSTM,nonlinear_abrupt_drift_22,,,,,,0.023468357440335,0.0008540841826606,0.0292247186925833,,,,,,,,,,
2026-02-19 16:47:37,PSO_LSTM,nonlinear_abrupt_drift_23,,,,,,0.022899664870219,0.0008225607667469,0.0286803201995199,,,,,,,,,,
2026-02-19 16:49:23,PSO_LSTM,nonlinear_abrupt_drift_24,,,,,,0.0270376479156053,0.0011412811812546,0.0337828533616483,,,,,,,,,,
2026-02-19 16:51:22,PSO_LSTM,nonlinear_abrupt_drift_25,,,,,,0.0234591580437655,0.0008502140309457,0.0291584298436267,,,,,,,,,,
2026-02-19 16:53:23,PSO_LSTM,nonlinear_abrupt_drift_26,,,,,,0.0224406384234452,0.0007942094443607,0.0281817218132729,,,,,,,,,,
2026-02-19 16:55:34,PSO_LSTM,nonlinear_abrupt_drift_27,,,,,,0.0232094690538531,0.0008398025286972,0.0289793465885147,,,,,,,,,,
2026-02-19 16:57:39,PSO_LSTM,nonlinear_abrupt_drift_28,,,,,,0.0219541758911094,0.0007637314337012,0.0276356913013082,,,,,,,,,,
2026-02-19 16:59:58,PSO_LSTM,nonlinear_abrupt_drift_29,,,,,,0.0228988788863522,0.0008186001860408,0.0286111898746071,,,,,,,,,,
2026-02-19 17:02:41,PSO_LSTM,nonlinear_abrupt_drift_30,,,,,,0.0233640171007894,0.0008601969860064,0.0293291149884622,,,,,,,,,,
2026-02-20 01:48:21,ARIMA_Baseline,nonlinear_abrupt_drift_1,,,,,,0.2339755948982983,0.0758263087963193,0.2753657727393137,,,,,,,,,,
2026-02-20 01:51:48,ARIMA_Baseline,nonlinear_abrupt_drift_2,,,,,,0.1311820447786689,0.0255406091104067,0.1598142957010003,,,,,,,,,,
2026-02-20 01:54:24,ARIMA_Baseline,nonlinear_abrupt_drift_3,,,,,,0.2944702981570409,0.1203510577012008,0.3469164996093452,,,,,,,,,,
2026-02-20 01:57:00,ARIMA_Baseline,nonlinear_abrupt_drift_4,,,,,,0.2950128028259998,0.1133932317979933,0.3367391153370712,,,,,,,,,,
2026-02-20 02:01:26,ARIMA_Baseline,nonlinear_abrupt_drift_5,,,,,,0.9347248595784736,1.5033210006211617,1.2260999146159182,,,,,,,,,,
2026-02-20 02:04:58,ARIMA_Baseline,nonlinear_abrupt_drift_6,,,,,,0.2940348177385352,0.1115632575620611,0.3340108644371634,,,,,,,,,,
2026-02-20 02:07:36,ARIMA_Baseline,nonlinear_abrupt_drift_7,,,,,,0.2101700340269656,0.0657532826146396,0.2564240289337947,,,,,,,,,,
2026-02-20 02:09:59,ARIMA_Baseline,nonlinear_abrupt_drift_8,,,,,,0.0682482546751051,0.0072266069397785,0.0850094520613947,,,,,,,,,,
2026-02-20 02:13:10,ARIMA_Baseline,nonlinear_abrupt_drift_9,,,,,,0.1604606009557698,0.0466247443997507,0.2159276369521759,,,,,,,,,,
2026-02-20 02:16:24,ARIMA_Baseline,nonlinear_abrupt_drift_10,,,,,,0.1347346881561501,0.0349229797074845,0.1868769105788206,,,,,,,,,,
2026-02-20 02:19:11,ARIMA_Baseline,nonlinear_abrupt_drift_11,,,,,,0.216519656847071,0.0542534578090169,0.2329237167164755,,,,,,,,,,
2026-02-20 02:22:26,ARIMA_Baseline,nonlinear_abrupt_drift_12,,,,,,0.199282580196133,0.0541993581836692,0.2328075561137765,,,,,,,,,,
2026-02-20 02:25:46,ARIMA_Baseline,nonlinear_abrupt_drift_13,,,,,,0.0913137585861768,0.0123415533391902,0.1110925440305973,,,,,,,,,,
2026-02-20 02:28:30,ARIMA_Baseline,nonlinear_abrupt_drift_14,,,,,,0.3071335786143778,0.1208318465368667,0.3476087549772972,,,,,,,,,,
2026-02-20 02:31:25,ARIMA_Baseline,nonlinear_abrupt_drift_15,,,,,,0.144883286477461,0.0301989896890844,0.1737785651025017,,,,,,,,,,
2026-02-20 02:33:30,ARIMA_Baseline,nonlinear_abrupt_drift_16,,,,,,0.1568515587439978,0.0400332204996825,0.2000830340125882,,,,,,,,,,
2026-02-20 02:36:30,ARIMA_Baseline,nonlinear_abrupt_drift_17,,,,,,0.25431687834682,0.1002123967957311,0.3165634167046647,,,,,,,,,,
2026-02-20 02:39:35,ARIMA_Baseline,nonlinear_abrupt_drift_18,,,,,,0.265698480067573,0.1146226719830563,0.3385597022432769,,,,,,,,,,
2026-02-20 02:41:40,ARIMA_Baseline,nonlinear_abrupt_drift_19,,,,,,0.3116775094576261,0.1419239074565452,0.3767278957769722,,,,,,,,,,
2026-02-20 02:44:27,ARIMA_Baseline,nonlinear_abrupt_drift_20,,,,,,0.1611293746728704,0.0365580863668144,0.1912016902823153,,,,,,,,,,
2026-02-20 02:47:12,ARIMA_Baseline,nonlinear_abrupt_drift_21,,,,,,0.1112505912923207,0.0197629107780848,0.140580620208067,,,,,,,,,,
2026-02-20 02:50:55,ARIMA_Baseline,nonlinear_abrupt_drift_22,,,,,,0.0633062234502737,0.0064399712453078,0.0802494314329259,,,,,,,,,,
2026-02-20 02:52:56,ARIMA_Baseline,nonlinear_abrupt_drift_23,,,,,,0.4002555175449994,0.1952035060022544,0.441818408401296,,,,,,,,,,
2026-02-20 02:54:56,ARIMA_Baseline,nonlinear_abrupt_drift_24,,,,,,0.281905093302546,0.1188043852271655,0.3446801201507936,,,,,,,,,,
2026-02-20 02:58:41,ARIMA_Baseline,nonlinear_abrupt_drift_25,,,,,,0.093365828769395,0.012804279535733,0.1131559964638772,,,,,,,,,,
2026-02-20 03:02:32,ARIMA_Baseline,nonlinear_abrupt_drift_26,,,,,,0.1747002472705303,0.0454969192157437,0.2133000684850892,,,,,,,,,,
2026-02-20 03:05:04,ARIMA_Baseline,nonlinear_abrupt_drift_27,,,,,,0.1425843964603783,0.0298635027725839,0.1728105979753091,,,,,,,,,,
2026-02-20 03:07:07,ARIMA_Baseline,nonlinear_abrupt_drift_28,,,,,,0.0992127790959764,0.0139687865612056,0.118189621207641,,,,,,,,,,
2026-02-20 03:10:29,ARIMA_Baseline,nonlinear_abrupt_drift_29,,,,,,0.1766048105967048,0.0421644084203604,0.2053397390189255,,,,,,,,,,
2026-02-20 03:13:38,ARIMA_Baseline,nonlinear_abrupt_drift_30,,,,,,0.4046456216437111,0.1896746807059662,0.4355165676595625,,,,,,,,,,
2026-03-11 00:52:27,PSO_ELM,GSPC,,19.91268141565961,1054.1268309953234,32.467319430395285,0.0072991037614947,0.007298754848262,0.0001301468596777,0.0114081926560598,,,,,,,,,,
2026-03-11 00:55:00,PSO_ELM,GSPC,,19.99712128547391,1101.0535152473503,33.18212644251948,0.007337336889658,0.007329881040423,0.0001352818488599,0.011631072558452,,,,,,,,,,
2026-03-11 00:58:13,PSO_ELM,GSPC,,19.91918641541881,1093.0794259526176,33.061751707261635,0.0073146726328871,0.007315796274743,0.0001374573510661,0.0117242207018706,,,,,,,,,,
2026-03-11 01:01:53,PSO_ELM,GSPC,,19.73889518519253,1006.854560868386,31.73097163448333,0.0072207161177382,0.0072153281540845,0.000120264874928,0.0109665343170982,,,,,,,,,,
2026-03-11 01:04:17,PSO_ELM,GSPC,,19.88139809228424,1049.4102724094262,32.394602519701124,0.0072990790249249,0.0072956156781396,0.0001277471617321,0.0113025289971818,,,,,,,,,,
2026-03-11 01:06:43,PSO_ELM,GSPC,,19.97892468384319,1029.1578005740926,32.08048940671094,0.0073206912966001,0.0073231010525219,0.0001253838139943,0.0111974914152408,,,,,,,,,,
2026-03-11 01:09:34,PSO_ELM,GSPC,,20.039984060494344,1063.8878979802312,32.61729446137787,0.0073582051758705,0.0073559365765699,0.000129729205811,0.011389872949733,,,,,,,,,,
2026-03-11 01:12:27,PSO_ELM,GSPC,,20.15035147309916,1127.3838183922817,33.576536724210875,0.0073897952257517,0.0073970574598853,0.000141735293542,0.0119052632705876,,,,,,,,,,
2026-03-11 01:15:18,PSO_ELM,GSPC,,20.07748491589233,1131.4879662278513,33.63759750974869,0.0073759582537719,0.0073747702078281,0.0001426581877838,0.0119439603056882,,,,,,,,,,
2026-03-11 01:18:13,PSO_ELM,GSPC,,19.94118096673376,1090.3878442950436,33.02102124851749,0.0072981412762103,0.0073001456227582,0.0001369684759064,0.0117033531907067,,,,,,,,,,
2026-03-11 01:21:09,PSO_ELM,GSPC,,19.94586688088224,1084.6528202060408,32.934067774965804,0.0073156051396761,0.0073027971036341,0.0001322172494688,0.0114985759756948,,,,,,,,,,
2026-03-11 01:24:04,PSO_ELM,GSPC,,19.920904327768945,1059.2999793685913,32.546888935328234,0.0072976458739963,0.0072974568403595,0.0001296221789185,0.0113851736446373,,,,,,,,,,
2026-03-11 01:26:59,PSO_ELM,GSPC,,19.97674484782865,1080.6197556576094,32.872781380005094,0.0073279428402012,0.007326824925307,0.0001350091690524,0.011619344605117,,,,,,,,,,
2026-03-11 01:29:52,PSO_ELM,GSPC,,19.9043657279543,1053.5905882631475,32.45906018761399,0.0072893527595619,0.0072862690956683,0.000127410988581,0.0112876476106002,,,,,,,,,,
2026-03-11 01:32:44,PSO_ELM,GSPC,,20.017633080101835,1102.1376549836048,33.1984586236109,0.0073450092591545,0.0073465150528436,0.0001378912890696,0.0117427121683881,,,,,,,,,,
2026-03-11 01:35:34,PSO_ELM,GSPC,,19.900862854945025,1067.6610819757173,32.67508350372983,0.0073108881397037,0.0073009272392731,0.0001303575145131,0.0114174215352312,,,,,,,,,,
2026-03-11 01:38:30,PSO_ELM,GSPC,,20.10811191766222,1065.505571594751,32.642082831748816,0.0073740892939753,0.0073724834994898,0.0001299155865295,0.0113980518743158,,,,,,,,,,
2026-03-11 01:41:24,PSO_ELM,GSPC,,19.80186897957833,1018.5969668271648,31.915465950337698,0.0072454175137011,0.0072434127447365,0.0001226660400333,0.011075470194686,,,,,,,,,,
2026-03-11 01:44:21,PSO_ELM,GSPC,,19.99544646618465,1089.1994393465563,33.00302166994041,0.0073337684974309,0.0073288225867606,0.0001327828573167,0.0115231444196777,,,,,,,,,,
2026-03-11 01:47:16,PSO_ELM,GSPC,,19.99342640628408,1083.9952906286342,32.92408374774664,0.0073255586308199,0.0073319239559827,0.0001355089295838,0.0116408302789722,,,,,,,,,,
2026-03-11 01:50:12,PSO_ELM,GSPC,,19.79594054685738,1016.694084462732,31.885640725297208,0.0072451508290836,0.0072373176144196,0.0001211340615501,0.0110060920198828,,,,,,,,,,
2026-03-11 01:53:00,PSO_ELM,GSPC,,19.909408118460743,1063.1807596291198,32.606452729929394,0.0073072220713891,0.0073065224493057,0.0001318126306642,0.0114809681936801,,,,,,,,,,
2026-03-11 01:55:53,PSO_ELM,GSPC,,19.960469180452662,1116.273638850156,33.41068150831641,0.0073049185538905,0.0073117482550573,0.0001409530512385,0.0118723650229664,,,,,,,,,,
2026-03-11 01:58:47,PSO_ELM,GSPC,,20.1976685578066,1097.17975237769,33.123703784113424,0.0073792314406329,0.0073827256732326,0.0001344214707139,0.0115940273724862,,,,,,,,,,
2026-03-11 02:01:40,PSO_ELM,GSPC,,20.05029513864425,1090.415990986414,33.021447439299415,0.0073500543290859,0.0073433871260868,0.0001340571267748,0.0115783041407131,,,,,,,,,,
2026-03-11 02:04:27,PSO_ELM,GSPC,,20.1721561518401,1077.747614205285,32.829066605757845,0.0073987383428496,0.007397899082509,0.0001330554759123,0.0115349675297478,,,,,,,,,,
2026-03-11 02:07:20,PSO_ELM,GSPC,,20.033229970984827,1045.617159823631,32.336004079410166,0.0073300148770814,0.0073290457548214,0.0001252794276275,0.0111928292950247,,,,,,,,,,
2026-03-11 02:10:13,PSO_ELM,GSPC,,20.08052374545177,1127.7232537545472,33.581590994986335,0.0073714395468794,0.0073798231888246,0.0001438539738602,0.0119939140342186,,,,,,,,,,
2026-03-11 02:13:15,PSO_ELM,GSPC,,20.01205748094022,1123.1358391975907,33.51321887252239,0.0073394428238868,0.0073370543436118,0.0001401951682653,0.0118404040583642,,,,,,,,,,
2026-03-11 02:16:04,PSO_ELM,GSPC,,19.868765845913508,1044.5070654440244,32.31883453102888,0.0072923114875038,0.0072871200271868,0.0001264135987235,0.0112433802178683,,,,,,,,,,
2026-03-11 02:17:56,PSO_ELM,linear_gradual_drift_1,,,,,,0.0244654049493189,0.0010590347616327,0.0325428142856883,,,,,,,,,,
2026-03-11 02:19:43,PSO_ELM,linear_gradual_drift_2,,,,,,0.0228535185138241,0.0008237113408676,0.0287003717897106,,,,,,,,,,
2026-03-11 02:21:42,PSO_ELM,linear_gradual_drift_3,,,,,,0.0233198257316159,0.000859212674949,0.0293123297427734,,,,,,,,,,
2026-03-11 02:23:21,PSO_ELM,linear_gradual_drift_4,,,,,,0.0243739887284148,0.0009584561698214,0.0309589432930362,,,,,,,,,,
2026-03-11 02:25:17,PSO_ELM,linear_gradual_drift_5,,,,,,0.0231685413840054,0.0008677842087535,0.0294581772815895,,,,,,,,,,
2026-03-11 02:26:57,PSO_ELM,linear_gradual_drift_6,,,,,,0.0226076206145074,0.0008001858213826,0.0282875559457279,,,,,,,,,,
2026-03-11 02:28:35,PSO_ELM,linear_gradual_drift_7,,,,,,0.0246347709414013,0.0009644417990665,0.0310554632724516,,,,,,,,,,
2026-03-11 02:31:11,PSO_ELM,linear_gradual_drift_8,,,,,,0.0234517916411662,0.0008814810946715,0.0296897472988825,,,,,,,,,,
2026-03-11 02:33:39,PSO_ELM,linear_gradual_drift_9,,,,,,0.0223830881570018,0.0008130201070471,0.0285135074490528,,,,,,,,,,
2026-03-11 02:36:01,PSO_ELM,linear_gradual_drift_10,,,,,,0.0226726869588905,0.0008267715451987,0.028753635338835,,,,,,,,,,
2026-03-11 02:38:20,PSO_ELM,linear_gradual_drift_11,,,,,,0.0220754386327091,0.0007794463152788,0.0279185657811942,,,,,,,,,,
2026-03-11 02:40:03,PSO_ELM,linear_gradual_drift_12,,,,,,0.0233115011729946,0.0008686495397601,0.0294728610718422,,,,,,,,,,
2026-03-11 02:41:59,PSO_ELM,linear_gradual_drift_13,,,,,,0.0224733613894031,0.0008183888939086,0.0286074971626086,,,,,,,,,,
2026-03-11 02:43:52,PSO_ELM,linear_gradual_drift_14,,,,,,0.0232651587691865,0.0008571791994974,0.0292776228457404,,,,,,,,,,
2026-03-11 02:45:46,PSO_ELM,linear_gradual_drift_15,,,,,,0.0242073221528928,0.0009922602934403,0.031500163387519,,,,,,,,,,
2026-03-11 02:47:43,PSO_ELM,linear_gradual_drift_16,,,,,,0.0225367954079313,0.0008140250057411,0.0285311234573952,,,,,,,,,,
2026-03-11 02:49:42,PSO_ELM,linear_gradual_drift_17,,,,,,0.0234953152070194,0.0008788312115348,0.029645087477268,,,,,,,,,,
2026-03-11 02:51:38,PSO_ELM,linear_gradual_drift_18,,,,,,0.0309864743042837,0.002029876876095,0.0450541549259897,,,,,,,,,,
2026-03-11 02:53:35,PSO_ELM,linear_gradual_drift_19,,,,,,0.0228811138238849,0.0008349671808211,0.0288957986707607,,,,,,,,,,
2026-03-11 02:55:36,PSO_ELM,linear_gradual_drift_20,,,,,,0.0230956350644798,0.000854914421188,0.0292389196309988,,,,,,,,,,
2026-03-11 02:57:38,PSO_ELM,linear_gradual_drift_21,,,,,,0.0227708890909905,0.0008266447327494,0.0287514300992046,,,,,,,,,,
2026-03-11 02:59:33,PSO_ELM,linear_gradual_drift_22,,,,,,0.0226009244203367,0.0008246830981659,0.0287172961499859,,,,,,,,,,
2026-03-11 03:01:30,PSO_ELM,linear_gradual_drift_23,,,,,,0.0224062227565979,0.0008048021352747,0.0283690347963186,,,,,,,,,,
2026-03-11 03:03:32,PSO_ELM,linear_gradual_drift_24,,,,,,0.0231456552886543,0.000854448912155,0.029230958112163,,,,,,,,,,
2026-03-11 03:05:26,PSO_ELM,linear_gradual_drift_25,,,,,,0.0231813875112981,0.0008591986888499,0.0293120911715623,,,,,,,,,,
2026-03-11 03:07:34,PSO_ELM,linear_gradual_drift_26,,,,,,0.0222464586781329,0.0008102009993968,0.0284640299219355,,,,,,,,,,
2026-03-11 03:09:30,PSO_ELM,linear_gradual_drift_27,,,,,,0.0231262896413936,0.0008444882303847,0.0290600796692768,,,,,,,,,,
2026-03-11 03:11:21,PSO_ELM,linear_gradual_drift_28,,,,,,0.0230313621267724,0.0008410264548607,0.0290004561147016,,,,,,,,,,
2026-03-11 03:13:24,PSO_ELM,linear_gradual_drift_29,,,,,,0.0222162437655255,0.0007994584558351,0.0282746963880273,,,,,,,,,,
2026-03-11 03:15:23,PSO_ELM,linear_gradual_drift_30,,,,,,0.0234210542879132,0.0008841430383984,0.0297345428483174,,,,,,,,,,
2026-03-11 03:17:21,PSO_ELM,linear_abrupt_drift_1,,,,,,0.0415673854911633,0.0034117376137847,0.058410081439635,,,,,,,,,,
2026-03-11 03:19:23,PSO_ELM,linear_abrupt_drift_2,,,,,,0.0310385170642783,0.0017504711358546,0.0418386320982732,,,,,,,,,,
2026-03-11 03:21:23,PSO_ELM,linear_abrupt_drift_3,,,,,,0.0361622209572498,0.0028039814193579,0.0529526337339127,,,,,,,,,,
2026-03-11 03:23:24,PSO_ELM,linear_abrupt_drift_4,,,,,,0.0499490750911161,0.0051652950813108,0.0718699873473682,,,,,,,,,,
2026-03-11 03:25:24,PSO_ELM,linear_abrupt_drift_5,,,,,,0.0337483627401203,0.0019122497941938,0.0437292784549879,,,,,,,,,,
2026-03-11 03:27:34,PSO_ELM,linear_abrupt_drift_6,,,,,,0.0374937825730086,0.0024478992333453,0.0494762491842841,,,,,,,,,,
2026-03-11 03:29:37,PSO_ELM,linear_abrupt_drift_7,,,,,,0.0360585218116801,0.0025095310605355,0.0500952199369912,,,,,,,,,,
2026-03-11 03:31:34,PSO_ELM,linear_abrupt_drift_8,,,,,,0.0593802012179329,0.0087889942074133,0.0937496357721634,,,,,,,,,,
2026-03-11 03:33:35,PSO_ELM,linear_abrupt_drift_9,,,,,,0.0373579793932316,0.0026530310980816,0.0515075829182624,,,,,,,,,,
2026-03-11 03:35:36,PSO_ELM,linear_abrupt_drift_10,,,,,,0.0630753771663612,0.0082945435914136,0.0910743849356866,,,,,,,,,,
2026-03-11 03:37:45,PSO_ELM,linear_abrupt_drift_11,,,,,,0.2016082521063383,0.097922855423765,0.3129262779374162,,,,,,,,,,
2026-03-11 03:39:52,PSO_ELM,linear_abrupt_drift_12,,,,,,0.0694439901588301,0.0159223809286025,0.1261839170758404,,,,,,,,,,
2026-03-11 03:41:47,PSO_ELM,linear_abrupt_drift_13,,,,,,0.0478862069524458,0.0043296234390676,0.0657998741569288,,,,,,,,,,
2026-03-11 03:43:50,PSO_ELM,linear_abrupt_drift_14,,,,,,0.0709599829007789,0.0098763427194778,0.0993797902970107,,,,,,,,,,
2026-03-11 03:46:01,PSO_ELM,linear_abrupt_drift_15,,,,,,0.0425515132813422,0.0036200733609649,0.0601670454731234,,,,,,,,,,
2026-03-11 03:48:08,PSO_ELM,linear_abrupt_drift_16,,,,,,0.0368049683015979,0.0025086069649615,0.0500859956970168,,,,,,,,,,
2026-03-11 03:50:25,PSO_ELM,linear_abrupt_drift_17,,,,,,0.0466474552095556,0.0046640801970966,0.0682940714637562,,,,,,,,,,
2026-03-11 03:52:38,PSO_ELM,linear_abrupt_drift_18,,,,,,0.0484561284347722,0.0050822500981037,0.0712899017961434,,,,,,,,,,
2026-03-11 03:54:42,PSO_ELM,linear_abrupt_drift_19,,,,,,0.0521642200204782,0.0065475775484598,0.08091710294159,,,,,,,,,,
2026-03-11 03:56:44,PSO_ELM,linear_abrupt_drift_20,,,,,,0.0325552451219217,0.0019410019799023,0.0440568040137086,,,,,,,,,,
2026-03-11 03:58:44,PSO_ELM,linear_abrupt_drift_21,,,,,,0.0433216102821418,0.0037997000752579,0.0616417072707917,,,,,,,,,,
2026-03-11 04:00:40,PSO_ELM,linear_abrupt_drift_22,,,,,,0.0465885122747789,0.0053980979128082,0.0734717490795493,,,,,,,,,,
2026-03-11 04:02:37,PSO_ELM,linear_abrupt_drift_23,,,,,,0.0420904874276662,0.0035396535532173,0.059494987631038,,,,,,,,,,
2026-03-11 04:04:37,PSO_ELM,linear_abrupt_drift_24,,,,,,0.0695504486163894,0.015146740691391,0.1230720955025591,,,,,,,,,,
2026-03-11 04:06:30,PSO_ELM,linear_abrupt_drift_25,,,,,,0.0354371765555612,0.0021995878196378,0.046899763534989,,,,,,,,,,
2026-03-11 04:08:24,PSO_ELM,linear_abrupt_drift_26,,,,,,0.0268371714865428,0.0012109787569485,0.0347991200599746,,,,,,,,,,
2026-03-11 04:10:25,PSO_ELM,linear_abrupt_drift_27,,,,,,0.0291251593140055,0.0015951142609076,0.0399388815680614,,,,,,,,,,
2026-03-11 04:12:23,PSO_ELM,linear_abrupt_drift_28,,,,,,0.0358223738160676,0.0022632919338561,0.0475740678716475,,,,,,,,,,
2026-03-11 04:14:24,PSO_ELM,linear_abrupt_drift_29,,,,,,0.0370901954611402,0.0026570616234602,0.0515466936229687,,,,,,,,,,
2026-03-11 04:16:26,PSO_ELM,linear_abrupt_drift_30,,,,,,0.0550368420532086,0.0066714145779711,0.0816787278180261,,,,,,,,,,
2026-03-11 04:18:26,PSO_ELM,nonlinear_gradual_drift_1,,,,,,0.0176768898297753,0.0004944035787184,0.0222351878498579,,,,,,,,,,
2026-03-11 04:20:19,PSO_ELM,nonlinear_gradual_drift_2,,,,,,0.0173027377439328,0.0004684366083671,0.0216433964147752,,,,,,,,,,
2026-03-11 04:22:12,PSO_ELM,nonlinear_gradual_drift_3,,,,,,0.0174425679855948,0.0004797813473968,0.0219039116916783,,,,,,,,,,
2026-03-11 04:24:08,PSO_ELM,nonlinear_gradual_drift_4,,,,,,0.0170474164834386,0.0004535831628116,0.0212974919371194,,,,,,,,,,
2026-03-11 04:26:04,PSO_ELM,nonlinear_gradual_drift_5,,,,,,0.0175346700511889,0.0004887513967196,0.0221077225584109,,,,,,,,,,
2026-03-11 04:28:03,PSO_ELM,nonlinear_gradual_drift_6,,,,,,0.0175119815654344,0.0004841750936633,0.0220039790416039,,,,,,,,,,
2026-03-11 04:30:00,PSO_ELM,nonlinear_gradual_drift_7,,,,,,0.0182666278008259,0.0005327647370282,0.0230816970136142,,,,,,,,,,
2026-03-11 04:32:00,PSO_ELM,nonlinear_gradual_drift_8,,,,,,0.0175525113334046,0.0004844703362222,0.0220106868639365,,,,,,,,,,
2026-03-11 04:33:58,PSO_ELM,nonlinear_gradual_drift_9,,,,,,0.0175215694974535,0.0004832030580426,0.0219818802208235,,,,,,,,,,
2026-03-11 04:35:59,PSO_ELM,nonlinear_gradual_drift_10,,,,,,0.0171899225791624,0.0004678940869852,0.021630859598851,,,,,,,,,,
2026-03-11 04:38:16,PSO_ELM,nonlinear_gradual_drift_11,,,,,,0.0171029103034948,0.0004636790426338,0.0215332079039296,,,,,,,,,,
2026-03-11 04:40:21,PSO_ELM,nonlinear_gradual_drift_12,,,,,,0.0171002715069286,0.0004646443105367,0.0215556097231502,,,,,,,,,,
2026-03-11 04:42:19,PSO_ELM,nonlinear_gradual_drift_13,,,,,,0.0176387545927836,0.000492833944847,0.0221998636222622,,,,,,,,,,
2026-03-11 04:44:20,PSO_ELM,nonlinear_gradual_drift_14,,,,,,0.0177148412959304,0.0004997194993391,0.0223544067096201,,,,,,,,,,
2026-03-11 04:46:14,PSO_ELM,nonlinear_gradual_drift_15,,,,,,0.0177226128083433,0.0004981035470963,0.022318233512005,,,,,,,,,,
2026-03-11 04:48:23,PSO_ELM,nonlinear_gradual_drift_16,,,,,,0.0174944294203887,0.000478674430685,0.0218786295431184,,,,,,,,,,
2026-03-11 04:50:36,PSO_ELM,nonlinear_gradual_drift_17,,,,,,0.0179580585843583,0.0005043900273709,0.0224586292406936,,,,,,,,,,
2026-03-11 04:52:39,PSO_ELM,nonlinear_gradual_drift_18,,,,,,0.0170483932901095,0.0004570535036481,0.0213788096873555,,,,,,,,,,
2026-03-11 04:54:36,PSO_ELM,nonlinear_gradual_drift_19,,,,,,0.0171442657653072,0.0004589546984277,0.0214232280113837,,,,,,,,,,
2026-03-11 04:56:35,PSO_ELM,nonlinear_gradual_drift_20,,,,,,0.0173239089902009,0.0004767879811579,0.0218354752904063,,,,,,,,,,
2026-03-11 04:58:29,PSO_ELM,nonlinear_gradual_drift_21,,,,,,0.0170014290372885,0.0004561954211313,0.0213587317304031,,,,,,,,,,
2026-03-11 05:00:27,PSO_ELM,nonlinear_gradual_drift_22,,,,,,0.017340057228669,0.0004720263293843,0.0217261669280228,,,,,,,,,,
2026-03-11 05:02:22,PSO_ELM,nonlinear_gradual_drift_23,,,,,,0.0173903322523633,0.000476270521501,0.0218236230150056,,,,,,,,,,
2026-03-11 05:04:22,PSO_ELM,nonlinear_gradual_drift_24,,,,,,0.0175067365192724,0.0004859159300337,0.0220435008570262,,,,,,,,,,
2026-03-11 05:06:17,PSO_ELM,nonlinear_gradual_drift_25,,,,,,0.0175887852612856,0.0004883257671389,0.0220980941969888,,,,,,,,,,
2026-03-11 05:08:15,PSO_ELM,nonlinear_gradual_drift_26,,,,,,0.0174122842047549,0.0004840361876279,0.0220008224307182,,,,,,,,,,
2026-03-11 05:10:14,PSO_ELM,nonlinear_gradual_drift_27,,,,,,0.0177170535147147,0.000495290037732,0.0222551126200705,,,,,,,,,,
2026-03-11 05:12:15,PSO_ELM,nonlinear_gradual_drift_28,,,,,,0.0172578271616366,0.0004675634678296,0.0216232159455902,,,,,,,,,,
2026-03-11 05:14:16,PSO_ELM,nonlinear_gradual_drift_29,,,,,,0.0174714848693718,0.0004850131379119,0.0220230138244513,,,,,,,,,,
2026-03-11 05:16:07,PSO_ELM,nonlinear_gradual_drift_30,,,,,,0.0176881760514269,0.0004952777755778,0.0222548371276412,,,,,,,,,,
2026-03-11 05:18:02,PSO_ELM,nonlinear_abrupt_drift_1,,,,,,0.0477511603596488,0.0044772547917713,0.0669122917838821,,,,,,,,,,
2026-03-11 05:19:55,PSO_ELM,nonlinear_abrupt_drift_2,,,,,,0.0318637041493121,0.0019303573787912,0.0439358325150581,,,,,,,,,,
2026-03-11 05:21:51,PSO_ELM,nonlinear_abrupt_drift_3,,,,,,0.0388132427132732,0.0029593599996758,0.0543999999970208,,,,,,,,,,
2026-03-11 05:24:09,PSO_ELM,nonlinear_abrupt_drift_4,,,,,,0.0295443673051818,0.0015466585995874,0.039327580647523,,,,,,,,,,
2026-03-11 05:26:18,PSO_ELM,nonlinear_abrupt_drift_5,,,,,,0.0276773703584069,0.0093730292380015,0.0968144061490928,,,,,,,,,,
2026-03-11 05:28:34,PSO_ELM,nonlinear_abrupt_drift_6,,,,,,0.0251635962051333,0.0010841985472418,0.0329271703497559,,,,,,,,,,
2026-03-11 05:30:43,PSO_ELM,nonlinear_abrupt_drift_7,,,,,,0.0339070095557681,0.0019560341740726,0.0442270751245505,,,,,,,,,,
2026-03-11 05:32:42,PSO_ELM,nonlinear_abrupt_drift_8,,,,,,0.0239214302615471,0.0009764245834747,0.0312477932576807,,,,,,,,,,
2026-03-11 05:34:43,PSO_ELM,nonlinear_abrupt_drift_9,,,,,,0.0353821365587591,0.0025072271594515,0.0500722194380436,,,,,,,,,,
2026-03-11 05:36:45,PSO_ELM,nonlinear_abrupt_drift_10,,,,,,0.0382565483922249,0.0030953354446024,0.05563573891486,,,,,,,,,,
2026-03-11 05:38:42,PSO_ELM,nonlinear_abrupt_drift_11,,,,,,0.0332263371120124,0.0021546555579502,0.046418267502679,,,,,,,,,,
2026-03-11 05:40:42,PSO_ELM,nonlinear_abrupt_drift_12,,,,,,0.0371392201367192,0.00292586569097,0.0540912718557255,,,,,,,,,,
2026-03-11 05:42:35,PSO_ELM,nonlinear_abrupt_drift_13,,,,,,0.0336552566516236,0.0022281837352411,0.0472036411227051,,,,,,,,,,
2026-03-11 05:44:47,PSO_ELM,nonlinear_abrupt_drift_14,,,,,,0.0314862740201531,0.0018273600698501,0.0427476323303424,,,,,,,,,,
2026-03-11 05:46:42,PSO_ELM,nonlinear_abrupt_drift_15,,,,,,0.0379092729373809,0.0030550291953943,0.0552723185273994,,,,,,,,,,
2026-03-11 05:48:38,PSO_ELM,nonlinear_abrupt_drift_16,,,,,,0.0374509480143625,0.0026120945920335,0.0511086547664244,,,,,,,,,,
2026-03-11 05:49:04,PSO_ELM,nonlinear_abrupt_drift_17,,,,,,0.0375572356419059,0.0022398017926215,0.0473265442708587,,,,,,,,,,
2026-03-11 05:51:14,PSO_ELM,nonlinear_abrupt_drift_18,,,,,,0.030975415174785,0.0017251550197928,0.0415349854916647,,,,,,,,,,
2026-03-11 05:55:39,PSO_ELM,nonlinear_abrupt_drift_20,,,,,,0.0423977796902118,0.0036637570094113,0.0605289766096479,,,,,,,,,,
2026-03-11 05:57:48,PSO_ELM,nonlinear_abrupt_drift_21,,,,,,0.0323556679277494,0.0020198603591928,0.0449428565980501,,,,,,,,,,
2026-03-11 05:59:45,PSO_ELM,nonlinear_abrupt_drift_22,,,,,,0.0304658041174218,0.0018366704010793,0.0428563927679328,,,,,,,,,,
2026-03-11 06:01:47,PSO_ELM,nonlinear_abrupt_drift_23,,,,,,0.034344422056049,0.0027339208664475,0.0522869091307525,,,,,,,,,,
2026-03-11 06:05:46,PSO_ELM,nonlinear_abrupt_drift_25,,,,,,0.02583089604638,0.0011149963052601,0.0333915603897177,,,,,,,,,,
2026-03-11 06:07:46,PSO_ELM,nonlinear_abrupt_drift_26,,,,,,0.0377528190073895,0.0031029495368578,0.0557041249537038,,,,,,,,,,
2026-03-11 06:09:52,PSO_ELM,nonlinear_abrupt_drift_27,,,,,,0.0322552342463364,0.0020297145605584,0.0450523535518226,,,,,,,,,,
2026-03-11 06:11:54,PSO_ELM,nonlinear_abrupt_drift_28,,,,,,0.0310480506840413,0.0017503222085286,0.0418368522779693,,,,,,,,,,
2026-03-11 06:13:50,PSO_ELM,nonlinear_abrupt_drift_29,,,,,,0.0343070276999687,0.0023304883217443,0.0482751315041645,,,,,,,,,,
2026-03-11 06:15:46,PSO_ELM,nonlinear_abrupt_drift_30,,,,,,0.0341454397471151,0.0022567266780796,0.0475050173990042,,,,,,,,,,
2026-03-12 16:22:13,ELM_Baseline,GSPC,,19.84609312773687,1025.158494109472,32.01809635361653,0.0072672340814904,0.0072602422622934,0.0001226487710213,0.0110746905609753,,,,,,,,,,
2026-03-12 16:22:13,ELM_Baseline,GSPC,,19.84872464126176,1025.184884738232,32.01850847147993,0.0072603725228359,0.0072556080300604,0.0001222474525816,0.0110565569949062,,,,,,,,,,
2026-03-12 16:22:14,ELM_Baseline,GSPC,,19.69922818488457,990.6686740887668,31.47488958024741,0.0072139178999394,0.007209780321818,0.00011830190656,0.0108766679897866,,,,,,,,,,
2026-03-12 16:22:14,ELM_Baseline,GSPC,,19.898121122625795,1028.4166443745096,32.06893581605897,0.0072811799604341,0.0072760532717063,0.000123432728071,0.0111100282659881,,,,,,,,,,
2026-03-12 16:23:16,ELM_Baseline,GSPC,,19.84609312773687,1025.158494109472,32.01809635361653,0.0072672340814904,0.0072602422622934,0.0001226487710213,0.0110746905609753,,,,,,,,,,
2026-03-12 16:23:16,ELM_Baseline,GSPC,,19.84872464126176,1025.184884738232,32.01850847147993,0.0072603725228359,0.0072556080300604,0.0001222474525816,0.0110565569949062,,,,,,,,,,
2026-03-12 16:23:16,ELM_Baseline,GSPC,,19.69922818488457,990.6686740887668,31.47488958024741,0.0072139178999394,0.007209780321818,0.00011830190656,0.0108766679897866,,,,,,,,,,
2026-03-12 16:23:16,ELM_Baseline,GSPC,,19.898121122625795,1028.4166443745096,32.06893581605897,0.0072811799604341,0.0072760532717063,0.000123432728071,0.0111100282659881,,,,,,,,,,
2026-03-12 16:23:16,ELM_Baseline,GSPC,,19.849380035201595,1020.7869636455524,31.94975686363751,0.0072714714771,0.007262204147503,0.0001221998401548,0.0110544036544197,,,,,,,,,,
2026-03-12 16:23:16,ELM_Baseline,GSPC,,19.81431925287058,1012.264341795898,31.816101926475813,0.0072486237960304,0.0072433108469862,0.0001208102812895,0.0109913730393215,,,,,,,,,,
2026-03-12 16:23:16,ELM_Baseline,GSPC,,19.83616002532337,1012.0665896131534,31.812994037235057,0.0072664386874601,0.0072607865772916,0.0001213610770315,0.0110164003663446,,,,,,,,,,
2026-03-12 16:23:17,ELM_Baseline,GSPC,,19.860826892979954,1032.3125530284815,32.1296211155451,0.0072682662611338,0.0072634060177788,0.0001236467570147,0.011119656335281,,,,,,,,,,
2026-03-12 16:23:17,ELM_Baseline,GSPC,,19.80483932837066,1024.1790414179304,32.00279739988257,0.0072465022419392,0.0072391172560328,0.0001223288654324,0.0110602380368784,,,,,,,,,,
2026-03-12 16:23:17,ELM_Baseline,GSPC,,19.83763258962916,1030.3660479260172,32.09931538095505,0.0072577058620244,0.0072507469920321,0.000123352306864,0.0111064083692262,,,,,,,,,,
2026-03-12 16:23:17,ELM_Baseline,GSPC,,19.898702594927105,1041.8167326297903,32.27718594657518,0.007288855167488,0.0072803214620715,0.0001250088714935,0.0111807366257118,,,,,,,,,,
2026-03-12 16:23:17,ELM_Baseline,GSPC,,19.9432072817527,1030.8557892222152,32.106943006493395,0.0073131850297378,0.0073115476222463,0.0001245435451357,0.0111599079358077,,,,,,,,,,
2026-03-12 16:23:17,ELM_Baseline,GSPC,,19.83226037866281,1025.3700725252718,32.02140022743028,0.0072632853676213,0.0072556727195371,0.0001227150353742,0.0110776818592256,,,,,,,,,,
2026-03-12 16:23:17,ELM_Baseline,GSPC,,19.7700849853815,1004.2198909773932,31.68942869439892,0.0072393842373724,0.0072329907482948,0.0001199352974932,0.0109514975000361,,,,,,,,,,
2026-03-12 16:23:18,ELM_Baseline,GSPC,,19.797249005992825,1015.2770075566708,31.863411737550496,0.0072522386296837,0.0072440406492875,0.0001216209564727,0.0110281891746911,,,,,,,,,,
2026-03-12 16:23:18,ELM_Baseline,GSPC,,19.860910392378862,1015.5407580925194,31.867550236761524,0.0072781338265454,0.0072709685688224,0.0001215742550279,0.0110260716045189,,,,,,,,,,
2026-03-12 16:23:18,ELM_Baseline,GSPC,,19.81089859018855,1036.1920150989138,32.18993655009145,0.0072526906639653,0.0072524073486161,0.0001255012158066,0.0112027325151787,,,,,,,,,,
2026-03-12 16:23:18,ELM_Baseline,GSPC,,19.82830980207061,1018.6693397764412,31.91659975273747,0.0072621167116901,0.0072559747988304,0.000122039855712,0.0110471650531713,,,,,,,,,,
2026-03-12 16:23:18,ELM_Baseline,GSPC,,19.85958318172092,1021.9860408226134,31.96851640008672,0.0072701430184409,0.0072614000480612,0.0001217724982142,0.0110350576896679,,,,,,,,,,
2026-03-12 16:23:18,ELM_Baseline,GSPC,,19.75707260341904,1021.5637305377152,31.961910620889284,0.0072264148282711,0.0072202125760158,0.0001221670523533,0.0110529205350127,,,,,,,,,,
2026-03-12 16:23:18,ELM_Baseline,GSPC,,19.869724981514064,1026.8042727491668,32.04378680413984,0.0072803666607748,0.00727637156546,0.0001235793844414,0.0111166264865492,,,,,,,,,,
2026-03-12 16:23:18,ELM_Baseline,GSPC,,19.791740660175936,1012.7361379512032,31.823515486998023,0.0072552107685559,0.007249294226611,0.0001219796811547,0.0110444411879821,,,,,,,,,,
2026-03-12 16:23:19,ELM_Baseline,GSPC,,19.81968487270492,1022.0484587220452,31.96949262534589,0.007265719818263,0.0072595959774106,0.0001230225881777,0.0110915548133606,,,,,,,,,,
2026-03-12 16:23:19,ELM_Baseline,GSPC,,19.81475555269309,1019.8291030120428,31.93476323713772,0.0072639177811586,0.0072590088487097,0.0001230062463731,0.0110908181110827,,,,,,,,,,
2026-03-12 16:23:19,ELM_Baseline,GSPC,,19.76278233710428,1005.387201740746,31.70784132893228,0.007237067690229,0.0072297189863066,0.0001198933074199,0.0109495802394427,,,,,,,,,,
2026-03-12 16:23:19,ELM_Baseline,GSPC,,19.98939307051305,1063.573758039637,32.61247856326834,0.0073244570341106,0.0073135761847596,0.0001280025793997,0.0113138224928506,,,,,,,,,,
2026-03-12 16:23:19,ELM_Baseline,GSPC,,19.73543633912248,1007.8262647718886,31.74627954220602,0.0072188419995868,0.0072124066391812,0.000120362548468,0.0109709866679386,,,,,,,,,,
2026-03-12 16:23:19,ELM_Baseline,GSPC,,19.87907190156729,1025.0235279310923,32.0159886296065,0.007284298396978,0.0072761609941412,0.0001224956747654,0.0110677764146837,,,,,,,,,,
2026-03-12 16:23:19,ELM_Baseline,GSPC,,19.88107536227641,1029.3729753227146,32.08384290141558,0.0072726775657549,0.0072663095280963,0.0001228373656165,0.011083201956862,,,,,,,,,,
2026-03-12 16:23:20,ELM_Baseline,GSPC,,19.736761169253867,1011.353846043152,31.801789981747127,0.0072251345230438,0.007218734279738,0.0001209398096613,0.0109972637351927,,,,,,,,,,
2026-03-12 16:23:20,ELM_Baseline,linear_gradual_drift_1,,,,,,0.0304142453113781,0.001567424273971,0.0395907094401073,,,,,,,,,,
2026-03-12 16:23:20,ELM_Baseline,linear_gradual_drift_2,,,,,,0.0275180829636284,0.0012241653893,0.0349880749584772,,,,,,,,,,
2026-03-12 16:23:20,ELM_Baseline,linear_gradual_drift_3,,,,,,0.036938652644112,0.002242832615798,0.047358553776462,,,,,,,,,,
2026-03-12 16:23:20,ELM_Baseline,linear_gradual_drift_4,,,,,,0.0430127504450094,0.0043490662518941,0.0659474506853306,,,,,,,,,,
2026-03-12 16:23:20,ELM_Baseline,linear_gradual_drift_5,,,,,,0.0376253396102618,0.0025709728807772,0.050704761914215,,,,,,,,,,
2026-03-12 16:23:20,ELM_Baseline,linear_gradual_drift_6,,,,,,0.0328335548349646,0.001799200233415,0.0424169804844132,,,,,,,,,,
2026-03-12 16:23:20,ELM_Baseline,linear_gradual_drift_7,,,,,,0.0454776469577559,0.0037956359281166,0.0616087325637905,,,,,,,,,,
2026-03-12 16:23:20,ELM_Baseline,linear_gradual_drift_8,,,,,,0.0626909172985711,0.0085332628368583,0.092375661496188,,,,,,,,,,
2026-03-12 16:23:20,ELM_Baseline,linear_gradual_drift_9,,,,,,0.0322020690761952,0.0019019834468947,0.0436117351970174,,,,,,,,,,
2026-03-12 16:23:20,ELM_Baseline,linear_gradual_drift_10,,,,,,0.040309886281266,0.0030383942417799,0.0551216313417873,,,,,,,,,,
2026-03-12 16:23:20,ELM_Baseline,linear_gradual_drift_11,,,,,,0.0315435385716388,0.0019778212259974,0.0444727020316673,,,,,,,,,,
2026-03-12 16:23:21,ELM_Baseline,linear_gradual_drift_12,,,,,,0.032023922630038,0.0017645813074928,0.0420069197572596,,,,,,,,,,
2026-03-12 16:23:21,ELM_Baseline,linear_gradual_drift_13,,,,,,0.037595176718867,0.0023671289240457,0.0486531491688434,,,,,,,,,,
2026-03-12 16:23:21,ELM_Baseline,linear_gradual_drift_14,,,,,,0.0324668926757633,0.0018640994882653,0.0431752184506959,,,,,,,,,,
2026-03-12 16:23:21,ELM_Baseline,linear_gradual_drift_15,,,,,,0.0410772401595105,0.0031111650887892,0.0557778189676621,,,,,,,,,,
2026-03-12 16:23:21,ELM_Baseline,linear_gradual_drift_16,,,,,,0.0300070289596132,0.0015118941591155,0.0388830831997094,,,,,,,,,,
2026-03-12 16:23:21,ELM_Baseline,linear_gradual_drift_17,,,,,,0.0313049236674334,0.0016512178014869,0.0406351793583712,,,,,,,,,,
2026-03-12 16:23:21,ELM_Baseline,linear_gradual_drift_18,,,,,,0.0762186949152335,0.0201593670338664,0.1419836858018078,,,,,,,,,,
2026-03-12 16:23:21,ELM_Baseline,linear_gradual_drift_19,,,,,,0.0283890058829221,0.001363135695402,0.0369206675915007,,,,,,,,,,
2026-03-12 16:23:21,ELM_Baseline,linear_gradual_drift_20,,,,,,0.0428987079632669,0.006052814314941,0.0777998349287517,,,,,,,,,,
2026-03-12 16:23:21,ELM_Baseline,linear_gradual_drift_21,,,,,,0.0444668905417253,0.0039928409100662,0.0631889302810722,,,,,,,,,,
2026-03-12 16:23:21,ELM_Baseline,linear_gradual_drift_22,,,,,,0.0384624680985023,0.0027722430564306,0.0526520945113361,,,,,,,,,,
2026-03-12 16:23:22,ELM_Baseline,linear_gradual_drift_23,,,,,,0.0330497958960671,0.001972691375272,0.0444149904342222,,,,,,,,,,
2026-03-12 16:23:22,ELM_Baseline,linear_gradual_drift_24,,,,,,0.0328599474441597,0.0018019236184599,0.0424490708786411,,,,,,,,,,
2026-03-12 16:23:22,ELM_Baseline,linear_gradual_drift_25,,,,,,0.0332546218947209,0.0021371300288386,0.046229103699278,,,,,,,,,,
2026-03-12 16:23:22,ELM_Baseline,linear_gradual_drift_26,,,,,,0.0401012539789429,0.0030906763103162,0.0555938513714981,,,,,,,,,,
2026-03-12 16:23:22,ELM_Baseline,linear_gradual_drift_27,,,,,,0.0336758745255877,0.001934995978774,0.0439885891882663,,,,,,,,,,
2026-03-12 16:23:22,ELM_Baseline,linear_gradual_drift_28,,,,,,0.0297021144807045,0.0014167153596859,0.0376392794788365,,,,,,,,,,
2026-03-12 16:23:22,ELM_Baseline,linear_gradual_drift_29,,,,,,0.032506541536448,0.0019418311137303,0.0440662128362574,,,,,,,,,,
2026-03-12 16:23:22,ELM_Baseline,linear_gradual_drift_30,,,,,,0.0314476924990275,0.0019555100291215,0.0442211491157975,,,,,,,,,,
2026-03-12 16:23:22,ELM_Baseline,linear_abrupt_drift_1,,,,,,0.0907467293368383,0.0203389042360474,0.1426145302416532,,,,,,,,,,
2026-03-12 16:23:22,ELM_Baseline,linear_abrupt_drift_2,,,,,,0.0742160577129767,0.0168699124801928,0.1298842272186765,,,,,,,,,,
2026-03-12 16:23:22,ELM_Baseline,linear_abrupt_drift_3,,,,,,0.1127886431771558,0.035867283981979,0.1893865992671579,,,,,,,,,,
2026-03-12 16:23:22,ELM_Baseline,linear_abrupt_drift_4,,,,,,0.1007427440162209,0.0221747972592183,0.1489120453798764,,,,,,,,,,
2026-03-12 16:23:22,ELM_Baseline,linear_abrupt_drift_5,,,,,,0.0362819347063997,0.0022872645376542,0.0478253545481289,,,,,,,,,,
2026-03-12 16:23:23,ELM_Baseline,linear_abrupt_drift_6,,,,,,0.0406700373444608,0.0033910125952351,0.0582324015925423,,,,,,,,,,
2026-03-12 16:23:23,ELM_Baseline,linear_abrupt_drift_7,,,,,,0.0458846103278545,0.0036669779726675,0.0605555775520926,,,,,,,,,,
2026-03-12 16:23:23,ELM_Baseline,linear_abrupt_drift_8,,,,,,0.2536412387374991,0.1465505290037311,0.3828191857832247,,,,,,,,,,
2026-03-12 16:23:23,ELM_Baseline,linear_abrupt_drift_9,,,,,,0.2087840693623593,0.1107957889408275,0.3328600140311653,,,,,,,,,,
2026-03-12 16:23:23,ELM_Baseline,linear_abrupt_drift_10,,,,,,0.0798731441715591,0.0163443323213441,0.127844954227158,,,,,,,,,,
2026-03-12 16:23:23,ELM_Baseline,linear_abrupt_drift_11,,,,,,0.2004697451495793,0.102684241011973,0.320443818807561,,,,,,,,,,
2026-03-12 16:23:23,ELM_Baseline,linear_abrupt_drift_12,,,,,,0.0664491476039437,0.0167488932235589,0.1294175151343855,,,,,,,,,,
2026-03-12 16:23:23,ELM_Baseline,linear_abrupt_drift_13,,,,,,0.032628550964601,0.0017348562860127,0.0416516060436178,,,,,,,,,,
2026-03-12 16:23:23,ELM_Baseline,linear_abrupt_drift_14,,,,,,0.1294935078010048,0.0390055660641637,0.1974982685092803,,,,,,,,,,
2026-03-12 16:23:23,ELM_Baseline,linear_abrupt_drift_15,,,,,,0.1423222805185567,0.047494216419278,0.2179316783289616,,,,,,,,,,
2026-03-12 16:23:23,ELM_Baseline,linear_abrupt_drift_16,,,,,,0.0352916829422245,0.0020204798178876,0.0449497476954838,,,,,,,,,,
2026-03-12 16:23:24,ELM_Baseline,linear_abrupt_drift_17,,,,,,0.049113795881797,0.0038712420748229,0.0622193062868991,,,,,,,,,,
2026-03-12 16:23:24,ELM_Baseline,linear_abrupt_drift_18,,,,,,0.0609654278481673,0.0079780348527674,0.0893198457945793,,,,,,,,,,
2026-03-12 16:23:24,ELM_Baseline,linear_abrupt_drift_19,,,,,,0.0621477777518869,0.0075448736139219,0.0868612319387766,,,,,,,,,,
2026-03-12 16:23:24,ELM_Baseline,linear_abrupt_drift_20,,,,,,0.0396692603937976,0.0027682816519896,0.052614462384307,,,,,,,,,,
2026-03-12 16:23:24,ELM_Baseline,linear_abrupt_drift_21,,,,,,0.0426195033151831,0.0032036576386444,0.0566008625256228,,,,,,,,,,
2026-03-12 16:23:24,ELM_Baseline,linear_abrupt_drift_22,,,,,,0.1092829481477313,0.024697350927868,0.1571539084078664,,,,,,,,,,
2026-03-12 16:23:24,ELM_Baseline,linear_abrupt_drift_23,,,,,,0.0368193575986817,0.0025307649344635,0.0503067086427199,,,,,,,,,,
2026-03-12 16:23:24,ELM_Baseline,linear_abrupt_drift_24,,,,,,0.2433475564429663,0.163386172425214,0.4042105545692913,,,,,,,,,,
2026-03-12 16:23:24,ELM_Baseline,linear_abrupt_drift_25,,,,,,0.0357790949001255,0.0020390108727418,0.0451554080121294,,,,,,,,,,
2026-03-12 16:23:24,ELM_Baseline,linear_abrupt_drift_26,,,,,,0.0413658485487806,0.0028988507711025,0.0538409766915738,,,,,,,,,,
2026-03-12 16:23:24,ELM_Baseline,linear_abrupt_drift_27,,,,,,0.0605992622665662,0.0082181786110228,0.0906541704006103,,,,,,,,,,
2026-03-12 16:23:24,ELM_Baseline,linear_abrupt_drift_28,,,,,,0.0369081137472882,0.0026394836758655,0.0513759055965497,,,,,,,,,,
2026-03-12 16:23:25,ELM_Baseline,linear_abrupt_drift_29,,,,,,0.0351171650852317,0.0022418643427666,0.0473483298836051,,,,,,,,,,
2026-03-12 16:23:25,ELM_Baseline,linear_abrupt_drift_30,,,,,,0.0609327820991946,0.0076364942109837,0.0873870368589285,,,,,,,,,,
2026-03-12 16:23:25,ELM_Baseline,nonlinear_gradual_drift_1,,,,,,0.0175074953334902,0.0004840770926961,0.0220017520369671,,,,,,,,,,
2026-03-12 16:23:25,ELM_Baseline,nonlinear_gradual_drift_2,,,,,,0.0174546430840178,0.0004739910310799,0.0217713350780328,,,,,,,,,,
2026-03-12 16:23:25,ELM_Baseline,nonlinear_gradual_drift_3,,,,,,0.0187702977430769,0.0005718206441571,0.0239127715699616,,,,,,,,,,
2026-03-12 16:23:25,ELM_Baseline,nonlinear_gradual_drift_4,,,,,,0.0194713886971579,0.0006031083037636,0.0245582634517104,,,,,,,,,,
2026-03-12 16:23:25,ELM_Baseline,nonlinear_gradual_drift_5,,,,,,0.0182760129253767,0.0005308514517263,0.0230402137951537,,,,,,,,,,
2026-03-12 16:23:25,ELM_Baseline,nonlinear_gradual_drift_6,,,,,,0.0195982077663222,0.0006116164200729,0.0247308798887746,,,,,,,,,,
2026-03-12 16:23:25,ELM_Baseline,nonlinear_gradual_drift_7,,,,,,0.0209955838934918,0.0007000982692826,0.0264593701603545,,,,,,,,,,
2026-03-12 16:23:25,ELM_Baseline,nonlinear_gradual_drift_8,,,,,,0.0197864275126214,0.000616592106332,0.0248312727489364,,,,,,,,,,
2026-03-12 16:23:25,ELM_Baseline,nonlinear_gradual_drift_9,,,,,,0.0192727112428292,0.0005951870648489,0.0243964559895271,,,,,,,,,,
2026-03-12 16:23:25,ELM_Baseline,nonlinear_gradual_drift_10,,,,,,0.0180308397259251,0.0005088062945989,0.0225567350163752,,,,,,,,,,
2026-03-12 16:23:26,ELM_Baseline,nonlinear_gradual_drift_11,,,,,,0.0186428600332956,0.0005516210574084,0.023486614430532,,,,,,,,,,
2026-03-12 16:23:26,ELM_Baseline,nonlinear_gradual_drift_12,,,,,,0.0169294917045887,0.000451640908999,0.0212518448375439,,,,,,,,,,
2026-03-12 16:23:26,ELM_Baseline,nonlinear_gradual_drift_13,,,,,,0.0183024921106703,0.0005288227014763,0.0229961453612641,,,,,,,,,,
2026-03-12 16:23:26,ELM_Baseline,nonlinear_gradual_drift_14,,,,,,0.0184923126670822,0.000540578857768,0.0232503517772962,,,,,,,,,,
2026-03-12 16:23:26,ELM_Baseline,nonlinear_gradual_drift_15,,,,,,0.0209386688127338,0.0006998501901525,0.026454681819152,,,,,,,,,,
2026-03-12 16:23:26,ELM_Baseline,nonlinear_gradual_drift_16,,,,,,0.0172265779694391,0.0004608794107517,0.0214681021693053,,,,,,,,,,
2026-03-12 16:23:26,ELM_Baseline,nonlinear_gradual_drift_17,,,,,,0.0185583222522132,0.0005456293485038,0.023358710334773,,,,,,,,,,
2026-03-12 16:23:26,ELM_Baseline,nonlinear_gradual_drift_18,,,,,,0.0198312659437801,0.0006468827340175,0.025433889478756,,,,,,,,,,
2026-03-12 16:23:26,ELM_Baseline,nonlinear_gradual_drift_19,,,,,,0.0188808663376165,0.0005593199138039,0.0236499453234865,,,,,,,,,,
2026-03-12 16:23:26,ELM_Baseline,nonlinear_gradual_drift_20,,,,,,0.0185236500739513,0.0005460154719559,0.0233669739580453,,,,,,,,,,
2026-03-12 16:23:26,ELM_Baseline,nonlinear_gradual_drift_21,,,,,,0.0173023243764787,0.000475963816095,0.0218165949702291,,,,,,,,,,
2026-03-12 16:23:26,ELM_Baseline,nonlinear_gradual_drift_22,,,,,,0.0170232666945321,0.0004549143611954,0.0213287215086947,,,,,,,,,,
2026-03-12 16:23:27,ELM_Baseline,nonlinear_gradual_drift_23,,,,,,0.0174972282949834,0.0004805621669183,0.0219217281918736,,,,,,,,,,
2026-03-12 16:23:27,ELM_Baseline,nonlinear_gradual_drift_24,,,,,,0.018162949085112,0.0005202154841037,0.0228082328141345,,,,,,,,,,
2026-03-12 16:23:27,ELM_Baseline,nonlinear_gradual_drift_25,,,,,,0.0174079802624834,0.0004777620285193,0.0218577681504613,,,,,,,,,,
2026-03-12 16:23:27,ELM_Baseline,nonlinear_gradual_drift_26,,,,,,0.0211964927577068,0.0007148308432452,0.0267363206751657,,,,,,,,,,
2026-03-12 16:23:27,ELM_Baseline,nonlinear_gradual_drift_27,,,,,,0.0182292904461812,0.0005224726933765,0.0228576615902966,,,,,,,,,,
2026-03-12 16:23:27,ELM_Baseline,nonlinear_gradual_drift_28,,,,,,0.0181842705030903,0.000519777667318,0.0227986330142416,,,,,,,,,,
2026-03-12 16:23:27,ELM_Baseline,nonlinear_gradual_drift_29,,,,,,0.0174457619084563,0.0004809753022188,0.0219311491312894,,,,,,,,,,
2026-03-12 16:23:27,ELM_Baseline,nonlinear_gradual_drift_30,,,,,,0.0194359130825399,0.000601138646983,0.0245181289453949,,,,,,,,,,
2026-03-12 16:23:27,ELM_Baseline,nonlinear_abrupt_drift_1,,,,,,0.0613862331896373,0.009947887020986,0.0997390947471755,,,,,,,,,,
2026-03-12 16:23:27,ELM_Baseline,nonlinear_abrupt_drift_2,,,,,,0.0315025119690589,0.0017386746009383,0.0416974171974523,,,,,,,,,,
2026-03-12 16:23:27,ELM_Baseline,nonlinear_abrupt_drift_3,,,,,,0.0528957173667161,0.0047267283024027,0.0687512058250814,,,,,,,,,,
2026-03-12 16:23:27,ELM_Baseline,nonlinear_abrupt_drift_4,,,,,,0.076014695558959,0.0090812606331736,0.0952956485531928,,,,,,,,,,
2026-03-12 16:23:28,ELM_Baseline,nonlinear_abrupt_drift_5,,,,,,0.1876234813398291,0.062826869991868,0.2506528874596661,,,,,,,,,,
2026-03-12 16:23:28,ELM_Baseline,nonlinear_abrupt_drift_6,,,,,,0.067680378989982,0.0102496158214541,0.1012403863162037,,,,,,,,,,
2026-03-12 16:23:28,ELM_Baseline,nonlinear_abrupt_drift_7,,,,,,0.0331673766557274,0.0017965786363909,0.0423860665359616,,,,,,,,,,
2026-03-12 16:23:28,ELM_Baseline,nonlinear_abrupt_drift_8,,,,,,0.051815702214862,0.00510021799443,0.0714158105354133,,,,,,,,,,
2026-03-12 16:23:28,ELM_Baseline,nonlinear_abrupt_drift_9,,,,,,0.0526992387134084,0.0042831639283379,0.0654458854958653,,,,,,,,,,
2026-03-12 16:23:28,ELM_Baseline,nonlinear_abrupt_drift_10,,,,,,0.0423994249271363,0.0031739482052944,0.056337804406051,,,,,,,,,,
2026-03-12 16:23:28,ELM_Baseline,nonlinear_abrupt_drift_11,,,,,,0.0614313738415773,0.0077698465555362,0.0881467330962198,,,,,,,,,,
2026-03-12 16:23:28,ELM_Baseline,nonlinear_abrupt_drift_12,,,,,,0.0339152579571155,0.0019126892270604,0.0437343026360368,,,,,,,,,,
2026-03-12 16:23:28,ELM_Baseline,nonlinear_abrupt_drift_13,,,,,,0.0559230115440478,0.0051593818544809,0.0718288372067999,,,,,,,,,,
2026-03-12 16:23:28,ELM_Baseline,nonlinear_abrupt_drift_14,,,,,,0.0261135835244447,0.0010981855605629,0.033138882910607,,,,,,,,,,
2026-03-12 16:23:28,ELM_Baseline,nonlinear_abrupt_drift_15,,,,,,0.028535361451056,0.0013366639257546,0.0365604147371807,,,,,,,,,,
2026-03-12 16:23:28,ELM_Baseline,nonlinear_abrupt_drift_16,,,,,,0.0311709169448583,0.0015342604360675,0.0391696366598868,,,,,,,,,,
2026-03-12 16:23:29,ELM_Baseline,nonlinear_abrupt_drift_17,,,,,,0.093239414487668,0.0147633078346555,0.1215043531510517,,,,,,,,,,
2026-03-12 16:23:29,ELM_Baseline,nonlinear_abrupt_drift_18,,,,,,0.1004914081626673,0.0266604531392457,0.1632802901125722,,,,,,,,,,
2026-03-12 16:23:28,ELM_Baseline,nonlinear_abrupt_drift_19,,,,,,0.0261135835244447,0.0010981855605629,0.033138882910607,,,,,,,,,,
2026-03-12 16:23:29,ELM_Baseline,nonlinear_abrupt_drift_20,,,,,,0.1101973778744856,0.0188499131398578,0.1372949858511147,,,,,,,,,,
2026-03-12 16:23:29,ELM_Baseline,nonlinear_abrupt_drift_21,,,,,,0.035832759517564,0.0024176852752661,0.049169963140785,,,,,,,,,,
2026-03-12 16:23:29,ELM_Baseline,nonlinear_abrupt_drift_22,,,,,,0.052084396503794,0.0077929740789374,0.0882778232566791,,,,,,,,,,
2026-03-12 16:23:29,ELM_Baseline,nonlinear_abrupt_drift_23,,,,,,0.0459822276794301,0.0063757515082709,0.0798483031020133,,,,,,,,,,
2026-03-12 16:23:28,ELM_Baseline,nonlinear_abrupt_drift_24,,,,,,0.067680378989982,0.0102496158214541,0.1012403863162037,,,,,,,,,,
2026-03-12 16:23:29,ELM_Baseline,nonlinear_abrupt_drift_25,,,,,,0.0386348615342796,0.0024856912881893,0.0498567075546449,,,,,,,,,,
2026-03-12 16:23:29,ELM_Baseline,nonlinear_abrupt_drift_26,,,,,,0.073765675645446,0.0088590992017911,0.094122787898527,,,,,,,,,,
2026-03-12 16:23:29,ELM_Baseline,nonlinear_abrupt_drift_27,,,,,,0.0642696108672264,0.0105105995116274,0.1025212149344098,,,,,,,,,,
2026-03-12 16:23:29,ELM_Baseline,nonlinear_abrupt_drift_28,,,,,,0.036867397354955,0.0022935135828979,0.0478906419136137,,,,,,,,,,
2026-03-12 16:23:29,ELM_Baseline,nonlinear_abrupt_drift_29,,,,,,0.0311963429660993,0.0015974973607004,0.0399687047663603,,,,,,,,,,
2026-03-12 16:23:30,ELM_Baseline,nonlinear_abrupt_drift_30,,,,,,0.0338189457142714,0.0020175091823712,0.044916691578646,,,,,,,,,,