timestamp,model,dataset,notes,Return_MAE,Return_MSE,Return_RMSE,num_drifts_detected,total_retrain_time,average_retrain_time,model_switches,trial_verdicts,trials_promoted,trials_held,final_model,num_retrains,total_time,price_MAE,price_MSE,price_RMSE,price_MAPE
2026-03-06 04:18:34,PSO_LSTM_kswin,GSPC,,0.0071974955723463,0.0001179280335207,0.0108594674602763,9,98.21995401382446,10.913328223758274,3,"['held', 'held', 'held', 'promoted', 'promoted', 'held', 'promoted', 'held', 'held']",3,6,v3,9,108.63524198532104,19.759025632614104,1002.9642699721716,31.66961114336852,0.007209704189718
2026-03-06 04:19:10,PSO_ELM_kswin,GSPC,,0.007377575492041,0.000133263677752,0.011543988814617,7,35.58207321166992,5.083153315952846,4,"['promoted', 'promoted', 'held', 'held', 'promoted', 'promoted', 'held']",4,3,v0,7,36.258709192276,20.18316204133551,1076.6422722346545,32.81222748053924,0.0073830101914791
2026-03-06 04:19:20,LSTM_kswin,GSPC,,0.007387575255554,0.0001221880407972,0.0110538699466414,8,1.066517353057861,0.1333146691322326,3,"['promoted', 'promoted', 'promoted', 'held', 'held', 'held', 'held', 'held']",3,5,v1,8,10.19740104675293,20.013988852946376,1012.31507262932,31.816899167412902,0.0073878724215103
2026-03-06 04:19:21,ELM_kswin,GSPC,,0.0073289030445041,0.0001217801280084,0.0110354033912879,7,0.0020081996917724,0.0002868856702532,5,"['promoted', 'promoted', 'promoted', 'promoted', 'held', 'held', 'promoted']",5,2,v6,7,0.7166037559509277,20.10846984327301,1037.7967182873715,32.21485244863573,0.0073425186322059
2026-03-06 04:26:12,PSO_LSTM_kswin,GSPC,,0.0071851209818524,0.0001174424934202,0.010837088788982,9,140.6159632205963,15.62399591339959,4,"['held', 'held', 'held', 'promoted', 'held', 'promoted', 'promoted', 'promoted', 'held']",4,5,v0,9,152.4111180305481,19.69932336621501,997.143432583654,31.577578003761687,0.0071975670962301
2026-03-06 04:27:24,PSO_ELM_kswin,GSPC,,0.0074009632507299,0.0001379266557306,0.0117442179701627,8,71.4463210105896,8.9307901263237,2,"['held', 'held', 'held', 'held', 'held', 'held', 'promoted', 'promoted']",2,6,v0,8,72.1332471370697,20.29404134335688,1146.6726557427503,33.862555363450504,0.0074109655025433
2026-03-06 04:27:35,LSTM_kswin,GSPC,,0.0072478194878662,0.0001203831857328,0.010971927165858,7,1.0291268825531006,0.1470181260790143,5,"['held', 'promoted', 'promoted', 'promoted', 'held', 'promoted', 'promoted']",5,2,v2,7,11.227784156799316,19.82827328264882,1013.7154121959844,31.838897785507346,0.0072491454970636
2026-03-06 04:27:36,ELM_kswin,GSPC,,0.0073307441338796,0.0001258239745674,0.0112171286240055,8,0.0049927234649658,0.0006240904331207,4,"['promoted', 'promoted', 'held', 'promoted', 'held', 'held', 'held', 'promoted']",4,4,v8,8,0.6585943698883057,20.10180091475793,1056.417534315849,32.50257734881726,0.0073419491389683
2026-03-06 04:33:06,PSO_LSTM_kswin,GSPC,,0.0072316065151347,0.0001185173626565,0.0108865679925584,8,50.91111636161804,6.363889545202255,2,"['held', 'promoted', 'promoted', 'held', 'held', 'held', 'held', 'held']",2,6,v1,8,62.58997964859009,19.73865772300824,998.3681287508568,31.59696391666225,0.0072424537850841
2026-03-06 04:33:44,PSO_ELM_kswin,GSPC,,0.0076201418836612,0.0001586990929273,0.0125975828208154,9,37.35504484176636,4.15056053797404,6,"['held', 'held', 'held', 'promoted', 'promoted', 'promoted', 'promoted', 'promoted', 'promoted']",6,3,v7,9,37.94280004501343,21.00218863163749,1289.164165952236,35.90493233460044,0.0076290084549606
2026-03-06 04:33:55,LSTM_kswin,GSPC,,0.0075540923346297,0.0001259770691232,0.0112239506914118,8,1.3725683689117432,0.1715710461139679,5,"['promoted', 'promoted', 'promoted', 'held', 'held', 'held', 'promoted', 'promoted']",5,3,v8,8,11.183613300323486,20.44272218010024,1047.0399135964187,32.35799613073125,0.0075477177380297
2026-03-06 04:33:56,ELM_kswin,GSPC,,0.0074249904949723,0.0001245618778033,0.0111607292684352,10,0.0033774375915527,0.0003377437591552,8,"['promoted', 'held', 'promoted', 'promoted', 'promoted', 'promoted', 'promoted', 'promoted', 'promoted']",8,1,v9,10,0.419832706451416,20.45872369680025,1059.4422995485236,32.54907524874591,0.0074336921470764
2026-03-06 04:39:41,PSO_LSTM_kswin,GSPC,,0.0071755781062422,0.000117928786659,0.0108595021367925,7,47.62916254997253,6.804166078567505,5,"['promoted', 'promoted', 'promoted', 'held', 'held', 'promoted', 'promoted']",5,2,v1,7,59.15494418144226,19.66350864083613,998.0980845497186,31.59269036580644,0.0071883708191053
2026-03-06 04:40:29,PSO_ELM_kswin,GSPC,,0.0073230414900035,0.000122753261147,0.0110794070756084,8,47.44183444976807,5.930229306221008,5,"['held', 'held', 'held', 'promoted', 'promoted', 'promoted', 'promoted', 'promoted']",5,3,v8,8,48.00411009788513,20.18031607110561,1044.0724936898123,32.312110635020616,0.007330439272044
2026-03-06 04:40:40,LSTM_kswin,GSPC,,0.0075021277631067,0.000123930685275,0.0111324159675738,8,1.213306188583374,0.1516632735729217,7,"['promoted', 'promoted', 'promoted', 'promoted', 'held', 'promoted', 'promoted', 'promoted']",7,1,v8,8,10.483028650283812,20.31234968764125,1024.8987650700242,32.01404012413966,0.0074954151616715
2026-03-06 04:40:40,ELM_kswin,GSPC,,0.0075212255906328,0.0001418629663361,0.0119106240951589,9,0.0030286312103271,0.0003365145789252,7,"['promoted', 'promoted', 'promoted', 'held', 'promoted', 'promoted', 'promoted', 'promoted', 'held']",7,2,v8,9,0.3942821025848388,20.449001599826538,1147.3134348602011,33.8720155122219,0.0075350971036123
2026-03-06 04:46:06,PSO_LSTM_kswin,GSPC,,0.0071676022707737,0.0001176923816816,0.0108486119702796,9,51.4188015460968,5.713200171788533,0,"['held', 'held', 'held', 'held', 'held', 'held', 'held', 'held', 'held']",0,9,v0,9,61.99190831184387,19.636548583042217,994.9964518817268,31.54356434966928,0.0071790291993143
2026-03-06 04:46:43,PSO_ELM_kswin,GSPC,,0.0076634555725314,0.0001399073556807,0.0118282439812805,8,36.31312394142151,4.539140492677689,7,"['promoted', 'promoted', 'promoted', 'promoted', 'promoted', 'held', 'promoted', 'promoted']",7,1,v8,8,36.946632623672485,21.09119260352474,1211.0604796365692,34.80029424640788,0.0076870311297658
2026-03-06 04:46:53,LSTM_kswin,GSPC,,0.0075243114932749,0.000124549461582,0.0111601730086087,8,1.1501996517181396,0.1437749564647674,8,"['promoted', 'promoted', 'promoted', 'promoted', 'promoted', 'promoted', 'promoted', 'promoted']",8,0,v1,8,10.135100603103638,20.25004560780585,1022.251216228469,31.97266357731975,0.0075181071797023
2026-03-06 04:46:54,ELM_kswin,GSPC,,0.007600496787473,0.0001445843452282,0.0120243230673596,8,0.0051991939544677,0.0006498992443084,4,"['promoted', 'promoted', 'held', 'held', 'held', 'promoted', 'held', 'promoted']",4,4,v0,8,0.5527100563049316,20.95151467854892,1220.2558715425953,34.932160991593335,0.0076146864098992
2026-03-06 04:53:34,PSO_LSTM_kswin,GSPC,,0.0071935564831431,0.0001177939335092,0.0108532913675659,8,114.63977813720705,14.32997226715088,2,"['held', 'promoted', 'promoted', 'held', 'held', 'held', 'held', 'held']",2,6,v0,8,125.75662970542908,19.71738447987549,998.561977099482,31.600031283204167,0.0072046509465852
2026-03-06 04:54:00,PSO_ELM_kswin,GSPC,,0.0074471000924106,0.000128392770449,0.0113310533689099,8,25.616703748703003,3.202087968587876,5,"['promoted', 'promoted', 'held', 'promoted', 'held', 'promoted', 'promoted', 'held']",5,3,v7,8,26.176711320877075,20.45700718733311,1081.8675354947395,32.89175482540784,0.0074694894205316
2026-03-06 04:54:10,LSTM_kswin,GSPC,,0.007245139800628,0.0001199805893142,0.0109535651417349,8,1.1520814895629885,0.1440101861953735,3,"['promoted', 'held', 'promoted', 'held', 'promoted', 'held', 'held', 'held']",3,5,v1,8,9.623858451843262,19.803299585381914,1007.478111291247,31.74079569404723,0.0072516886027156
2026-03-06 04:54:10,ELM_kswin,GSPC,,0.0074083352560501,0.0001296639346061,0.0113870072717184,10,0.0044910907745361,0.0004491090774536,7,"['promoted', 'promoted', 'promoted', 'promoted', 'promoted', 'held', 'held', 'promoted', 'promoted']",7,2,v9,10,0.3929643630981445,20.288501731879503,1078.7250445316606,32.84394989235705,0.007423992254291
2026-03-06 05:01:28,PSO_LSTM_kswin,GSPC,,0.0073626307761113,0.0001216260538902,0.011028420280814,8,151.9549584388733,18.99436980485916,5,"['held', 'held', 'promoted', 'promoted', 'promoted', 'held', 'promoted', 'promoted']",5,3,v2,8,163.55558896064758,20.282338781923688,1049.559062885762,32.39689897020642,0.0073783057739328
2026-03-06 05:02:16,PSO_ELM_kswin,GSPC,,0.0079036351689387,0.0002185619688596,0.0147838414784408,8,47.359405517578125,5.919925689697266,5,"['promoted', 'promoted', 'held', 'held', 'held', 'promoted', 'promoted', 'promoted']",5,3,v8,8,47.932291746139526,21.90084113263084,1835.2405138044865,42.83970720960271,0.0079563470881655
2026-03-06 05:02:26,LSTM_kswin,GSPC,,0.0072494042087945,0.000120650340438,0.0109840948847871,8,1.0670349597930908,0.1333793699741363,2,"['held', 'held', 'held', 'held', 'held', 'held', 'promoted', 'promoted']",2,6,v0,8,9.71848440170288,19.84974538094413,1018.8921609582476,31.9200902404465,0.0072514775052544
2026-03-06 05:02:26,ELM_kswin,GSPC,,0.0075180567871133,0.0001434668498705,0.0119777648111234,10,0.0053977966308593,0.0005397796630859,9,"['promoted', 'promoted', 'promoted', 'promoted', 'held', 'promoted', 'promoted', 'promoted', 'promoted', 'promoted']",9,1,v5,10,0.4156613349914551,20.58458726422616,1170.0581697843247,34.206113047002646,0.007525017061069
2026-03-06 05:08:22,PSO_LSTM_kswin,GSPC,,0.0072025702969313,0.0001180529193773,0.0108652160299446,9,63.54779052734375,7.060865614149305,2,"['held', 'held', 'held', 'held', 'held', 'held', 'promoted', 'held', 'promoted']",2,7,v0,9,74.16696643829346,19.75728668546676,1000.0157471094708,31.623025584366065,0.0072119767031303
2026-03-06 05:08:58,PSO_ELM_kswin,GSPC,,0.007393921894767,0.000124237252593,0.0111461765907893,7,35.6068754196167,5.086696488516671,4,"['promoted', 'promoted', 'promoted', 'held', 'promoted', 'held', 'held']",4,3,v1,7,36.34295177459717,20.252897746535464,1043.84554240027,32.30859858304396,0.0074008207053877
2026-03-06 05:09:08,LSTM_kswin,GSPC,,0.007328677332879,0.0001213825012009,0.0110173726995564,7,0.9683489799499512,0.1383355685642787,6,"['promoted', 'promoted', 'promoted', 'promoted', 'held', 'promoted', 'promoted']",6,1,v3,7,9.585463762283323,19.972726572118336,1014.4271202069882,31.85007253063937,0.007329133807211
2026-03-06 05:09:08,ELM_kswin,GSPC,,0.0074540672148235,0.0001355994194411,0.0116447163744415,9,0.0066299438476562,0.0007366604275173,5,"['held', 'held', 'promoted', 'promoted', 'held', 'promoted', 'promoted', 'promoted', 'held']",5,4,v5,9,0.4348392486572265,20.527882282526694,1147.74046622709,33.87831852715082,0.0074764213011929
2026-03-06 05:14:15,PSO_LSTM_kswin,GSPC,,0.0071832962598066,0.0001181018075019,0.0108674655509916,7,34.88765239715576,4.983950342450823,5,"['promoted', 'held', 'promoted', 'held', 'promoted', 'promoted', 'promoted']",5,2,v1,7,47.84196352958679,19.671578671308147,997.7913338628648,31.587835219635817,0.0071943845347877
2026-03-06 05:14:51,PSO_ELM_kswin,GSPC,,0.0076064704649266,0.0001520320914467,0.0123301294172732,7,35.83548450469971,5.119354929242816,3,"['promoted', 'promoted', 'held', 'held', 'held', 'held', 'promoted']",3,4,v6,7,36.549166202545166,20.716633364125297,1192.3122943432702,34.52987538847006,0.0076157671712085
2026-03-06 05:15:01,LSTM_kswin,GSPC,,0.0073736633370376,0.0001225314294957,0.0110693915594217,8,0.9837324619293212,0.1229665577411651,4,"['promoted', 'held', 'held', 'promoted', 'held', 'promoted', 'promoted']",4,3,v7,8,9.571428537368774,20.30375356966734,1049.4103646505014,32.394603943411646,0.0073748650259763
2026-03-06 05:15:01,ELM_kswin,GSPC,,0.0072923134764307,0.0001230274053322,0.0110917719653912,9,0.0072293281555175,0.0008032586839463,2,"['held', 'held', 'held', 'held', 'held', 'held', 'promoted', 'held', 'promoted']",2,7,v9,9,0.4706370830535888,19.99405000321376,1033.712694870036,32.15140268899688,0.0072983273721354
2026-03-06 05:22:17,PSO_LSTM_kswin,GSPC,,0.007252333331586,0.0001196014997237,0.0109362470584628,8,128.91676354408264,16.11459544301033,5,"['held', 'held', 'promoted', 'promoted', 'promoted', 'held', 'promoted', 'promoted']",5,3,v2,8,140.26651239395142,19.915916545543325,1029.4822834048489,32.08554633171841,0.0072701534982105
2026-03-06 05:22:56,PSO_ELM_kswin,GSPC,,0.0073918359285877,0.0001401830537337,0.0118398924713767,9,38.74133372306824,4.304592635896471,4,"['promoted', 'promoted', 'held', 'held', 'held', 'held', 'held', 'promoted', 'promoted']",4,5,v0,9,39.18281126022339,20.116325459675544,1097.3214343333673,33.12584239432059,0.0073931742308119
2026-03-06 05:23:05,LSTM_kswin,GSPC,,0.0072943510309802,0.0001209056322973,0.0109957097223137,8,1.0133209228515625,0.1266651153564453,6,"['promoted', 'promoted', 'promoted', 'promoted', 'promoted', 'held', 'promoted', 'held']",6,2,v7,8,9.397223949432371,19.870445474150067,1009.8169872444336,31.77761770876529,0.0072966788477301
2026-03-06 05:23:06,ELM_kswin,GSPC,,0.007380462260884,0.0001260930853742,0.0112291177469206,10,0.0074813365936279,0.0007481336593627,5,"['promoted', 'promoted', 'held', 'held', 'held', 'promoted', 'promoted', 'promoted', 'held']",5,4,v6,10,0.4144179821014404,20.251451197254635,1058.5885517364295,32.53595782724752,0.0073944402390842
2026-03-06 05:30:47,PSO_LSTM_kswin,GSPC,,0.0073215334409188,0.0001208213549189,0.0109918767696403,8,124.9680449962616,15.6210056245327,5,"['held', 'held', 'held', 'promoted', 'promoted', 'promoted', 'promoted', 'promoted']",5,3,v7,8,136.09867525100708,20.14782915267888,1039.9738590501352,32.24862569242502,0.0073343827661512
2026-03-06 05:31:28,PSO_ELM_kswin,GSPC,,0.0075517469904222,0.0001425886631821,0.0119410495008663,8,39.84902811050415,4.981128513813019,7,"['promoted', 'promoted', 'promoted', 'promoted', 'held', 'promoted', 'promoted', 'promoted']",7,1,v5,8,40.42440938949585,20.75167550448377,1181.3505211203233,34.37078004817934,0.007557549125643
2026-03-06 05:31:38,LSTM_kswin,GSPC,,0.0073062213964183,0.0001208429416787,0.0109928586672792,8,1.1708030700683594,0.1463503837585449,5,"['promoted', 'promoted', 'promoted', 'held', 'held', 'held', 'promoted', 'promoted']",5,3,v1,8,10.427173137664797,19.8812870196815,1008.3875870751624,31.75511906882357,0.0073087750471159
2026-03-06 05:31:38,ELM_kswin,GSPC,,0.0074360939623983,0.0001289034289624,0.0113535645927803,9,0.0071604251861572,0.0007956027984619,6,"['promoted', 'promoted', 'held', 'held', 'promoted', 'promoted', 'promoted', 'promoted', 'held']",6,3,v8,9,0.4437980651855469,20.48520844139397,1093.55969691703,33.06901415096964,0.0074481614004692
2026-03-06 05:37:41,PSO_LSTM_kswin,GSPC,,0.0071807508876289,0.0001177695278427,0.0108521669652977,9,123.19235467910768,13.68803940878974,2,"['held', 'held', 'held', 'held', 'promoted', 'promoted', 'held', 'held', 'held']",2,7,v0,9,133.8759307861328,19.6783628712587,997.2115740158052,31.578656938125235,0.0071934762386474
2026-03-06 05:38:18,PSO_ELM_kswin,GSPC,,0.0075439847866972,0.0001278472636203,0.0113069564260405,8,36.45597171783447,4.556996464729309,7,"['promoted', 'promoted', 'held', 'promoted', 'promoted', 'promoted', 'promoted', 'promoted']",7,1,v8,8,37.02039074897766,20.867197120173923,1102.2888305451106,33.20073539163117,0.0075590862586079
2026-03-06 05:38:28,LSTM_kswin,GSPC,,0.0077736709220674,0.0001297430069367,0.011390478784349,7,1.077974796295166,0.153996399470738,4,"['promoted', 'promoted', 'promoted', 'held', 'held', 'held', 'promoted']",4,3,v5,7,9.79373049736023,21.39597789636951,1122.988464463839,33.51102004511112,0.0077627232627256
2026-03-06 05:38:29,ELM_kswin,GSPC,,0.0076413773644046,0.0001307545995946,0.0114347977504933,8,0.0033738613128662,0.0004217326641082,5,"['promoted', 'promoted', 'promoted', 'held', 'promoted', 'held', 'held', 'promoted']",5,3,v8,8,0.5693440437316895,20.97787900304678,1083.1312921834087,32.91096006170906,0.0076364221089485
2026-03-06 05:44:12,PSO_LSTM_kswin,GSPC,,0.0071839374373594,0.0001178414769322,0.0108554814233298,8,64.67452001571655,8.084315001964569,3,"['promoted', 'held', 'promoted', 'held', 'held', 'held', 'promoted', 'held']",3,5,v7,8,75.14615726470947,19.647729791791782,993.7263314824828,31.523425122953928,0.00719534911551
2026-03-06 05:44:48,PSO_ELM_kswin,GSPC,,0.007483308454614,0.0001460094021828,0.0120834350324249,8,35.70995879173279,4.463744848966599,6,"['promoted', 'promoted', 'held', 'held', 'promoted', 'promoted', 'promoted', 'promoted']",6,2,v8,8,36.26305556297302,20.463762428473736,1171.4117032159024,34.22589229247212,0.0075026786046079
2026-03-06 05:44:58,LSTM_kswin,GSPC,,0.007569948373061,0.000125907478932,0.011220850187576,8,1.166888952255249,0.1458611190319061,7,"['promoted', 'promoted', 'promoted', 'held', 'promoted', 'promoted', 'promoted', 'promoted']",7,1,v3,8,9.47379231452942,20.399532436159337,1034.4406901114205,32.162722056931386,0.0075622652671806
2026-03-06 05:44:58,ELM_kswin,GSPC,,0.0074315829617402,0.000127095982702,0.0112736854090406,9,0.00199556350708,0.0002217292785644,6,"['promoted', 'promoted', 'promoted', 'promoted', 'held', 'held', 'held', 'promoted', 'promoted']",6,3,v9,9,0.5365478992462158,20.25243539918516,1050.7961448317,32.415985945698154,0.0074394582022304
2026-03-06 05:51:10,PSO_LSTM_kswin,GSPC,,0.0072973140212952,0.0001214826146559,0.0110219151990914,9,102.67036080360413,11.407817867067124,5,"['held', 'held', 'promoted', 'held', 'promoted', 'promoted', 'held', 'promoted', 'promoted']",5,4,v2,9,113.44988107681274,19.988498369260963,1036.154794017344,32.18935839710608,0.0073180844416116
2026-03-06 05:51:58,PSO_ELM_kswin,GSPC,,0.0073510749041979,0.0001253835995688,0.0111974818405211,8,46.92451524734497,5.865564405918121,5,"['promoted', 'promoted', 'held', 'held', 'promoted', 'promoted', 'held', 'promoted']",5,3,v7,8,47.47945165634155,20.20496651059453,1051.5966428728464,32.4283308678206,0.0073574971383791
2026-03-06 05:52:08,LSTM_kswin,GSPC,,0.0074380977752763,0.0001233388006734,0.0111058003166579,8,1.1684081554412842,0.1460510194301605,5,"['promoted', 'promoted', 'promoted', 'held', 'held', 'promoted', 'promoted', 'held']",5,3,v3,8,9.881792783737184,20.08989008022567,1015.510259130312,31.86707170623482,0.0074395654911756
2026-03-06 05:52:08,ELM_kswin,GSPC,,0.0074373664149005,0.0001253108720313,0.0111942338742483,9,0.0045256614685058,0.0005028512742784,7,"['promoted', 'promoted', 'promoted', 'held', 'promoted', 'held', 'promoted', 'promoted', 'promoted']",7,2,v7,9,0.4145667552947998,20.34786775023635,1051.4590885634314,32.42620990130409,0.007445807995138
2026-03-06 05:56:58,PSO_LSTM_kswin,GSPC,,0.0072752902165315,0.000119317152876,0.0109232391201522,9,34.11219906806946,3.7902443408966064,3,"['held', 'promoted', 'held', 'promoted', 'promoted', 'held', 'held', 'held', 'held']",3,6,v5,9,46.75989747047424,19.815878717222613,1000.5042206937968,31.63074802615008,0.0072819150631764
2026-03-06 05:57:34,PSO_ELM_kswin,GSPC,,0.0073929517412479,0.0001393098360432,0.0118029587834246,7,35.56795406341553,5.081136294773647,3,"['promoted', 'promoted', 'held', 'held', 'held', 'held', 'promoted']",3,4,v6,7,36.264121294021606,20.212558237676262,1120.6079874551444,33.47548337896175,0.007395286151339
2026-03-06 05:57:44,LSTM_kswin,GSPC,,0.0075004633017225,0.000124134607825,0.0111415711560361,8,1.0376782417297363,0.129709780216217,7,"['promoted', 'promoted', 'promoted', 'promoted', 'held', 'promoted', 'promoted', 'promoted']",7,1,v8,8,9.95370101928711,20.353413074681328,1030.142599569282,32.095834614000644,0.0074947343419906
2026-03-06 05:57:45,ELM_kswin,GSPC,,0.0074684824147689,0.0001236017479691,0.0111176323004998,9,0.0059835910797119,0.0006648434533013,8,"['promoted', 'promoted', 'promoted', 'held', 'promoted', 'promoted', 'promoted', 'promoted', 'promoted']",8,1,v8,9,0.4238052368164062,20.44571237303657,1053.7521656025358,32.4615490327023,0.0074782918599725
2026-03-06 06:03:32,PSO_LSTM_kswin,GSPC,,0.007186192418448,0.0001181001174523,0.0108673877934084,9,104.20799779891968,11.578666422102186,3,"['held', 'held', 'promoted', 'held', 'held', 'held', 'promoted', 'promoted', 'held']",3,6,v3,9,115.21084761619568,19.710858703030688,1000.5580299551776,31.631598599425505,0.0071988157616094
2026-03-06 06:04:08,PSO_ELM_kswin,GSPC,,0.0073746033128483,0.0001325368976199,0.0115124670518518,8,35.95397710800171,4.494247138500214,6,"['promoted', 'promoted', 'held', 'promoted', 'promoted', 'held', 'promoted', 'promoted']",6,2,v0,8,36.51393938064575,20.180805855370217,1104.6315218849556,33.23599738062566,0.0073856208721378
2026-03-06 06:04:19,LSTM_kswin,GSPC,,0.0076858259190238,0.0001283903908856,0.0113309483665594,8,1.4711272716522217,0.1838909089565277,6,"['promoted', 'promoted', 'promoted', 'promoted', 'held', 'held', 'promoted', 'promoted']",6,2,v8,8,10.518128871917725,20.722808818351737,1062.6094858058905,32.597691418348795,0.0076760461811981
2026-03-06 06:04:19,ELM_kswin,GSPC,,0.0074495932618177,0.0001346824103742,0.0116052751098064,9,0.0066778659820556,0.0007419851091172,7,"['promoted', 'promoted', 'held', 'promoted', 'promoted', 'held', 'promoted', 'promoted', 'promoted']",7,2,v9,9,0.449779748916626,20.343343938083645,1097.2592261071363,33.12490341279709,0.0074557559599514
2026-03-06 06:11:04,PSO_LSTM_kswin,GSPC,,0.0072914893750454,0.0001194154356937,0.010927736988679,8,115.18131566047668,14.397664457559586,3,"['held', 'held', 'promoted', 'promoted', 'promoted', 'held', 'held', 'held']",3,5,v2,8,126.53275513648988,20.00358272756175,1016.6420386397236,31.88482458223228,0.0073037538447301
2026-03-06 06:11:31,PSO_ELM_kswin,GSPC,,0.0075330192832066,0.0001419842953104,0.0119157163154576,9,26.492377281188965,2.9435974756876626,5,"['promoted', 'promoted', 'promoted', 'held', 'held', 'held', 'held', 'promoted', 'promoted']",5,4,v8,9,26.934691667556763,20.686987602641125,1185.1831338168315,34.42648883950891,0.007567168837207
2026-03-06 06:11:42,LSTM_kswin,GSPC,,0.0076676802170406,0.0001271370901068,0.011275508418996,8,1.0617408752441406,0.1327176094055175,5,"['promoted', 'promoted', 'promoted', 'promoted', 'held', 'held', 'promoted', 'held']",5,3,v7,8,10.71016550064087,20.488136557529355,1028.8359731603457,32.07547307773255,0.0076649453162916
2026-03-06 06:11:42,ELM_kswin,GSPC,,0.0072629465701371,0.0001190873450206,0.0109127148327392,7,0.0050246715545654,0.0007178102220807,2,"['held', 'held', 'held', 'promoted', 'held', 'promoted', 'held']",2,5,v6,7,0.6854133605957031,19.940924460176245,1010.4152876000076,31.78703017898979,0.0072701426841741
2026-03-06 06:18:30,PSO_LSTM_kswin,GSPC,,0.0073208205148997,0.0001205701688431,0.0109804448381252,8,130.65485954284668,16.331857442855835,5,"['held', 'held', 'promoted', 'promoted', 'promoted', 'promoted', 'promoted', 'held']",5,3,v7,8,141.4069037437439,20.03178786699757,1017.0561349145476,31.89131754748536,0.0073281108016255
2026-03-06 06:19:18,PSO_ELM_kswin,GSPC,,0.0073634587662122,0.0001285698640761,0.0113388652023119,8,47.82002234458923,5.977502793073654,5,"['promoted', 'promoted', 'held', 'held', 'held', 'promoted', 'promoted', 'promoted']",5,3,v7,8,48.413119316101074,20.08839097262249,1039.9044896998216,32.24755013485244,0.0073718562208683
2026-03-06 06:19:28,LSTM_kswin,GSPC,,0.0075059497940411,0.0001251294848403,0.0111861291267525,8,1.040874481201172,0.1301093101501464,5,"['promoted', 'promoted', 'promoted', 'held', 'held', 'held', 'promoted', 'promoted']",5,3,v8,8,10.181034326553345,20.35250034668521,1043.6868949766383,32.3061433008745,0.0074999932894436
2026-03-06 06:19:29,ELM_kswin,GSPC,,0.0074062274969718,0.0001333053376594,0.011545793071914,9,0.0033001899719238,0.0003666877746582,5,"['promoted', 'promoted', 'held', 'promoted', 'held', 'promoted', 'held', 'held', 'promoted']",5,4,v7,9,0.5406546592712402,20.199414459487983,1088.1918119307288,32.987752453459585,0.0074154940428886
2026-03-06 06:25:52,PSO_LSTM_kswin,GSPC,,0.0071789894464154,0.0001175902763544,0.0108439050325281,9,131.14363622665405,14.571515136294895,0,"['held', 'held', 'held', 'held', 'held', 'held', 'held', 'held', 'held']",0,9,v0,9,142.30838298797607,19.663682699240496,995.194630027047,31.54670553365354,0.0071901523177259
2026-03-06 06:26:30,PSO_ELM_kswin,GSPC,,0.007357376672992,0.0001231390888204,0.0110968053430026,9,37.09050822257996,4.121167580286662,5,"['promoted', 'promoted', 'held', 'held', 'held', 'promoted', 'held', 'promoted', 'promoted']",5,4,v5,9,37.52916669845581,20.18484432017885,1038.365242152551,32.223675180720015,0.0073694118787451
2026-03-06 06:26:39,LSTM_kswin,GSPC,,0.0072862432539258,0.0001210346681026,0.011001575709991,8,1.3403751850128174,0.1675468981266021,5,"['held', 'held', 'held', 'promoted', 'promoted', 'promoted', 'promoted', 'promoted']",5,3,v0,8,9.73805046081543,19.925024697292702,1017.697114650228,31.901365404167706,0.007285202503759
2026-03-06 06:26:40,ELM_kswin,GSPC,,0.0076656691472037,0.0001337425216104,0.011564710182725,9,0.0036008358001708,0.0004000928666856,7,"['promoted', 'promoted', 'held', 'promoted', 'promoted', 'promoted', 'promoted', 'promoted']",7,1,v8,9,0.5705161094665527,21.3446061657851,1194.3845032342645,34.55986839144884,0.007673015742667
2026-03-06 06:32:13,PSO_LSTM_kswin,GSPC,,0.0071874125909303,0.0001180687304551,0.0108659436062945,9,77.37249159812927,8.596943510903252,2,"['held', 'held', 'held', 'held', 'held', 'held', 'promoted', 'held', 'promoted']",2,7,v0,9,87.71221351623535,19.699822088422653,998.2134228128648,31.594515707838674,0.0071975012476308
2026-03-06 06:32:50,PSO_ELM_kswin,GSPC,,0.0077122690369619,0.0001506437262397,0.0122737005927224,9,37.28293061256409,4.142547845840454,5,"['promoted', 'promoted', 'held', 'promoted', 'held', 'held', 'promoted', 'held', 'promoted']",5,4,v7,9,37.74175310134888,21.331578601192483,1259.5530041210254,35.49018179892892,0.007725148773882
2026-03-06 06:33:01,LSTM_kswin,GSPC,,0.0076273342447153,0.0001277573040938,0.0113029776649277,7,0.9733717441558838,0.1390531063079834,4,"['promoted', 'promoted', 'promoted', 'held', 'held', 'held', 'promoted']",4,3,v6,7,10.37625765800476,21.212359057654822,1123.82463015438,33.52349370448104,0.0076204488935723
2026-03-06 06:33:01,ELM_kswin,GSPC,,0.0074308969004001,0.0001284269932363,0.0113325634009419,8,0.0039975643157958,0.0004996955394744,7,"['promoted', 'promoted', 'promoted', 'promoted', 'held', 'promoted', 'promoted', 'promoted']",7,1,v7,8,0.58917236328125,20.46756210904171,1088.16324101921,32.987319397295835,0.0074435006012554
2026-03-06 06:39:11,PSO_LSTM_kswin,GSPC,,0.0071750265502525,0.0001176793565446,0.0108480116401402,9,82.25714921951294,9.139683246612549,2,"['held', 'held', 'held', 'held', 'held', 'held', 'promoted', 'promoted', 'held']",2,7,v0,9,92.76192712783812,19.665404338548782,995.7212964490724,31.555051837210986,0.0071853781040872
2026-03-06 06:39:58,PSO_ELM_kswin,GSPC,,0.007415211805026,0.0001266233033822,0.0112527020480505,8,46.3244218826294,5.790552735328674,5,"['promoted', 'promoted', 'held', 'held', 'promoted', 'promoted', 'held', 'promoted']",5,3,v4,8,47.09557628631592,20.55606807855329,1124.208243222841,33.52921477193943,0.00742861431682
2026-03-06 06:40:09,LSTM_kswin,GSPC,,0.0076330328220015,0.0001277571997883,0.0113029730508569,7,1.218451738357544,0.1740645340510777,5,"['promoted', 'promoted', 'promoted', 'promoted', 'held', 'held', 'promoted']",5,2,v5,7,11.053165197372437,21.195373089216453,1122.3133777782932,33.50094592363465,0.0076261389895656
2026-03-06 06:40:10,ELM_kswin,GSPC,,0.007392612109767,0.0001219074690442,0.0110411715431042,9,0.0050485134124755,0.0005609459347195,5,"['promoted', 'promoted', 'held', 'promoted', 'promoted', 'held', 'held', 'promoted', 'held']",5,4,v8,9,0.4429526329040527,20.399183020752865,1057.9507013069635,32.52615411183689,0.0074062477753365
2026-03-06 06:47:01,PSO_LSTM_kswin,GSPC,,0.0071744771726214,0.0001176797823801,0.0108480312674752,9,122.51587080955504,13.612874534395006,7,"['held', 'held', 'promoted', 'promoted', 'promoted', 'promoted', 'promoted', 'promoted', 'promoted']",7,2,v0,9,133.1010639667511,19.6649639653021,998.412121989532,31.597660071428265,0.007186299406436
2026-03-06 06:47:59,PSO_ELM_kswin,GSPC,,0.0074540969411557,0.0001347399413043,0.0116077534994643,9,57.51902484893799,6.39100276099311,6,"['promoted', 'promoted', 'held', 'promoted', 'promoted', 'held', 'held', 'promoted', 'promoted']",6,3,v8,9,57.93885064125061,20.4844484744982,1123.4560741512414,33.517996272916456,0.0074553865988186
2026-03-06 06:48:09,LSTM_kswin,GSPC,,0.0074538613419188,0.0001233635800036,0.0111069158637146,8,1.0191843509674072,0.1273980438709259,7,"['promoted', 'promoted', 'promoted', 'promoted', 'promoted', 'held', 'promoted', 'promoted']",7,1,v5,8,9.710694551467896,20.21411832190714,1020.6342413907756,31.94736673641156,0.0074534548597331
2026-03-06 06:48:09,ELM_kswin,GSPC,,0.0072844220023988,0.000122339554076,0.011060721227664,9,0.0031046867370605,0.0003449651930067,1,"['held', 'held', 'held', 'held', 'held', 'held', 'held', 'held', 'promoted']",1,8,v9,9,0.4657807350158691,19.96487622866529,1021.4141154973868,31.959570014275645,0.0072902988107866
2026-03-06 06:53:28,PSO_LSTM_kswin,GSPC,,0.0074699850944382,0.0001214308270555,0.0110195656473198,8,70.53853487968445,8.817316859960556,2,"['held', 'held', 'promoted', 'promoted', 'held', 'held', 'held', 'held']",2,6,v4,8,81.98756051063538,20.750582775922368,1054.3128817722002,32.47018450474528,0.0074769024797993
2026-03-06 06:54:32,PSO_ELM_kswin,GSPC,,0.0074160281730214,0.0001438603514237,0.0119941798979237,10,63.4608268737793,6.34608268737793,6,"['promoted', 'promoted', 'held', 'held', 'held', 'held', 'promoted', 'promoted', 'promoted', 'promoted']",6,4,v0,10,63.853477239608765,20.290676419266152,1136.9239853006345,33.718303416699875,0.0074121457406189
2026-03-06 06:54:41,LSTM_kswin,GSPC,,0.0078635231927916,0.0001304551055811,0.0114216945144364,6,0.7514903545379639,0.125248392422994,4,"['promoted', 'promoted', 'held', 'promoted', 'held', 'promoted']",4,2,v6,6,8.698726654052734,20.75401401135522,1034.7309020448931,32.1672333601274,0.0078549303781603
2026-03-06 06:54:41,ELM_kswin,GSPC,,0.0073508812098078,0.0001262941479682,0.0112380669142084,9,0.0077080726623535,0.0008564525180392,6,"['promoted', 'promoted', 'promoted', 'held', 'promoted', 'promoted', 'held', 'promoted', 'held']",6,3,v0,9,0.4107272624969482,19.97188417940224,1026.3095920534013,32.03606705033253,0.0073620590191462
2026-03-06 07:00:42,PSO_LSTM_kswin,GSPC,,0.0071880445947331,0.0001181713524095,0.0108706647639222,9,89.12021946907043,9.902246607674492,6,"['promoted', 'promoted', 'promoted', 'promoted', 'promoted', 'promoted', 'held', 'held', 'held']",6,3,v0,9,99.69625353813171,19.681603587250898,997.8230576599192,31.588337367767856,0.0072002064722126
2026-03-06 07:01:08,PSO_ELM_kswin,GSPC,,0.0078416900612793,0.0001488528741133,0.0122005276161858,8,25.422260522842407,3.177782565355301,7,"['promoted', 'promoted', 'promoted', 'promoted', 'held', 'promoted', 'promoted', 'promoted']",7,1,v7,8,26.02262234687805,21.752761640068467,1261.8697671363768,35.52280629590484,0.0078654685554626
2026-03-06 07:01:17,LSTM_kswin,GSPC,,0.0074353361808548,0.0001233566138729,0.0111066022650024,8,1.2337348461151123,0.154216855764389,7,"['promoted', 'promoted', 'promoted', 'promoted', 'held', 'promoted', 'promoted', 'promoted']",7,1,v8,8,9.564924240112305,20.230594938839644,1026.514185246904,32.039260060851966,0.0074303411613722
2026-03-06 07:01:18,ELM_kswin,GSPC,,0.0073503511872036,0.0001267850856658,0.0112598883505066,9,0.0039951801300048,0.0004439089033338,5,"['promoted', 'promoted', 'promoted', 'held', 'promoted', 'held', 'held', 'promoted', 'held']",5,4,v7,9,0.5517334938049316,20.03029568835327,1035.2372204961275,32.17510249394907,0.0073591680061966
2026-03-06 07:07:07,PSO_LSTM_kswin,GSPC,,0.0072116591130515,0.0001183053042109,0.0108768241785423,8,107.63521456718443,13.454401820898056,5,"['held', 'held', 'promoted', 'promoted', 'promoted', 'held', 'promoted', 'promoted']",5,3,v8,8,118.46953296661376,19.742648312851973,997.4763309453896,31.58284868319179,0.0072221793054431
2026-03-06 07:07:44,PSO_ELM_kswin,GSPC,,0.007422050668619,0.0001277141751332,0.0113010696455359,8,36.51847791671753,4.564809739589691,6,"['promoted', 'promoted', 'held', 'promoted', 'held', 'promoted', 'promoted', 'promoted']",6,2,v8,8,37.09323048591614,20.33724847346578,1071.0549631587023,32.72697607721652,0.0074368309344323
2026-03-06 07:07:55,LSTM_kswin,GSPC,,0.0077659879852402,0.0001289051589017,0.0113536407773768,8,1.3682491779327393,0.1710311472415924,5,"['promoted', 'held', 'promoted', 'promoted', 'held', 'held', 'promoted', 'promoted']",5,3,v4,8,10.880860090255736,20.84156308966558,1058.8729759337937,32.54032845460835,0.0077599144480053
2026-03-06 07:07:55,ELM_kswin,GSPC,,0.0072828109304004,0.0001179149111872,0.0108588632548351,9,0.0045690536499023,0.0005076726277669,5,"['promoted', 'promoted', 'held', 'held', 'held', 'promoted', 'promoted', 'promoted', 'held']",5,4,v8,9,0.53731369972229,19.947695275159283,1000.2921561574196,31.62739565878638,0.0072921432293757
2026-03-06 07:14:15,PSO_LSTM_kswin,GSPC,,0.0077240119924137,0.0001250062857182,0.0111806209898292,8,128.1630916595459,16.020386457443237,4,"['held', 'held', 'promoted', 'promoted', 'held', 'held', 'promoted', 'promoted']",4,4,v3,8,140.19107723236084,21.609311634581005,1108.2472057056375,33.290347034923464,0.0077327470789826
2026-03-06 07:15:10,PSO_ELM_kswin,GSPC,,0.0077876538953038,0.0001432287893121,0.0119678230815871,8,54.87203884124756,6.859004855155945,2,"['held', 'held', 'promoted', 'held', 'promoted', 'held', 'held', 'held']",2,6,v0,8,55.43667268753052,21.02990488676002,1128.7146116840893,33.596348189707896,0.0077881223788514
2026-03-06 07:15:21,LSTM_kswin,GSPC,,0.007299212303582,0.0001212803867782,0.0110127374788585,8,1.2534558773040771,0.1566819846630096,2,"['held', 'held', 'promoted', 'promoted', 'held', 'held', 'held', 'held']",2,6,v4,8,10.303393840789797,19.921859953061137,1016.2186611784878,31.878184722133845,0.0073091236000686
2026-03-06 07:15:21,ELM_kswin,GSPC,,0.0073868873044413,0.0001301955147212,0.0114103249174283,9,0.0042407512664794,0.0004711945851643,4,"['promoted', 'promoted', 'held', 'held', 'held', 'held', 'promoted', 'held', 'promoted']",4,5,v7,9,0.6065688133239746,20.18075124873184,1078.019435285731,32.83320629006146,0.0073979627366134
2026-03-06 07:21:29,PSO_LSTM_kswin,GSPC,,0.0071792430887608,0.000117916154555,0.0108589205059731,8,89.45376420021057,11.18172052502632,5,"['held', 'promoted', 'promoted', 'promoted', 'held', 'held', 'promoted', 'promoted']",5,3,v4,8,101.65802431106567,19.652786528122988,995.9132840537492,31.55809379626325,0.0071917433523478
2026-03-06 07:22:27,PSO_ELM_kswin,GSPC,,0.0074689063946952,0.0001275249718117,0.0112926955069103,9,57.24372386932373,6.360413763258192,5,"['promoted', 'promoted', 'held', 'promoted', 'promoted', 'held', 'held', 'promoted']",5,3,v7,9,57.80183482170105,20.51869452676842,1076.8642068228824,32.8156091947549,0.0074727180764213
2026-03-06 07:22:37,LSTM_kswin,GSPC,,0.0074752228570819,0.0001236505439189,0.0111198266137068,7,0.9529469013214112,0.1361352716173444,7,"['promoted', 'promoted', 'promoted', 'promoted', 'promoted', 'promoted', 'promoted']",7,0,v2,7,9.48020052909851,20.19006033529008,1018.291440084028,31.91067909155222,0.0074704490074196
2026-03-06 07:22:37,ELM_kswin,GSPC,,0.0075061745010388,0.0001273993900034,0.0112871338258837,9,0.0069653987884521,0.0007739331987169,7,"['promoted', 'promoted', 'promoted', 'promoted', 'held', 'held', 'promoted', 'promoted', 'promoted']",7,2,v6,9,0.4430904388427734,20.76104333684984,1094.7258856983788,33.08664210370068,0.0075139959217527
2026-03-06 07:29:42,PSO_LSTM_kswin,GSPC,,0.0071726323289982,0.00011778860499,0.0108530458853727,10,136.72184371948242,13.672184371948244,2,"['held', 'held', 'held', 'held', 'held', 'held', 'promoted', 'promoted', 'held']",2,7,v0,10,147.9429371356964,19.649676586839742,996.1352130840332,31.56160979867841,0.0071843424467644
2026-03-06 07:30:22,PSO_ELM_kswin,GSPC,,0.0075417848457301,0.0001416365490904,0.0119011154557249,9,39.58495616912842,4.398328463236491,7,"['promoted', 'promoted', 'promoted', 'promoted', 'promoted', 'held', 'promoted', 'held', 'promoted']",7,2,v9,9,40.07203555107117,20.69622937811996,1170.3221248037223,34.209971131290395,0.0075531840054259
2026-03-06 07:30:32,LSTM_kswin,GSPC,,0.0076981995033298,0.0001271566747891,0.0112763768467148,7,1.0552613735198977,0.1507516247885567,4,"['promoted', 'promoted', 'promoted', 'promoted', 'held', 'held', 'held']",4,3,v4,7,9.988720178604126,20.81239355201816,1050.9296893644926,32.418045736356355,0.0076870724452787
2026-03-06 07:30:33,ELM_kswin,GSPC,,0.0077109933378669,0.0001893555978261,0.0137606539752358,8,0.005995750427246,0.0007494688034057,4,"['promoted', 'promoted', 'held', 'held', 'promoted', 'promoted', 'held', 'held']",4,4,v6,8,0.652996301651001,21.26210887987628,1554.781801341048,39.430721542232114,0.0077562341852815
2026-03-06 07:37:58,PSO_LSTM_kswin,GSPC,,0.0072774702439284,0.0001193103144036,0.0109229260916507,9,88.44086575508118,9.826762861675686,6,"['held', 'promoted', 'promoted', 'promoted', 'promoted', 'held', 'promoted', 'held', 'promoted']",6,3,v9,9,99.701256275177,19.852106515351984,1001.5649884687904,31.647511568349103,0.0072859381245707
2026-03-06 07:38:50,PSO_ELM_kswin,GSPC,,0.0075075890086471,0.0001468424434885,0.0121178563899946,8,51.54437565803528,6.44304695725441,7,"['promoted', 'promoted', 'promoted', 'promoted', 'held', 'promoted', 'promoted', 'promoted']",7,1,v7,8,52.19409251213074,20.45503697133154,1150.800102864879,33.9234447375982,0.0075103336952892
2026-03-06 07:39:00,LSTM_kswin,GSPC,,0.0074932005016467,0.0001240736771227,0.0111388364348679,8,0.8447549343109131,0.1055943667888641,7,"['promoted', 'promoted', 'promoted', 'held', 'promoted', 'promoted', 'promoted', 'promoted']",7,1,v8,8,9.83361005783081,20.22894383822624,1021.4770000138762,31.96055381269036,0.0074884882467697
2026-03-06 07:39:00,ELM_kswin,GSPC,,0.0074891194646488,0.0001309800648396,0.0114446522376039,8,0.0030395984649658,0.0003799498081207,7,"['promoted', 'promoted', 'promoted', 'promoted', 'held', 'promoted', 'promoted', 'promoted']",7,1,v8,8,0.6768763065338135,20.426076101017,1072.1547657136807,32.74377445734808,0.0075034841092228
2026-03-06 07:45:54,PSO_LSTM_kswin,GSPC,,0.0071803602356217,0.0001176761475739,0.0108478637331923,10,166.33959794044495,16.633959794044493,0,"['held', 'held', 'held', 'held', 'held', 'held', 'held', 'held', 'held']",0,9,v0,10,176.69156002998352,19.67331722632255,996.3525188998756,31.565052176416177,0.0071920387779299
2026-03-06 07:46:25,PSO_ELM_kswin,GSPC,,0.007585740926078,0.000151398392095,0.0123044053938042,8,30.439900398254395,3.8049875497817993,2,"['held', 'held', 'held', 'promoted', 'held', 'held', 'held', 'promoted']",2,6,v7,8,31.01422762870789,20.96729554489504,1287.14016285122,35.87673567719365,0.0076207893088026
2026-03-06 07:46:34,LSTM_kswin,GSPC,,0.0076223213087896,0.0001258901202637,0.0112200766603346,8,1.0236527919769287,0.1279565989971161,7,"['promoted', 'promoted', 'promoted', 'held', 'promoted', 'promoted', 'promoted', 'promoted']",7,1,v8,8,9.147396326065063,20.484073414836097,1030.4654170842853,32.100863182853594,0.0076153815763353
2026-03-06 07:46:35,ELM_kswin,GSPC,,0.007380095021422728,0.0001265844388454516,0.011250975017546329,8,0.003950834274291992,0.000493854284286499,5,"['promoted', 'promoted', 'held', 'promoted', 'promoted', 'held', 'held', 'promoted']",5,3,v7,8,0.5505974292755127,20.15338715252018,1042.3441386079019,32.285354862660284,0.0073912542986370395
