timestamp,model,dataset,notes,Return_MAE,Return_MSE,Return_RMSE,num_drifts_detected,total_retrain_time,average_retrain_time,model_switches,trial_verdicts,trials_promoted,trials_held,final_model,num_retrains,detect_true_positives,detect_false_positives,detect_false_negatives,detect_precision,detect_recall,detect_f1_score,detect_avg_detection_delay,total_time
2026-03-16 03:58:05,RF_kswin,linear_gradual_drift_1,,0.0505038823529411,0.0073195797087859,0.0855545423036437,17,1.783536434173584,0.1049139078925637,11,"['held', 'held', 'held', 'promoted', 'promoted', 'held', 'promoted', 'held', 'promoted', 'promoted', 'promoted', 'held', 'promoted', 'promoted', 'promoted', 'promoted', 'promoted']",11,6,v17,17,3,14,0,0.1764705882352941,1.0,0.3,65.33333333333333,393.47884011268616
2026-03-16 03:58:09,SVR_kswin,linear_gradual_drift_1,,0.0400224013217937,0.0042697942410815,0.0653436625931047,14,0.0161876678466796,0.0011562619890485,5,"['held', 'held', 'held', 'promoted', 'promoted', 'held', 'held', 'held', 'held', 'held', 'held', 'promoted', 'promoted', 'promoted']",5,9,v14,14,3,11,0,0.2142857142857142,1.0,0.3529411764705882,-42.66666666666666,3.962753772735596
2026-03-16 04:04:47,RF_kswin,linear_gradual_drift_2,,0.0233438698372966,0.0009463447823529,0.0307627174084628,9,1.0136349201202393,0.1126261022355821,3,"['promoted', 'held', 'promoted', 'held', 'held', 'held', 'held', 'held', 'promoted']",3,6,v9,9,1,8,2,0.1111111111111111,0.3333333333333333,0.1666666666666666,-166.0,396.8469021320343
2026-03-16 04:04:50,SVR_kswin,linear_gradual_drift_2,,0.0367981132943858,0.0027108605922233,0.0520659254428781,18,0.0042364597320556,0.000235358874003,5,"['held', 'held', 'held', 'promoted', 'held', 'held', 'held', 'held', 'promoted', 'held', 'held', 'held', 'held', 'promoted', 'promoted', 'held', 'held', 'promoted']",5,13,v18,18,3,15,0,0.1666666666666666,1.0,0.2857142857142857,-28.33333333333333,3.3309640884399414
2026-03-16 04:11:40,RF_kswin,linear_gradual_drift_3,,0.0313739962453066,0.0027919244687984,0.052838664525123,11,1.2296724319458008,0.1117884029041637,9,"['promoted', 'promoted', 'promoted', 'promoted', 'held', 'promoted', 'promoted', 'held', 'promoted', 'promoted', 'promoted']",9,2,v0,11,2,9,1,0.1818181818181818,0.6666666666666666,0.2857142857142857,-6.5,408.216267824173
2026-03-16 04:11:43,SVR_kswin,linear_gradual_drift_3,,0.0443943481956653,0.0055373255730782,0.0744132083240485,15,0.0065398216247558,0.000435988108317,5,"['held', 'held', 'promoted', 'promoted', 'held', 'held', 'held', 'held', 'held', 'held', 'held', 'promoted', 'promoted', 'promoted', 'held']",5,10,v0,15,3,12,0,0.2,1.0,0.3333333333333333,31.666666666666668,3.460153102874756
2026-03-16 04:18:18,RF_kswin,linear_gradual_drift_4,,0.0250939474342928,0.0012178592994743,0.0348978408998943,12,1.3521502017974854,0.1126791834831237,5,"['held', 'held', 'promoted', 'promoted', 'held', 'promoted', 'held', 'promoted', 'held', 'held', 'held', 'promoted']",5,7,v12,12,2,10,1,0.1666666666666666,0.6666666666666666,0.2666666666666666,164.5,393.65170192718506
2026-03-16 04:18:21,SVR_kswin,linear_gradual_drift_4,,0.0362482777960823,0.0031911370688573,0.0564901501932627,14,0.0186336040496826,0.0013309717178344,1,"['held', 'held', 'held', 'held', 'held', 'held', 'held', 'held', 'held', 'held', 'held', 'held', 'promoted']",1,12,v13,14,2,12,1,0.1428571428571428,0.6666666666666666,0.2352941176470588,172.5,3.652099609375
2026-03-16 04:24:58,RF_kswin,linear_gradual_drift_5,,0.0351371113892365,0.0035716788675844,0.0597635245579147,14,1.492368221282959,0.1065977300916399,8,"['held', 'held', 'held', 'promoted', 'promoted', 'promoted', 'promoted', 'held', 'held', 'promoted', 'promoted', 'promoted', 'promoted']",8,5,v13,14,2,12,1,0.1428571428571428,0.6666666666666666,0.2352941176470588,51.0,396.108478307724
2026-03-16 04:25:02,SVR_kswin,linear_gradual_drift_5,,0.0443882379517309,0.0057288423826605,0.0756891166724817,16,0.0266354084014892,0.001664713025093,4,"['held', 'held', 'held', 'held', 'held', 'held', 'held', 'held', 'held', 'held', 'held', 'promoted', 'held', 'promoted', 'promoted', 'promoted']",4,12,v0,16,3,13,0,0.1875,1.0,0.3157894736842105,56.0,3.53184461593628
2026-03-16 04:31:38,RF_kswin,linear_gradual_drift_6,,0.0616573053817271,0.0100535276093241,0.1002672808513533,18,1.9700279235839844,0.1094459957546657,14,"['held', 'held', 'promoted', 'held', 'promoted', 'promoted', 'promoted', 'held', 'promoted', 'promoted', 'promoted', 'promoted', 'promoted', 'promoted', 'promoted', 'promoted', 'promoted', 'promoted']",14,4,v18,18,3,15,0,0.1666666666666666,1.0,0.2857142857142857,11.666666666666666,395.6974186897278
2026-03-16 04:31:42,SVR_kswin,linear_gradual_drift_6,,0.0435342883326765,0.0056398728449354,0.0750990868448843,15,0.018165111541748,0.0012110074361165,3,"['held', 'held', 'held', 'held', 'held', 'held', 'held', 'held', 'held', 'held', 'held', 'held', 'promoted', 'promoted', 'promoted']",3,12,v13,15,3,12,0,0.2,1.0,0.3333333333333333,-24.666666666666668,3.664507150650024
2026-03-16 04:38:30,RF_kswin,linear_gradual_drift_7,,0.0247595269086357,0.0011338903578973,0.0336732884924738,10,1.088282823562622,0.1088282823562622,6,"['held', 'held', 'held', 'promoted', 'promoted', 'promoted', 'held', 'promoted', 'promoted', 'promoted']",6,4,v8,10,1,9,2,0.1,0.3333333333333333,0.1538461538461538,-8.0,407.0988268852234
2026-03-16 04:38:33,SVR_kswin,linear_gradual_drift_7,,0.0327576955407297,0.0020002873314332,0.0447245718977081,12,0.0065677165985107,0.0005473097165425,4,"['held', 'held', 'promoted', 'promoted', 'held', 'held', 'held', 'held', 'held', 'promoted', 'promoted', 'held']",4,8,v0,12,3,9,0,0.25,1.0,0.4,38.0,3.768589019775391
2026-03-16 04:45:27,RF_kswin,linear_gradual_drift_8,,0.0313726745932415,0.002533051807647,0.0503294328166636,13,1.398951292037964,0.1076116378490741,9,"['held', 'held', 'promoted', 'promoted', 'held', 'held', 'promoted', 'promoted', 'promoted', 'promoted', 'promoted', 'promoted', 'promoted']",9,4,v13,13,1,12,2,0.0769230769230769,0.3333333333333333,0.125,26.0,412.3667228221893
2026-03-16 04:45:30,SVR_kswin,linear_gradual_drift_8,,0.0394670433684389,0.0045686802509326,0.0675920132185202,17,0.0205659866333007,0.0012097639196059,7,"['held', 'held', 'held', 'held', 'held', 'held', 'held', 'held', 'promoted', 'promoted', 'held', 'promoted', 'held', 'promoted', 'promoted', 'promoted', 'promoted']",7,10,v0,17,3,14,0,0.1764705882352941,1.0,0.3,34.0,3.4634573459625244
2026-03-16 04:52:15,RF_kswin,linear_gradual_drift_9,,0.0252655657071339,0.0014494539401627,0.0380716947372021,10,1.0989100933074951,0.1098910093307495,5,"['promoted', 'promoted', 'held', 'promoted', 'held', 'promoted', 'promoted', 'held', 'held', 'held']",5,5,v0,10,2,8,1,0.2,0.6666666666666666,0.3076923076923076,-20.0,403.7068808078766
2026-03-16 04:52:18,SVR_kswin,linear_gradual_drift_9,,0.0346318075901645,0.0044409046667575,0.0666401130458037,14,0.0057353973388671,0.0004096712384905,2,"['held', 'held', 'held', 'held', 'held', 'held', 'promoted', 'held', 'promoted', 'held', 'held', 'held', 'held', 'held']",2,12,v0,14,2,12,1,0.1428571428571428,0.6666666666666666,0.2352941176470588,-106.0,3.783167362213135
2026-03-16 04:59:05,RF_kswin,linear_gradual_drift_10,,0.0255288785982478,0.0013723693755694,0.0370455041208708,12,1.401411056518555,0.1167842547098795,6,"['held', 'held', 'promoted', 'promoted', 'held', 'promoted', 'promoted', 'held', 'held', 'held', 'promoted', 'promoted']",6,6,v0,12,2,10,1,0.1666666666666666,0.6666666666666666,0.2666666666666666,-75.5,405.7243711948395
2026-03-16 04:59:08,SVR_kswin,linear_gradual_drift_10,,0.0782969297864601,0.0202607805816446,0.1423403687702285,17,0.0071353912353515,0.0004197288961971,9,"['held', 'held', 'held', 'held', 'held', 'held', 'promoted', 'promoted', 'held', 'promoted', 'held', 'promoted', 'promoted', 'promoted', 'promoted', 'promoted', 'promoted']",9,8,v11,17,3,14,0,0.1764705882352941,1.0,0.3,32.666666666666664,3.4746575355529785
2026-03-16 05:05:49,RF_kswin,linear_gradual_drift_11,,0.0274877959949937,0.0023005306351063,0.0479638471674904,13,1.4560577869415283,0.1120044451493483,5,"['held', 'held', 'promoted', 'promoted', 'held', 'held', 'held', 'held', 'promoted', 'promoted', 'promoted', 'held', 'held']",5,8,v0,13,3,10,0,0.2307692307692307,1.0,0.375,104.33333333333331,399.3120357990265
2026-03-16 05:05:52,SVR_kswin,linear_gradual_drift_11,,0.0304350836809584,0.0017115672954148,0.0413710925093217,15,0.0079853534698486,0.0005323568979899,4,"['held', 'held', 'held', 'held', 'promoted', 'promoted', 'held', 'held', 'held', 'held', 'held', 'held', 'held', 'promoted', 'promoted']",4,11,v15,15,3,12,0,0.2,1.0,0.3333333333333333,51.333333333333336,3.4710707664489746
2026-03-16 05:12:24,RF_kswin,linear_gradual_drift_12,,0.0497610663329161,0.0079575283773967,0.0892049795549371,16,1.745607852935791,0.1091004908084869,10,"['held', 'held', 'promoted', 'promoted', 'promoted', 'held', 'promoted', 'promoted', 'held', 'promoted', 'held', 'held', 'promoted', 'promoted', 'promoted', 'promoted']",10,6,v16,16,3,13,0,0.1875,1.0,0.3157894736842105,-12.0,390.9204905033112
2026-03-16 05:12:28,SVR_kswin,linear_gradual_drift_12,,0.0317347772816777,0.0019613345693959,0.0442869571024689,15,0.0,0.0,2,"['held', 'held', 'held', 'held', 'held', 'held', 'held', 'held', 'held', 'held', 'promoted', 'held', 'held', 'promoted']",2,12,v0,15,3,12,0,0.2,1.0,0.3333333333333333,34.666666666666664,3.874813079833984
2026-03-16 05:17:49,RF_kswin,linear_gradual_drift_13,,0.0213422415519399,0.0007348536566332,0.027108184310892,7,0.8061923980712891,0.1151703425816127,0,"['held', 'held', 'held', 'held', 'held', 'held', 'held']",0,7,v0,7,3,4,0,0.4285714285714285,1.0,0.6,-30.0,320.35485434532166
2026-03-16 05:17:53,SVR_kswin,linear_gradual_drift_13,,0.0393638851242371,0.0056948185441393,0.0754640215211153,12,0.0333819389343261,0.0027818282445271,3,"['held', 'held', 'held', 'held', 'held', 'held', 'held', 'held', 'held', 'promoted', 'promoted', 'promoted']",3,9,v0,12,3,9,0,0.25,1.0,0.4,-38.0,3.935987949371338
2026-03-16 05:24:32,RF_kswin,linear_gradual_drift_14,,0.0282477096370463,0.002091153472841,0.0457291315557277,11,1.1809735298156738,0.107361229983243,6,"['held', 'held', 'promoted', 'promoted', 'held', 'promoted', 'promoted', 'held', 'held', 'promoted', 'promoted']",6,5,v0,11,0,11,3,0.0,0.0,0.0,,397.8926594257355
2026-03-16 05:24:35,SVR_kswin,linear_gradual_drift_14,,0.0385573356120042,0.0046580885356141,0.0682501907368333,15,0.0043659210205078,0.0002910614013671,4,"['held', 'held', 'promoted', 'promoted', 'held', 'held', 'held', 'held', 'held', 'held', 'held', 'held', 'held', 'promoted', 'promoted']",4,11,v0,15,3,12,0,0.2,1.0,0.3333333333333333,43.333333333333336,3.5970916748046875
2026-03-16 05:31:29,RF_kswin,linear_gradual_drift_15,,0.0298026808510638,0.0021414797830287,0.046276125410721,12,1.2842531204223633,0.1070210933685302,8,"['held', 'promoted', 'promoted', 'held', 'promoted', 'promoted', 'promoted', 'held', 'held', 'promoted', 'promoted', 'promoted']",8,4,v12,12,3,9,0,0.25,1.0,0.4,-130.33333333333334,412.8559648990631
2026-03-16 05:31:32,SVR_kswin,linear_gradual_drift_15,,0.0350058767519587,0.002624276235308,0.0512276901227066,14,0.0020017623901367,0.0001429830278669,6,"['held', 'held', 'held', 'promoted', 'promoted', 'held', 'held', 'held', 'held', 'promoted', 'promoted', 'promoted', 'promoted', 'held']",6,8,v0,14,3,11,0,0.2142857142857142,1.0,0.3529411764705882,-10.0,3.481097221374512
2026-03-16 05:38:06,RF_kswin,linear_gradual_drift_16,,0.0528278072590738,0.0074055984239799,0.0860557866966538,18,1.867880821228028,0.1037711567348904,16,"['held', 'promoted', 'promoted', 'promoted', 'promoted', 'promoted', 'promoted', 'promoted', 'promoted', 'promoted', 'promoted', 'promoted', 'promoted', 'promoted', 'promoted', 'held', 'promoted', 'promoted']",16,2,v18,18,3,15,0,0.1666666666666666,1.0,0.2857142857142857,25.0,392.6616177558899
2026-03-16 05:38:10,SVR_kswin,linear_gradual_drift_16,,0.025911591729492,0.0011092638937942,0.0333056135477832,13,0.009195327758789,0.0007073329045222,0,"['held', 'held', 'held', 'held', 'held', 'held', 'held', 'held', 'held', 'held', 'held', 'held', 'held']",0,13,v0,13,3,10,0,0.2307692307692307,1.0,0.375,73.0,3.825829267501831
2026-03-16 05:45:01,RF_kswin,linear_gradual_drift_17,,0.0233002415519399,0.0009190243945306,0.0303154151304359,8,0.8669049739837646,0.1083631217479705,4,"['held', 'promoted', 'held', 'promoted', 'held', 'held', 'promoted', 'promoted']",4,4,v0,8,2,6,1,0.25,0.6666666666666666,0.3636363636363636,42.5,410.6826708316803
2026-03-16 05:45:05,SVR_kswin,linear_gradual_drift_17,,0.0357829273380614,0.0032644872891466,0.0571356919022304,14,0.0,0.0,5,"['held', 'held', 'held', 'held', 'held', 'held', 'held', 'held', 'promoted', 'promoted', 'held', 'promoted', 'promoted', 'promoted']",5,9,v0,14,3,11,0,0.2142857142857142,1.0,0.3529411764705882,-26.0,3.70200777053833
2026-03-16 05:51:42,RF_kswin,linear_gradual_drift_18,,0.0449372227784731,0.0065262659185607,0.0807853075661702,13,1.5284748077392578,0.1175749852107121,8,"['promoted', 'promoted', 'promoted', 'held', 'held', 'held', 'held', 'held', 'promoted', 'promoted', 'promoted', 'promoted', 'promoted']",8,5,v13,13,2,11,1,0.1538461538461538,0.6666666666666666,0.25,-107.0,395.8296961784363
2026-03-16 05:51:45,SVR_kswin,linear_gradual_drift_18,,0.1290057919171705,0.0561813696168607,0.2370260948015232,16,0.0058491230010986,0.0003655701875686,9,"['held', 'held', 'held', 'held', 'held', 'held', 'promoted', 'promoted', 'promoted', 'promoted', 'held', 'promoted', 'promoted', 'promoted', 'promoted', 'promoted']",9,7,v14,16,3,13,0,0.1875,1.0,0.3157894736842105,-13.0,3.504549741744995
2026-03-16 05:58:35,RF_kswin,linear_gradual_drift_19,,0.0367412515644555,0.0045467570289612,0.0674296450306629,16,1.7243390083312988,0.1077711880207061,10,"['held', 'promoted', 'promoted', 'held', 'promoted', 'held', 'promoted', 'held', 'promoted', 'promoted', 'held', 'held', 'promoted', 'promoted', 'promoted', 'promoted']",10,6,v16,16,1,15,2,0.0625,0.3333333333333333,0.1052631578947368,-183.0,409.1076805591583
2026-03-16 05:58:39,SVR_kswin,linear_gradual_drift_19,,0.0351009954015393,0.0030267811648059,0.0550161900244463,16,0.0212182998657226,0.0013261437416076,6,"['held', 'held', 'held', 'held', 'promoted', 'promoted', 'held', 'held', 'held', 'held', 'held', 'held', 'promoted', 'promoted', 'promoted', 'promoted']",6,10,v16,16,2,14,1,0.125,0.6666666666666666,0.2105263157894736,-106.0,3.369980335235596
2026-03-16 06:05:25,RF_kswin,linear_gradual_drift_20,,0.0241488372966207,0.0011231390619148,0.0335132669537736,8,0.9107303619384766,0.1138412952423095,2,"['held', 'held', 'promoted', 'promoted', 'held', 'held', 'held', 'held']",2,6,v0,8,2,6,1,0.25,0.6666666666666666,0.3636363636363636,211.5,405.36340832710266
2026-03-16 06:05:29,SVR_kswin,linear_gradual_drift_20,,0.0307192119906767,0.0018001711955937,0.0424284243826445,14,0.0010278224945068,7.3415892464774e-05,4,"['held', 'held', 'held', 'held', 'promoted', 'promoted', 'held', 'held', 'held', 'promoted', 'promoted', 'held', 'held', 'held']",4,10,v0,14,3,11,0,0.2142857142857142,1.0,0.3529411764705882,-80.0,4.109492540359497
2026-03-16 06:12:18,RF_kswin,linear_gradual_drift_21,,0.0280759111389236,0.0016900512034417,0.04111023234478,13,1.4442524909973145,0.1110963454613318,5,"['promoted', 'promoted', 'held', 'held', 'held', 'held', 'held', 'held', 'promoted', 'held', 'promoted', 'promoted']",5,7,v9,13,1,12,2,0.0769230769230769,0.3333333333333333,0.125,175.0,408.4217617511749
2026-03-16 06:12:22,SVR_kswin,linear_gradual_drift_21,,0.0481507058837531,0.0057172360416602,0.0756124066649131,15,0.0105633735656738,0.0007042249043782,7,"['held', 'promoted', 'promoted', 'promoted', 'promoted', 'held', 'held', 'held', 'held', 'held', 'held', 'promoted', 'promoted', 'promoted', 'held']",7,8,v12,15,3,12,0,0.2,1.0,0.3333333333333333,-55.0,3.50345778465271
2026-03-16 06:18:27,RF_kswin,linear_gradual_drift_22,,0.0224295944931164,0.0008717354597496,0.0295251665490592,11,1.2586419582366943,0.1144219962033358,5,"['held', 'promoted', 'promoted', 'held', 'held', 'held', 'held', 'held', 'promoted', 'promoted', 'promoted']",5,6,v11,11,2,9,1,0.1818181818181818,0.6666666666666666,0.2857142857142857,-23.5,364.3178765773773
2026-03-16 06:18:31,SVR_kswin,linear_gradual_drift_22,,0.0366763555740471,0.0031344513710947,0.0559861712487533,15,0.0146408081054687,0.0009760538736979,8,"['held', 'held', 'held', 'held', 'held', 'held', 'promoted', 'promoted', 'held', 'promoted', 'promoted', 'promoted', 'promoted', 'promoted', 'promoted']",8,7,v0,15,2,13,1,0.1333333333333333,0.6666666666666666,0.2222222222222222,-54.5,3.6231322288513184
2026-03-16 06:24:24,RF_kswin,linear_gradual_drift_23,,0.0425087822277847,0.0075163403571839,0.0866968301449596,11,1.2036869525909424,0.1094260865991765,8,"['held', 'held', 'promoted', 'promoted', 'promoted', 'promoted', 'held', 'promoted', 'promoted', 'promoted', 'promoted']",8,3,v9,11,2,9,1,0.1818181818181818,0.6666666666666666,0.2857142857142857,-49.0,352.5978379249573
2026-03-16 06:24:28,SVR_kswin,linear_gradual_drift_23,,0.0426159033526241,0.0049560080756551,0.0703989209836002,13,0.0169098377227783,0.001300756747906,5,"['held', 'held', 'held', 'held', 'held', 'held', 'held', 'held', 'promoted', 'promoted', 'promoted', 'promoted', 'promoted']",5,8,v10,13,1,12,2,0.0769230769230769,0.3333333333333333,0.125,-113.0,4.4594244956970215
2026-03-16 06:30:55,RF_kswin,linear_gradual_drift_24,,0.0214235669586983,0.0007740684226032,0.0278220851591546,9,0.9549694061279296,0.1061077117919921,1,"['held', 'held', 'held', 'held', 'held', 'held', 'held', 'held', 'promoted']",1,8,v9,9,2,7,1,0.2222222222222222,0.6666666666666666,0.3333333333333333,-4.0,385.6291711330414
2026-03-16 06:30:59,SVR_kswin,linear_gradual_drift_24,,0.0337909319090989,0.0031320620923497,0.055964829065671,13,0.0050699710845947,0.000389997775738,4,"['held', 'held', 'held', 'held', 'held', 'promoted', 'promoted', 'promoted', 'promoted', 'held', 'held', 'held', 'held']",4,9,v0,13,2,11,1,0.1538461538461538,0.6666666666666666,0.25,31.5,4.16446328163147
2026-03-16 06:37:50,RF_kswin,linear_gradual_drift_25,,0.0539341564455569,0.010771785187647,0.1037872110987045,14,1.5295922756195068,0.109256591115679,9,"['held', 'promoted', 'promoted', 'held', 'held', 'promoted', 'held', 'promoted', 'promoted', 'promoted', 'promoted', 'held', 'promoted', 'promoted']",9,5,v14,14,1,13,2,0.0714285714285714,0.3333333333333333,0.1176470588235294,142.0,410.0649416446686
2026-03-16 06:37:54,SVR_kswin,linear_gradual_drift_25,,0.043985424414813,0.0057162534603194,0.0756059088981769,15,0.0241332054138183,0.0016088803609212,4,"['held', 'promoted', 'promoted', 'held', 'held', 'held', 'held', 'held', 'held', 'held', 'held', 'held', 'held', 'promoted', 'promoted']",4,11,v15,15,3,12,0,0.2,1.0,0.3333333333333333,-146.66666666666666,3.5487060546875
2026-03-16 06:44:44,RF_kswin,linear_gradual_drift_26,,0.0344037734668335,0.0031684081662703,0.0562886148903163,14,1.564478874206543,0.111748491014753,7,"['held', 'held', 'held', 'promoted', 'promoted', 'held', 'promoted', 'held', 'promoted', 'held', 'held', 'promoted', 'promoted', 'promoted']",7,7,v12,14,1,13,2,0.0714285714285714,0.3333333333333333,0.1176470588235294,-53.0,409.2866673469544
2026-03-16 06:44:47,SVR_kswin,linear_gradual_drift_26,,0.0411122212612914,0.0043042621317032,0.0656068756435117,14,0.0039174556732177,0.0002798182623726,4,"['held', 'held', 'held', 'held', 'held', 'held', 'held', 'held', 'held', 'held', 'promoted', 'promoted', 'promoted', 'promoted']",4,10,v11,14,3,11,0,0.2142857142857142,1.0,0.3529411764705882,-8.333333333333334,3.7490549087524414
2026-03-16 06:50:38,RF_kswin,linear_gradual_drift_27,,0.0251044117647058,0.001401565856433,0.0374374926568679,12,1.258988380432129,0.104915698369344,6,"['promoted', 'promoted', 'promoted', 'held', 'promoted', 'held', 'held', 'promoted', 'promoted', 'held', 'held', 'held']",6,6,v0,12,2,10,1,0.1666666666666666,0.6666666666666666,0.2666666666666666,53.5,349.9235291481018
2026-03-16 06:50:42,SVR_kswin,linear_gradual_drift_27,,0.027397399088379,0.0012654735171593,0.0355734945873943,14,0.0036332607269287,0.000259518623352,2,"['held', 'held', 'held', 'promoted', 'promoted', 'held', 'held', 'held', 'held', 'held', 'held', 'held', 'held', 'held']",2,12,v0,14,3,11,0,0.2142857142857142,1.0,0.3529411764705882,56.333333333333336,3.603543281555176
2026-03-16 06:57:01,RF_kswin,linear_gradual_drift_28,,0.0206582052565707,0.0006943734482352,0.0263509667419488,6,0.6739046573638916,0.1123174428939819,2,"['promoted', 'promoted', 'held', 'held', 'held', 'held']",2,4,v0,6,2,4,1,0.3333333333333333,0.6666666666666666,0.4444444444444444,-112.5,378.7688963413239
2026-03-16 06:57:05,SVR_kswin,linear_gradual_drift_28,,0.029008267718257,0.0015689691914164,0.0396102157456442,12,0.0080702304840087,0.0006725192070007,1,"['held', 'held', 'held', 'held', 'held', 'held', 'held', 'held', 'held', 'held', 'held', 'promoted']",1,11,v12,12,2,10,1,0.1666666666666666,0.6666666666666666,0.2666666666666666,-161.0,4.1563568115234375
2026-03-16 07:03:25,RF_kswin,linear_gradual_drift_29,,0.0379052428035043,0.0054763570138297,0.0740024122162905,12,1.3232007026672363,0.1102667252222697,8,"['held', 'held', 'held', 'held', 'promoted', 'promoted', 'promoted', 'promoted', 'promoted', 'promoted', 'promoted', 'promoted']",8,4,v12,12,2,10,1,0.1666666666666666,0.6666666666666666,0.2666666666666666,-95.0,379.1358699798584
2026-03-16 07:03:29,SVR_kswin,linear_gradual_drift_29,,0.0583260366944892,0.0141851458809564,0.1191014100712347,16,0.0162439346313476,0.0010152459144592,6,"['held', 'held', 'held', 'held', 'promoted', 'promoted', 'held', 'held', 'held', 'promoted', 'promoted', 'held', 'promoted', 'promoted', 'held', 'held']",6,10,v0,16,3,13,0,0.1875,1.0,0.3157894736842105,-25.0,3.7203774452209473
2026-03-16 07:10:12,RF_kswin,linear_gradual_drift_30,,0.036571802252816,0.00405513242,0.063679921639399,10,1.052968978881836,0.1052968978881836,5,"['promoted', 'promoted', 'held', 'held', 'held', 'held', 'held', 'promoted', 'promoted', 'promoted']",5,5,v0,10,2,8,1,0.2,0.6666666666666666,0.3076923076923076,-208.5,401.9404537677765
2026-03-16 07:10:16,SVR_kswin,linear_gradual_drift_30,,0.0731183446383439,0.0237346116660466,0.1540604156363557,12,0.0142407417297363,0.001186728477478,4,"['held', 'held', 'held', 'held', 'promoted', 'promoted', 'held', 'held', 'held', 'promoted', 'promoted', 'held']",4,8,v11,12,2,10,1,0.1666666666666666,0.6666666666666666,0.2666666666666666,-91.0,3.7814416885375977
2026-03-16 07:17:08,RF_kswin,linear_abrupt_drift_1,,0.1019840037546934,0.0228771256629161,0.1512518616841331,19,1.93976640701294,0.1020929687901547,16,"['promoted', 'held', 'promoted', 'promoted', 'promoted', 'promoted', 'promoted', 'promoted', 'promoted', 'promoted', 'held', 'promoted', 'promoted', 'held', 'promoted', 'promoted', 'promoted', 'promoted', 'promoted']",16,3,v19,19,3,16,0,0.1578947368421052,1.0,0.2727272727272727,0.6666666666666666,411.6814675331116
2026-03-16 07:17:11,SVR_kswin,linear_abrupt_drift_1,,0.1525418562053738,0.0600847679759837,0.2451219451130065,20,0.0131337642669677,0.0006566882133483,13,"['promoted', 'held', 'promoted', 'held', 'promoted', 'promoted', 'held', 'promoted', 'held', 'promoted', 'promoted', 'promoted', 'promoted', 'promoted', 'promoted', 'held', 'promoted', 'held', 'promoted', 'held']",13,7,v15,20,3,17,0,0.15,1.0,0.2608695652173913,13.666666666666666,2.980286836624145
2026-03-16 07:24:06,RF_kswin,linear_abrupt_drift_2,,0.0743358335419274,0.0134670729185356,0.1160477182823328,20,2.065643310546875,0.1032821655273437,15,"['promoted', 'held', 'promoted', 'held', 'promoted', 'promoted', 'promoted', 'promoted', 'promoted', 'promoted', 'promoted', 'promoted', 'held', 'promoted', 'promoted', 'promoted', 'promoted', 'promoted', 'held']",15,4,v16,20,3,17,0,0.15,1.0,0.2608695652173913,-78.33333333333333,414.37284111976624
2026-03-16 07:24:10,SVR_kswin,linear_abrupt_drift_2,,0.1111579750860846,0.0276550759022015,0.166298153634373,18,0.0060951709747314,0.0003386206097073,10,"['promoted', 'held', 'promoted', 'held', 'promoted', 'promoted', 'promoted', 'promoted', 'promoted', 'held', 'promoted', 'promoted', 'promoted', 'held', 'held', 'held', 'held', 'held']",10,8,v13,18,3,15,0,0.1666666666666666,1.0,0.2857142857142857,138.0,3.1303718090057373
2026-03-16 07:31:01,RF_kswin,linear_abrupt_drift_3,,0.0995713466833541,0.0258434268763454,0.1607589091663208,20,2.1098408699035645,0.1054920434951782,14,"['promoted', 'held', 'promoted', 'held', 'held', 'promoted', 'promoted', 'promoted', 'held', 'promoted', 'held', 'promoted', 'promoted', 'promoted', 'promoted', 'held', 'promoted', 'promoted', 'promoted', 'promoted']",14,6,v20,20,3,17,0,0.15,1.0,0.2608695652173913,69.33333333333333,410.2391562461853
2026-03-16 07:31:03,SVR_kswin,linear_abrupt_drift_3,,0.1817218244652493,0.0731200539122051,0.2704072001855814,21,0.0390596389770507,0.0018599828084309,14,"['promoted', 'held', 'promoted', 'promoted', 'promoted', 'promoted', 'promoted', 'promoted', 'held', 'promoted', 'promoted', 'held', 'promoted', 'held', 'held', 'promoted', 'held', 'promoted', 'held', 'promoted', 'promoted']",14,7,v21,21,3,18,0,0.1428571428571428,1.0,0.25,11.0,2.845616102218628
2026-03-16 07:37:39,RF_kswin,linear_abrupt_drift_4,,0.093167294117647,0.0282674757490613,0.1681293423203139,18,1.906153678894043,0.1058974266052246,14,"['promoted', 'promoted', 'held', 'promoted', 'promoted', 'promoted', 'held', 'promoted', 'promoted', 'promoted', 'promoted', 'promoted', 'promoted', 'promoted', 'held', 'promoted', 'promoted']",14,3,v17,18,3,15,0,0.1666666666666666,1.0,0.2857142857142857,-14.0,395.0010387897492
2026-03-16 07:37:43,SVR_kswin,linear_abrupt_drift_4,,0.1019542767543374,0.0335351506971546,0.1831260513885304,19,0.0060751438140869,0.0003197444112677,10,"['held', 'held', 'held', 'promoted', 'promoted', 'promoted', 'held', 'promoted', 'promoted', 'promoted', 'promoted', 'promoted', 'held', 'held', 'held', 'held', 'held', 'promoted', 'promoted']",10,9,v19,19,3,16,0,0.1578947368421052,1.0,0.2727272727272727,88.0,3.2393016815185547
2026-03-16 07:43:43,RF_kswin,linear_abrupt_drift_5,,0.0372374543178973,0.0038333633262578,0.0619141609509312,11,1.175858497619629,0.1068962270563299,9,"['promoted', 'promoted', 'promoted', 'promoted', 'held', 'promoted', 'promoted', 'held', 'promoted', 'promoted', 'promoted']",9,2,v11,11,3,8,0,0.2727272727272727,1.0,0.4285714285714285,-25.0,360.0359716415405
2026-03-16 07:43:47,SVR_kswin,linear_abrupt_drift_5,,0.0646206298923438,0.0156131121064294,0.1249524393776665,19,0.0051279067993164,0.0002698898315429,6,"['held', 'held', 'held', 'held', 'held', 'promoted', 'promoted', 'promoted', 'held', 'promoted', 'held', 'promoted', 'promoted', 'held', 'held', 'held', 'held', 'held', 'held']",6,13,v0,19,3,16,0,0.1578947368421052,1.0,0.2727272727272727,-70.0,3.170929431915283
2026-03-16 07:50:12,RF_kswin,linear_abrupt_drift_6,,0.0297451752190237,0.002101881944443,0.0458462860485236,10,1.057356357574463,0.1057356357574463,6,"['held', 'promoted', 'promoted', 'held', 'promoted', 'promoted', 'held', 'held', 'promoted', 'promoted']",6,4,v10,10,2,8,1,0.2,0.6666666666666666,0.3076923076923076,-46.5,385.1885552406311
2026-03-16 07:50:16,SVR_kswin,linear_abrupt_drift_6,,0.0720692268755593,0.0168643655142846,0.1298628719622536,16,0.0230991840362548,0.0014436990022659,8,"['held', 'held', 'promoted', 'promoted', 'promoted', 'promoted', 'held', 'held', 'held', 'held', 'held', 'promoted', 'promoted', 'held', 'promoted', 'promoted']",8,8,v14,16,3,13,0,0.1875,1.0,0.3157894736842105,-19.33333333333333,3.414469957351685
2026-03-16 07:56:37,RF_kswin,linear_abrupt_drift_7,,0.0440422177722152,0.0061440269918648,0.0783838439467267,11,1.1591033935546875,0.1053730357776988,9,"['promoted', 'promoted', 'promoted', 'promoted', 'held', 'promoted', 'promoted', 'promoted', 'held', 'promoted', 'promoted']",9,2,v0,11,2,9,1,0.1818181818181818,0.6666666666666666,0.2857142857142857,35.5,380.6201393604279
2026-03-16 07:56:41,SVR_kswin,linear_abrupt_drift_7,,0.0482908674904747,0.0078149925848175,0.0884024467128456,15,0.0110993385314941,0.0007399559020996,6,"['held', 'promoted', 'promoted', 'held', 'held', 'held', 'promoted', 'promoted', 'held', 'held', 'held', 'promoted', 'promoted', 'held', 'held']",6,9,v0,15,3,12,0,0.2,1.0,0.3333333333333333,-119.0,3.5909249782562256
2026-03-16 08:03:40,RF_kswin,linear_abrupt_drift_8,,0.0885899574468086,0.0226825519010513,0.1506072770521111,19,2.0577762126922607,0.1083040111943295,15,"['held', 'promoted', 'promoted', 'held', 'promoted', 'promoted', 'promoted', 'promoted', 'promoted', 'promoted', 'promoted', 'promoted', 'held', 'held', 'promoted', 'promoted', 'promoted', 'promoted', 'promoted']",15,4,v19,19,3,16,0,0.1578947368421052,1.0,0.2727272727272727,-96.33333333333331,418.11714935302734
2026-03-16 08:03:43,SVR_kswin,linear_abrupt_drift_8,,0.1625311745136243,0.0599610894824641,0.2448695356357424,21,0.0378539562225341,0.0018025693439301,15,"['held', 'promoted', 'promoted', 'held', 'promoted', 'promoted', 'held', 'promoted', 'promoted', 'promoted', 'held', 'promoted', 'promoted', 'promoted', 'promoted', 'promoted', 'promoted', 'held', 'promoted', 'held', 'promoted']",15,6,v20,21,3,18,0,0.1428571428571428,1.0,0.25,-13.666666666666666,2.852283477783203
2026-03-16 08:10:41,RF_kswin,linear_abrupt_drift_9,,0.1101688773466833,0.0281173204664956,0.1676822008040675,20,2.1306397914886475,0.1065319895744323,19,"['promoted', 'promoted', 'promoted', 'promoted', 'held', 'promoted', 'promoted', 'promoted', 'promoted', 'promoted', 'promoted', 'promoted', 'promoted', 'promoted', 'promoted', 'promoted', 'promoted', 'promoted', 'promoted', 'promoted']",19,1,v20,20,3,17,0,0.15,1.0,0.2608695652173913,-10.0,417.19201016426086
2026-03-16 08:10:44,SVR_kswin,linear_abrupt_drift_9,,0.1885120083755546,0.0816383754862876,0.2857242997826535,19,0.0419971942901611,0.0022103786468505,17,"['promoted', 'promoted', 'promoted', 'promoted', 'held', 'promoted', 'promoted', 'promoted', 'promoted', 'promoted', 'promoted', 'promoted', 'promoted', 'promoted', 'held', 'promoted', 'promoted', 'promoted', 'promoted']",17,2,v19,19,3,16,0,0.1578947368421052,1.0,0.2727272727272727,-57.66666666666666,3.224195957183838
2026-03-16 08:17:36,RF_kswin,linear_abrupt_drift_10,,0.0592165006257822,0.0120972664182227,0.1099875739264339,16,1.7879798412322998,0.1117487400770187,10,"['held', 'promoted', 'promoted', 'promoted', 'promoted', 'promoted', 'promoted', 'promoted', 'promoted', 'held', 'held', 'held', 'held', 'held', 'promoted', 'promoted']",10,6,v16,16,3,13,0,0.1875,1.0,0.3157894736842105,-41.333333333333336,411.4088962078095
2026-03-16 08:17:39,SVR_kswin,linear_abrupt_drift_10,,0.1282852440432154,0.0517410609836374,0.2274666150968916,19,0.0088114738464355,0.0004637617813913,11,"['held', 'held', 'promoted', 'held', 'held', 'promoted', 'promoted', 'promoted', 'promoted', 'promoted', 'promoted', 'held', 'held', 'promoted', 'promoted', 'held', 'promoted', 'promoted', 'held']",11,8,v15,19,3,16,0,0.1578947368421052,1.0,0.2727272727272727,59.333333333333336,3.0267581939697266
2026-03-16 08:24:12,RF_kswin,linear_abrupt_drift_11,,0.1248557734668335,0.0494852560402378,0.2224528175596744,19,2.0069174766540527,0.1056272356133712,14,"['promoted', 'promoted', 'held', 'promoted', 'promoted', 'promoted', 'promoted', 'promoted', 'promoted', 'promoted', 'promoted', 'promoted', 'promoted', 'held', 'promoted', 'held', 'held', 'promoted', 'held']",14,5,v17,19,3,16,0,0.1578947368421052,1.0,0.2727272727272727,-41.0,392.52184653282166
2026-03-16 08:24:16,SVR_kswin,linear_abrupt_drift_11,,0.1542095998104171,0.0763051545861384,0.276233876608461,18,0.0150785446166992,0.0008376969231499,8,"['held', 'held', 'held', 'promoted', 'promoted', 'promoted', 'promoted', 'promoted', 'promoted', 'promoted', 'promoted', 'held', 'held', 'held', 'held', 'held', 'held', 'held']",8,10,v11,18,3,15,0,0.1666666666666666,1.0,0.2857142857142857,-61.0,3.1460680961608887
2026-03-16 08:30:56,RF_kswin,linear_abrupt_drift_12,,0.0989677459324155,0.035922730073279,0.189532926092748,18,1.8592846393585205,0.1032935910754733,11,"['held', 'held', 'held', 'promoted', 'promoted', 'promoted', 'promoted', 'promoted', 'held', 'promoted', 'held', 'held', 'held', 'promoted', 'promoted', 'promoted', 'promoted', 'promoted']",11,7,v14,18,3,15,0,0.1666666666666666,1.0,0.2857142857142857,-40.66666666666666,399.1919529438019
2026-03-16 08:30:59,SVR_kswin,linear_abrupt_drift_12,,0.1901225355791047,0.084296043145345,0.2903378086735261,21,0.0087318420410156,0.0004158020019531,18,"['held', 'promoted', 'promoted', 'promoted', 'promoted', 'promoted', 'promoted', 'promoted', 'promoted', 'promoted', 'promoted', 'promoted', 'promoted', 'held', 'promoted', 'promoted', 'promoted', 'held', 'promoted', 'promoted', 'promoted']",18,3,v21,21,3,18,0,0.1428571428571428,1.0,0.25,-41.333333333333336,3.258943557739258
2026-03-16 08:37:34,RF_kswin,linear_abrupt_drift_13,,0.0296106783479349,0.002480326605657,0.0498028774837064,13,1.4097235202789309,0.1084402707906869,7,"['held', 'promoted', 'promoted', 'promoted', 'promoted', 'promoted', 'held', 'held', 'held', 'held', 'promoted', 'promoted', 'held']",7,6,v0,13,3,10,0,0.2307692307692307,1.0,0.375,52.0,393.7789764404297
2026-03-16 08:37:37,SVR_kswin,linear_abrupt_drift_13,,0.0336105013147606,0.0036892264857497,0.0607390030025987,15,0.0145940780639648,0.0009729385375976,4,"['held', 'held', 'held', 'held', 'held', 'promoted', 'promoted', 'promoted', 'promoted', 'held', 'held', 'held', 'held', 'held', 'held']",4,11,v0,15,3,12,0,0.2,1.0,0.3333333333333333,24.666666666666668,3.701170444488525
2026-03-16 08:44:22,RF_kswin,linear_abrupt_drift_14,,0.0945043266583228,0.0247837867235669,0.1574286718598837,17,1.7151036262512207,0.1008884486030129,14,"['promoted', 'held', 'promoted', 'held', 'promoted', 'promoted', 'promoted', 'promoted', 'promoted', 'promoted', 'promoted', 'promoted', 'held', 'promoted', 'promoted', 'promoted', 'promoted']",14,3,v17,17,3,14,0,0.1764705882352941,1.0,0.3,-21.666666666666668,404.3576629161835
2026-03-16 08:44:25,SVR_kswin,linear_abrupt_drift_14,,0.1282438364175119,0.0382508325026215,0.1955782004790451,20,0.0153067111968994,0.0007653355598449,14,"['held', 'promoted', 'promoted', 'held', 'promoted', 'promoted', 'promoted', 'promoted', 'promoted', 'promoted', 'promoted', 'promoted', 'held', 'held', 'held', 'promoted', 'promoted', 'promoted', 'promoted', 'held']",14,6,v15,20,3,17,0,0.15,1.0,0.2608695652173913,-32.0,2.904675245285034
2026-03-16 08:51:09,RF_kswin,linear_abrupt_drift_15,,0.0885595156445556,0.0258622809159323,0.1608175392049399,18,1.8765225410461424,0.1042512522803412,14,"['held', 'promoted', 'promoted', 'promoted', 'promoted', 'promoted', 'promoted', 'promoted', 'promoted', 'promoted', 'promoted', 'promoted', 'promoted', 'promoted', 'held', 'promoted', 'held', 'held']",14,4,v16,18,3,15,0,0.1666666666666666,1.0,0.2857142857142857,9.333333333333334,403.157215833664
2026-03-16 08:51:13,SVR_kswin,linear_abrupt_drift_15,,0.1567431285207028,0.0606575327051809,0.2462875000993371,20,0.0200655460357666,0.0010032773017883,15,"['held', 'promoted', 'promoted', 'held', 'promoted', 'promoted', 'promoted', 'promoted', 'promoted', 'promoted', 'promoted', 'promoted', 'promoted', 'promoted', 'held', 'promoted', 'held', 'promoted', 'held', 'promoted']",15,5,v18,20,3,17,0,0.15,1.0,0.2608695652173913,-53.0,3.282724380493164
2026-03-16 08:58:01,RF_kswin,linear_abrupt_drift_16,,0.0293281013767209,0.00228016383801,0.0477510611192045,14,1.5453624725341797,0.1103830337524414,4,"['held', 'held', 'held', 'held', 'held', 'held', 'promoted', 'promoted', 'held', 'held', 'held', 'promoted', 'held', 'promoted']",4,10,v0,14,2,12,1,0.1428571428571428,0.6666666666666666,0.2352941176470588,24.0,407.7192926406861
2026-03-16 08:58:05,SVR_kswin,linear_abrupt_drift_16,,0.0379942010364784,0.0029902559597359,0.0546832328939684,16,0.015906810760498,0.0009941756725311,5,"['promoted', 'promoted', 'held', 'held', 'held', 'held', 'held', 'held', 'held', 'held', 'held', 'held', 'held', 'promoted', 'promoted', 'promoted']",5,11,v0,16,2,14,1,0.125,0.6666666666666666,0.2105263157894736,-104.0,3.3309149742126465
2026-03-16 09:04:55,RF_kswin,linear_abrupt_drift_17,,0.0243277997496871,0.0011176107901627,0.0334306863549449,8,0.932689905166626,0.1165862381458282,6,"['promoted', 'promoted', 'held', 'held', 'promoted', 'promoted', 'promoted', 'promoted']",6,2,v0,8,1,7,2,0.125,0.3333333333333333,0.1818181818181818,-227.0,409.3954989910126
2026-03-16 09:04:59,SVR_kswin,linear_abrupt_drift_17,,0.035740030243701,0.0033120797500403,0.0575506711519538,14,0.0026509761810302,0.0001893554415021,6,"['promoted', 'promoted', 'held', 'held', 'held', 'held', 'held', 'held', 'held', 'held', 'promoted', 'promoted', 'promoted', 'promoted']",6,8,v0,14,3,11,0,0.2142857142857142,1.0,0.3529411764705882,107.33333333333331,3.791760444641113
2026-03-16 09:11:35,RF_kswin,linear_abrupt_drift_18,,0.1148975657071338,0.0300943060170087,0.1734771051666725,20,2.1448140144348145,0.1072407007217407,15,"['held', 'promoted', 'held', 'held', 'promoted', 'promoted', 'held', 'promoted', 'promoted', 'promoted', 'promoted', 'held', 'promoted', 'promoted', 'promoted', 'promoted', 'promoted', 'promoted', 'promoted', 'promoted']",15,5,v20,20,3,17,0,0.15,1.0,0.2608695652173913,-4.0,395.4704885482788
2026-03-16 09:11:38,SVR_kswin,linear_abrupt_drift_18,,0.174307024246166,0.0526169001205369,0.2293837398782593,21,0.0222742557525634,0.0010606788453601,20,"['held', 'promoted', 'promoted', 'promoted', 'promoted', 'promoted', 'promoted', 'promoted', 'promoted', 'promoted', 'promoted', 'promoted', 'promoted', 'promoted', 'promoted', 'promoted', 'promoted', 'promoted', 'promoted', 'promoted', 'promoted']",20,1,v18,21,3,18,0,0.1428571428571428,1.0,0.25,51.66666666666666,2.909677028656006
2026-03-16 09:18:15,RF_kswin,linear_abrupt_drift_19,,0.0479196420525657,0.0062893303171464,0.0793052981656739,11,1.1487908363342283,0.1044355305758389,7,"['held', 'held', 'promoted', 'promoted', 'promoted', 'promoted', 'promoted', 'promoted', 'promoted', 'held', 'held']",7,4,v0,11,2,9,1,0.1818181818181818,0.6666666666666666,0.2857142857142857,116.5,396.699179649353
2026-03-16 09:18:19,SVR_kswin,linear_abrupt_drift_19,,0.1129462952884138,0.032090980031971,0.1791395546270311,19,0.0158953666687011,0.0008365982457211,16,"['held', 'promoted', 'promoted', 'held', 'promoted', 'promoted', 'promoted', 'promoted', 'promoted', 'promoted', 'promoted', 'promoted', 'promoted', 'promoted', 'promoted', 'held', 'promoted', 'promoted', 'promoted']",16,3,v13,19,3,16,0,0.1578947368421052,1.0,0.2727272727272727,-18.666666666666668,3.1105098724365234
2026-03-16 09:25:02,RF_kswin,linear_abrupt_drift_20,,0.0232771764705882,0.0010266506180725,0.0320413891408064,9,0.936560869216919,0.1040623188018798,4,"['held', 'held', 'promoted', 'promoted', 'held', 'promoted', 'promoted', 'held', 'held']",4,5,v0,9,1,8,2,0.1111111111111111,0.3333333333333333,0.1666666666666666,-74.0,402.4651002883911
2026-03-16 09:25:06,SVR_kswin,linear_abrupt_drift_20,,0.0256068314145831,0.0010454272642379,0.0323330676589461,11,0.0031464099884033,0.000286037271673,0,"['held', 'held', 'held', 'held', 'held', 'held', 'held', 'held', 'held', 'held', 'held']",0,11,v0,11,2,9,1,0.1818181818181818,0.6666666666666666,0.2857142857142857,-15.0,3.793480634689331
2026-03-16 09:31:57,RF_kswin,linear_abrupt_drift_21,,0.0497526821026282,0.0119460041094492,0.1092977772392892,9,1.0575828552246094,0.1175092061360677,5,"['promoted', 'promoted', 'promoted', 'promoted', 'held', 'held', 'held', 'held', 'promoted']",5,4,v9,9,1,8,2,0.1111111111111111,0.3333333333333333,0.1666666666666666,23.0,410.225652217865
2026-03-16 09:32:00,SVR_kswin,linear_abrupt_drift_21,,0.0645214904257321,0.0215800096414929,0.1469013602438483,16,0.0053913593292236,0.0003369599580764,4,"['promoted', 'promoted', 'held', 'held', 'held', 'held', 'held', 'held', 'promoted', 'promoted', 'held', 'held', 'held', 'held', 'held', 'held']",4,12,v0,16,3,13,0,0.1875,1.0,0.3157894736842105,30.666666666666668,3.7966854572296143
2026-03-16 09:38:54,RF_kswin,linear_abrupt_drift_22,,0.0667676082603254,0.0151267745733041,0.1229909532173165,19,2.146922826766968,0.112995938250893,15,"['held', 'promoted', 'promoted', 'promoted', 'promoted', 'promoted', 'held', 'promoted', 'promoted', 'promoted', 'promoted', 'promoted', 'promoted', 'promoted', 'promoted', 'promoted', 'held', 'promoted', 'held']",15,4,v18,19,3,16,0,0.1578947368421052,1.0,0.2727272727272727,-111.0,412.715544462204
2026-03-16 09:38:57,SVR_kswin,linear_abrupt_drift_22,,0.062731629700969,0.0136068867086894,0.1166485606798877,17,0.0058567523956298,0.0003445148468017,12,"['promoted', 'promoted', 'promoted', 'held', 'promoted', 'promoted', 'promoted', 'promoted', 'promoted', 'promoted', 'promoted', 'held', 'held', 'held', 'held', 'promoted', 'promoted']",12,5,v0,17,3,14,0,0.1764705882352941,1.0,0.3,-127.66666666666669,3.3247437477111816
2026-03-16 09:45:48,RF_kswin,linear_abrupt_drift_23,,0.0679415719649561,0.0155707404411013,0.1247827730141519,18,1.8135440349578853,0.1007524463865492,13,"['held', 'promoted', 'promoted', 'promoted', 'held', 'promoted', 'promoted', 'held', 'held', 'promoted', 'promoted', 'promoted', 'promoted', 'promoted', 'promoted', 'held', 'promoted', 'promoted']",13,5,v18,18,2,16,1,0.1111111111111111,0.6666666666666666,0.1904761904761905,-27.0,409.9580855369568
2026-03-16 09:45:52,SVR_kswin,linear_abrupt_drift_23,,0.0570593547774909,0.0184888456514052,0.135973694703811,15,0.0070562362670898,0.0004704157511393,5,"['held', 'promoted', 'promoted', 'held', 'held', 'held', 'held', 'held', 'held', 'held', 'held', 'promoted', 'promoted', 'promoted', 'held']",5,10,v0,15,2,13,1,0.1333333333333333,0.6666666666666666,0.2222222222222222,16.0,3.545149564743042
2026-03-16 09:52:46,RF_kswin,linear_abrupt_drift_24,,0.1520335456821026,0.0897357138590112,0.2995591992561925,20,2.117659330368042,0.1058829665184021,18,"['promoted', 'promoted', 'held', 'promoted', 'promoted', 'promoted', 'promoted', 'promoted', 'held', 'promoted', 'promoted', 'promoted', 'promoted', 'promoted', 'promoted', 'promoted', 'promoted', 'promoted', 'promoted', 'promoted']",18,2,v20,20,3,17,0,0.15,1.0,0.2608695652173913,51.0,413.64179730415344
2026-03-16 09:52:49,SVR_kswin,linear_abrupt_drift_24,,0.2343356508103402,0.1773460551574666,0.4211247501126793,20,0.010718822479248,0.0005359411239624,13,"['promoted', 'promoted', 'held', 'promoted', 'promoted', 'promoted', 'promoted', 'promoted', 'held', 'promoted', 'promoted', 'promoted', 'held', 'held', 'held', 'held', 'promoted', 'held', 'promoted', 'promoted']",13,7,v20,20,3,17,0,0.15,1.0,0.2608695652173913,24.0,2.897634744644165
2026-03-16 09:59:35,RF_kswin,linear_abrupt_drift_25,,0.0369269173967459,0.0038713166657947,0.06221990570384,12,1.3168578147888184,0.1097381512324015,8,"['held', 'promoted', 'promoted', 'promoted', 'promoted', 'promoted', 'held', 'promoted', 'held', 'held', 'promoted', 'promoted']",8,4,v12,12,1,11,2,0.0833333333333333,0.3333333333333333,0.1333333333333333,-181.0,405.3302390575409
2026-03-16 09:59:39,SVR_kswin,linear_abrupt_drift_25,,0.0316328141029946,0.0020291221004481,0.045045777831537,16,0.0247964859008789,0.0015497803688049,6,"['held', 'held', 'held', 'held', 'promoted', 'promoted', 'promoted', 'held', 'held', 'held', 'held', 'held', 'held', 'promoted', 'promoted', 'promoted']",6,10,v16,16,3,13,0,0.1875,1.0,0.3157894736842105,-36.333333333333336,3.425514936447144
2026-03-16 10:06:07,RF_kswin,linear_abrupt_drift_26,,0.0552345081351689,0.007774102780075,0.0881708726285222,17,1.7651305198669434,0.1038312070509966,15,"['promoted', 'promoted', 'held', 'promoted', 'promoted', 'promoted', 'promoted', 'promoted', 'promoted', 'promoted', 'promoted', 'promoted', 'held', 'promoted', 'promoted', 'promoted', 'promoted']",15,2,v16,17,3,14,0,0.1764705882352941,1.0,0.3,-8.0,387.7948386669159
2026-03-16 10:06:11,SVR_kswin,linear_abrupt_drift_26,,0.035840546676208,0.0032066054861687,0.0566268971970806,16,0.0035135746002197,0.0002195984125137,4,"['held', 'held', 'held', 'held', 'held', 'held', 'held', 'held', 'promoted', 'promoted', 'held', 'held', 'held', 'held', 'promoted', 'promoted']",4,12,v0,16,3,13,0,0.1875,1.0,0.3157894736842105,43.0,3.745151996612549
2026-03-16 10:13:06,RF_kswin,linear_abrupt_drift_27,,0.075416760951189,0.0168189839717647,0.1296880255527268,19,2.0186588764190674,0.1062452040220561,14,"['promoted', 'promoted', 'held', 'promoted', 'promoted', 'promoted', 'promoted', 'held', 'promoted', 'held', 'promoted', 'held', 'promoted', 'promoted', 'held', 'promoted', 'promoted', 'promoted', 'promoted']",14,5,v19,19,3,16,0,0.1578947368421052,1.0,0.2727272727272727,-52.66666666666666,413.7716526985169
2026-03-16 10:13:09,SVR_kswin,linear_abrupt_drift_27,,0.14282406249692,0.0490231558136212,0.2214117336855055,19,0.0067660808563232,0.0003561095187538,12,"['promoted', 'promoted', 'held', 'promoted', 'held', 'promoted', 'promoted', 'promoted', 'promoted', 'held', 'held', 'promoted', 'promoted', 'held', 'held', 'held', 'promoted', 'promoted', 'promoted']",12,7,v19,19,3,16,0,0.1578947368421052,1.0,0.2727272727272727,64.66666666666667,3.15550184249878
2026-03-16 10:20:00,RF_kswin,linear_abrupt_drift_28,,0.0683584142678347,0.0128635196937046,0.1134174576231746,18,1.826695680618286,0.1014830933676825,15,"['held', 'promoted', 'promoted', 'promoted', 'promoted', 'held', 'promoted', 'promoted', 'promoted', 'promoted', 'promoted', 'held', 'promoted', 'promoted', 'promoted', 'promoted', 'promoted', 'promoted']",15,3,v18,18,3,15,0,0.1666666666666666,1.0,0.2857142857142857,-51.0,410.32242250442505
2026-03-16 10:20:03,SVR_kswin,linear_abrupt_drift_28,,0.0818883785375389,0.0183455970695732,0.1354459193537158,19,0.0136821269989013,0.0007201119473105,9,"['held', 'held', 'held', 'held', 'promoted', 'promoted', 'held', 'held', 'held', 'promoted', 'promoted', 'held', 'promoted', 'promoted', 'held', 'promoted', 'held', 'promoted', 'promoted']",9,10,v10,19,3,16,0,0.1578947368421052,1.0,0.2727272727272727,19.33333333333333,3.393086671829224
2026-03-16 10:26:53,RF_kswin,linear_abrupt_drift_29,,0.0704899762202753,0.0180765247583604,0.1344489671152607,18,1.9560623168945312,0.1086701287163628,16,"['promoted', 'held', 'promoted', 'held', 'promoted', 'promoted', 'promoted', 'promoted', 'promoted', 'promoted', 'promoted', 'promoted', 'promoted', 'promoted', 'promoted', 'promoted', 'promoted', 'promoted']",16,2,v18,18,3,15,0,0.1666666666666666,1.0,0.2857142857142857,63.0,408.30618715286255
2026-03-16 10:26:55,SVR_kswin,linear_abrupt_drift_29,,0.1352613654457991,0.0503238910481134,0.2243298710562494,21,0.012324571609497,0.000586884362357,17,"['promoted', 'held', 'promoted', 'promoted', 'held', 'promoted', 'promoted', 'promoted', 'promoted', 'held', 'promoted', 'promoted', 'held', 'promoted', 'promoted', 'promoted', 'promoted', 'promoted', 'promoted', 'promoted', 'promoted']",17,4,v21,21,3,18,0,0.1428571428571428,1.0,0.25,-37.333333333333336,2.92171573638916
2026-03-16 10:33:47,RF_kswin,linear_abrupt_drift_30,,0.0928305506883604,0.0262009398391989,0.1618670437093326,19,2.046083450317383,0.1076886026482833,15,"['promoted', 'promoted', 'promoted', 'promoted', 'held', 'promoted', 'promoted', 'held', 'promoted', 'promoted', 'held', 'promoted', 'promoted', 'promoted', 'promoted', 'promoted', 'held', 'promoted', 'promoted']",15,4,v15,19,3,16,0,0.1578947368421052,1.0,0.2727272727272727,-46.333333333333336,411.1328630447388
2026-03-16 10:33:51,SVR_kswin,linear_abrupt_drift_30,,0.0874709569425433,0.0248169758891585,0.1575340467618303,18,0.0113317966461181,0.0006295442581176,8,"['held', 'held', 'held', 'held', 'promoted', 'promoted', 'promoted', 'promoted', 'held', 'held', 'held', 'held', 'held', 'held', 'promoted', 'promoted', 'promoted', 'promoted']",8,10,v17,18,3,15,0,0.1666666666666666,1.0,0.2857142857142857,50.66666666666666,3.283509016036988
2026-03-16 10:37:48,RF_kswin,nonlinear_gradual_drift_1,,0.0179775093867334,0.0005093952878347,0.0225697870578079,5,0.532020092010498,0.1064040184020996,5,"['promoted', 'promoted', 'promoted', 'promoted', 'promoted']",5,0,v3,5,1,4,2,0.2,0.3333333333333333,0.25,-193.0,236.29288125038147
2026-03-16 10:37:51,SVR_kswin,nonlinear_gradual_drift_1,,0.033077937379833,0.0024325766409103,0.0493211581464822,14,0.0046868324279785,0.0003347737448556,6,"['held', 'held', 'promoted', 'promoted', 'held', 'held', 'held', 'held', 'promoted', 'promoted', 'promoted', 'promoted', 'held', 'held']",6,8,v12,14,3,11,0,0.2142857142857142,1.0,0.3529411764705882,48.66666666666666,3.5938174724578857
2026-03-16 10:43:30,RF_kswin,nonlinear_gradual_drift_2,,0.0176348961201501,0.0004898212884355,0.0221319065702786,5,0.5678787231445312,0.1135757446289062,0,"['held', 'held', 'held', 'held']",0,4,v0,5,1,4,2,0.2,0.3333333333333333,0.25,122.0,338.3984477519989
2026-03-16 10:43:34,SVR_kswin,nonlinear_gradual_drift_2,,0.0328409556467538,0.0019656560257368,0.0443357195242934,18,0.0049221515655517,0.0002734528647528,9,"['held', 'held', 'held', 'held', 'held', 'held', 'held', 'promoted', 'promoted', 'promoted', 'held', 'held', 'promoted', 'promoted', 'promoted', 'promoted', 'promoted', 'promoted']",9,9,v14,18,3,15,0,0.1666666666666666,1.0,0.2857142857142857,-23.0,3.277764320373535
2026-03-16 10:49:50,RF_kswin,nonlinear_gradual_drift_3,,0.0220173254067584,0.0009203762614142,0.0303377036278995,11,1.1415605545043943,0.1037782322276722,8,"['promoted', 'held', 'promoted', 'promoted', 'promoted', 'promoted', 'promoted', 'promoted', 'promoted', 'held', 'held']",8,3,v8,11,3,8,0,0.2727272727272727,1.0,0.4285714285714285,153.33333333333334,375.0494656562805
2026-03-16 10:49:53,SVR_kswin,nonlinear_gradual_drift_3,,0.0388218356833066,0.002791042534907,0.0528303183305477,17,0.0352108478546142,0.002071226344389,8,"['held', 'held', 'held', 'held', 'held', 'held', 'promoted', 'promoted', 'promoted', 'held', 'promoted', 'promoted', 'promoted', 'promoted', 'held', 'promoted']",8,8,v16,17,2,15,1,0.1176470588235294,0.6666666666666666,0.2,111.5,3.2478044033050537
2026-03-16 10:56:35,RF_kswin,nonlinear_gradual_drift_4,,0.0177304793491864,0.0005090922399874,0.0225630724855345,7,0.8164074420928955,0.1166296345846993,3,"['held', 'promoted', 'promoted', 'promoted', 'held', 'held', 'held']",3,4,v0,7,2,5,1,0.2857142857142857,0.6666666666666666,0.4,70.0,401.31551146507263
2026-03-16 10:56:39,SVR_kswin,nonlinear_gradual_drift_4,,0.0282978091481374,0.0017524240447044,0.0418619641763789,12,0.0178403854370117,0.0014866987864176,5,"['held', 'promoted', 'promoted', 'held', 'held', 'held', 'promoted', 'promoted', 'held', 'held', 'promoted', 'held']",5,7,v8,12,3,9,0,0.25,1.0,0.4,37.66666666666666,3.789487361907959
2026-03-16 11:03:24,RF_kswin,nonlinear_gradual_drift_5,,0.0231044806007509,0.000937952754418,0.030626014341047,14,1.5146467685699463,0.1081890548978533,12,"['held', 'promoted', 'promoted', 'promoted', 'held', 'promoted', 'promoted', 'promoted', 'promoted', 'promoted', 'promoted', 'promoted', 'promoted', 'promoted']",12,2,v14,14,2,12,1,0.1428571428571428,0.6666666666666666,0.2352941176470588,-85.5,404.6432695388794
2026-03-16 11:03:27,SVR_kswin,nonlinear_gradual_drift_5,,0.036494701825654,0.0022268167163598,0.0471891588859116,18,0.0488123893737793,0.0027117994096544,9,"['held', 'held', 'held', 'promoted', 'held', 'promoted', 'promoted', 'promoted', 'held', 'promoted', 'held', 'promoted', 'held', 'promoted', 'held', 'promoted', 'held', 'promoted']",9,9,v18,18,3,15,0,0.1666666666666666,1.0,0.2857142857142857,-43.0,2.985979557037353
2026-03-16 11:10:02,RF_kswin,nonlinear_gradual_drift_6,,0.0175675982478097,0.0004903702083479,0.0221443041965182,5,0.5722782611846924,0.1144556522369384,2,"['promoted', 'promoted', 'held', 'held', 'held']",2,3,v0,5,0,5,3,0.0,0.0,0.0,,394.1001822948456
2026-03-16 11:10:06,SVR_kswin,nonlinear_gradual_drift_6,,0.0278467538036154,0.0012143961455068,0.0348481871193739,15,0.0010263919830322,6.842613220214844e-05,3,"['held', 'held', 'promoted', 'promoted', 'held', 'held', 'held', 'held', 'held', 'held', 'held', 'held', 'held', 'promoted', 'held']",3,12,v13,15,3,12,0,0.2,1.0,0.3333333333333333,-25.33333333333333,3.562553882598877
2026-03-16 11:16:37,RF_kswin,nonlinear_gradual_drift_7,,0.018591997496871,0.0006057556444555,0.024612103617033,8,0.901453971862793,0.1126817464828491,6,"['held', 'promoted', 'promoted', 'promoted', 'promoted', 'promoted', 'held', 'promoted']",6,2,v0,8,2,6,1,0.25,0.6666666666666666,0.3636363636363636,34.5,390.7459909915924
2026-03-16 11:16:40,SVR_kswin,nonlinear_gradual_drift_7,,0.0463751873387478,0.0040569074666057,0.0636938573694964,20,0.0105714797973632,0.0005285739898681,16,"['promoted', 'promoted', 'held', 'promoted', 'promoted', 'promoted', 'promoted', 'promoted', 'promoted', 'promoted', 'promoted', 'promoted', 'held', 'promoted', 'promoted', 'promoted', 'held', 'promoted', 'promoted', 'held']",16,4,v16,20,3,17,0,0.15,1.0,0.2608695652173913,-24.0,2.83530855178833
2026-03-16 11:22:54,RF_kswin,nonlinear_gradual_drift_8,,0.0174321914893617,0.0004884970086483,0.0221019684337913,6,0.6767170429229736,0.1127861738204956,3,"['held', 'held', 'promoted', 'promoted', 'promoted', 'held']",3,3,v0,6,1,5,2,0.1666666666666666,0.3333333333333333,0.2222222222222222,66.0,373.5737159252167
2026-03-16 11:22:58,SVR_kswin,nonlinear_gradual_drift_8,,0.0236126603565868,0.0010012518530164,0.031642563945048,13,0.0181522369384765,0.0013963259183443,6,"['held', 'promoted', 'promoted', 'held', 'promoted', 'promoted', 'held', 'held', 'held', 'held', 'promoted', 'promoted', 'held']",6,7,v0,13,2,11,1,0.1538461538461538,0.6666666666666666,0.25,-48.5,3.755887269973755
2026-03-16 11:27:47,RF_kswin,nonlinear_gradual_drift_9,,0.0182716307884856,0.0006119166558072,0.0247369492016954,4,0.4648056030273437,0.1162014007568359,2,"['held', 'held', 'promoted', 'promoted']",2,2,v0,4,0,4,3,0.0,0.0,0.0,,288.6854319572449
2026-03-16 11:27:50,SVR_kswin,nonlinear_gradual_drift_9,,0.0389541014346205,0.0024515984718305,0.0495136190540598,20,0.0115525722503662,0.0005776286125183,15,"['held', 'promoted', 'promoted', 'held', 'promoted', 'promoted', 'promoted', 'promoted', 'held', 'promoted', 'promoted', 'promoted', 'promoted', 'held', 'promoted', 'promoted', 'promoted', 'promoted', 'held', 'promoted']",15,5,v19,20,3,17,0,0.15,1.0,0.2608695652173913,-88.0,2.7821786403656006
2026-03-16 11:32:42,RF_kswin,nonlinear_gradual_drift_10,,0.019709857321652,0.0006980396551188,0.0264204401007798,9,0.9774963855743408,0.10861070950826,6,"['promoted', 'promoted', 'promoted', 'promoted', 'held', 'held', 'promoted', 'promoted', 'held']",6,3,v0,9,2,7,1,0.2222222222222222,0.6666666666666666,0.3333333333333333,-42.5,290.9010932445526
2026-03-16 11:32:46,SVR_kswin,nonlinear_gradual_drift_10,,0.0219695997929914,0.0008128374171393,0.0285103037012815,12,0.0020368099212646,0.0001697341601053,4,"['held', 'held', 'held', 'held', 'held', 'promoted', 'promoted', 'held', 'promoted', 'promoted', 'held', 'held']",4,8,v0,12,3,9,0,0.25,1.0,0.4,59.0,3.743093252182007
2026-03-16 11:38:58,RF_kswin,nonlinear_gradual_drift_11,,0.0176110575719649,0.0004922154678723,0.0221859295021042,6,0.6323988437652588,0.1053998072942098,4,"['promoted', 'promoted', 'held', 'promoted', 'promoted', 'held']",4,2,v0,6,3,3,0,0.5,1.0,0.6666666666666666,34.0,371.8537452220917
2026-03-16 11:39:02,SVR_kswin,nonlinear_gradual_drift_11,,0.025476985075427,0.0010860255750352,0.03295490213967,17,0.0117354393005371,0.0006903199588551,4,"['held', 'held', 'held', 'held', 'held', 'held', 'held', 'held', 'held', 'promoted', 'promoted', 'held', 'held', 'held', 'held', 'promoted', 'promoted']",4,13,v0,17,3,14,0,0.1764705882352941,1.0,0.3,-40.66666666666666,3.525167942047119
2026-03-16 11:43:49,RF_kswin,nonlinear_gradual_drift_12,,0.0177743466833541,0.0005079926008635,0.0225386911967749,5,0.504798412322998,0.1009596824645996,2,"['held', 'held', 'promoted', 'promoted', 'held']",2,3,v0,5,2,3,1,0.4,0.6666666666666666,0.5,30.0,286.0219964981079
2026-03-16 11:43:52,SVR_kswin,nonlinear_gradual_drift_12,,0.0289820020306235,0.0015412064908876,0.039258202848419,18,0.0365011692047119,0.0020278427335951,7,"['held', 'promoted', 'held', 'promoted', 'held', 'held', 'held', 'held', 'held', 'held', 'held', 'held', 'promoted', 'promoted', 'held', 'promoted', 'promoted', 'promoted']",7,11,v18,18,3,15,0,0.1666666666666666,1.0,0.2857142857142857,-129.66666666666666,3.0764479637146
2026-03-16 11:50:20,RF_kswin,nonlinear_gradual_drift_13,,0.0177344180225281,0.0005040543669086,0.022451155135285,5,0.5375862121582031,0.1075172424316406,4,"['promoted', 'promoted', 'held', 'promoted', 'promoted']",4,1,v0,5,2,3,1,0.4,0.6666666666666666,0.5,153.0,387.8804395198822
2026-03-16 11:50:23,SVR_kswin,nonlinear_gradual_drift_13,,0.0256522743510783,0.0010153574608984,0.031864674184721,16,0.0,0.0,4,"['held', 'held', 'held', 'held', 'promoted', 'promoted', 'held', 'held', 'held', 'held', 'held', 'held', 'held', 'held', 'promoted', 'promoted']",4,12,v0,16,3,13,0,0.1875,1.0,0.3157894736842105,-17.0,3.21910047531128
2026-03-16 11:54:46,RF_kswin,nonlinear_gradual_drift_14,,0.0217297046307885,0.0009912301073341,0.031483807065445,7,0.7403512001037598,0.1057644571576799,5,"['held', 'promoted', 'held', 'promoted', 'promoted', 'promoted', 'promoted']",5,2,v7,7,1,6,2,0.1428571428571428,0.3333333333333333,0.2,-87.0,261.7762701511383
2026-03-16 11:54:49,SVR_kswin,nonlinear_gradual_drift_14,,0.042572004870526,0.003206631504987,0.0566271269356577,21,0.0236279964447021,0.0011251426878429,15,"['held', 'promoted', 'held', 'held', 'held', 'promoted', 'promoted', 'held', 'promoted', 'promoted', 'promoted', 'promoted', 'promoted', 'promoted', 'promoted', 'promoted', 'promoted', 'held', 'promoted', 'promoted', 'promoted']",15,6,v21,21,3,18,0,0.1428571428571428,1.0,0.25,53.333333333333336,2.6535208225250244
2026-03-16 11:59:55,RF_kswin,nonlinear_gradual_drift_15,,0.0193361576971214,0.0006616061953692,0.0257217066962752,6,0.709965705871582,0.1183276176452636,2,"['held', 'held', 'held', 'promoted', 'promoted', 'held']",2,4,v5,6,0,6,3,0.0,0.0,0.0,,305.38465762138367
2026-03-16 11:59:58,SVR_kswin,nonlinear_gradual_drift_15,,0.0249858258846584,0.0009617215543869,0.0310116357902471,13,0.0168945789337158,0.0012995829949012,4,"['held', 'held', 'promoted', 'promoted', 'held', 'held', 'held', 'promoted', 'promoted', 'held', 'held', 'held', 'held']",4,9,v0,13,2,11,1,0.1538461538461538,0.6666666666666666,0.25,-164.0,3.6028997898101807
2026-03-16 12:06:45,RF_kswin,nonlinear_gradual_drift_16,,0.0186026583229036,0.0005792010540425,0.0240665962288511,10,1.192375659942627,0.1192375659942626,7,"['held', 'promoted', 'promoted', 'held', 'promoted', 'held', 'promoted', 'promoted', 'promoted', 'promoted']",7,3,v0,10,2,8,1,0.2,0.6666666666666666,0.3076923076923076,19.0,405.86320519447327
2026-03-16 12:06:48,SVR_kswin,nonlinear_gradual_drift_16,,0.0335480292033306,0.0022402643230764,0.0473314306045831,16,0.007420539855957,0.0004637837409973,9,"['held', 'held', 'held', 'promoted', 'held', 'promoted', 'held', 'promoted', 'promoted', 'held', 'promoted', 'promoted', 'promoted', 'promoted', 'held', 'promoted']",9,7,v15,16,3,13,0,0.1875,1.0,0.3157894736842105,-41.66666666666666,3.304821014404297
2026-03-16 12:12:50,RF_kswin,nonlinear_gradual_drift_17,,0.0176761351689612,0.000496546494468,0.0222833232366288,6,0.6984288692474365,0.1164048115412394,3,"['held', 'held', 'promoted', 'promoted', 'promoted', 'held']",3,3,v0,6,2,4,1,0.3333333333333333,0.6666666666666666,0.4444444444444444,151.0,361.1106631755829
2026-03-16 12:12:53,SVR_kswin,nonlinear_gradual_drift_17,,0.0350983769358426,0.0023492134331458,0.0484686850775413,18,0.0051460266113281,0.000285890367296,8,"['promoted', 'promoted', 'held', 'held', 'held', 'held', 'held', 'held', 'held', 'promoted', 'promoted', 'promoted', 'promoted', 'held', 'promoted', 'held', 'held', 'promoted']",8,10,v18,18,3,15,0,0.1666666666666666,1.0,0.2857142857142857,-44.333333333333336,3.096497297286988
2026-03-16 12:19:11,RF_kswin,nonlinear_gradual_drift_18,,0.0216400938673341,0.0010430394386858,0.0322961211089792,8,0.8628175258636475,0.1078521907329559,4,"['held', 'held', 'held', 'held', 'promoted', 'promoted', 'promoted', 'promoted']",4,4,v0,8,3,5,0,0.375,1.0,0.5454545454545454,99.33333333333331,376.5351309776306
2026-03-16 12:19:14,SVR_kswin,nonlinear_gradual_drift_18,,0.0346260085573888,0.0027731671793923,0.0526608695274998,14,0.0188994407653808,0.00134996005467,4,"['held', 'held', 'promoted', 'promoted', 'held', 'held', 'held', 'held', 'held', 'held', 'held', 'promoted', 'held', 'promoted']",4,10,v0,14,3,11,0,0.2142857142857142,1.0,0.3529411764705882,-64.0,3.4628822803497314
2026-03-16 12:23:30,RF_kswin,nonlinear_gradual_drift_19,,0.0171025882352941,0.0004561168582728,0.0213568925237929,4,0.4093654155731201,0.10234135389328,0,"['held', 'held', 'held', 'held']",0,4,v0,4,0,4,3,0.0,0.0,0.0,,254.94195294380188
2026-03-16 12:23:33,SVR_kswin,nonlinear_gradual_drift_19,,0.0320416522184363,0.0017999784458623,0.0424261528524842,19,0.0108222961425781,0.0005695945338199,11,"['held', 'held', 'promoted', 'promoted', 'promoted', 'held', 'promoted', 'promoted', 'held', 'promoted', 'promoted', 'held', 'promoted', 'held', 'promoted', 'held', 'held', 'promoted', 'promoted']",11,8,v19,19,3,16,0,0.1578947368421052,1.0,0.2727272727272727,100.0,3.075153350830078
2026-03-16 12:30:22,RF_kswin,nonlinear_gradual_drift_20,,0.0246625769712139,0.0012028007686232,0.0346814182037481,16,1.6877295970916748,0.1054830998182296,14,"['promoted', 'promoted', 'promoted', 'promoted', 'promoted', 'held', 'promoted', 'promoted', 'promoted', 'promoted', 'promoted', 'held', 'promoted', 'promoted', 'promoted', 'promoted']",14,2,v12,16,3,13,0,0.1875,1.0,0.3157894736842105,59.333333333333336,408.40106177330017
2026-03-16 12:30:25,SVR_kswin,nonlinear_gradual_drift_20,,0.0316726191539919,0.0018530098755728,0.0430466012081421,17,0.0215027332305908,0.0012648666606229,7,"['held', 'held', 'held', 'held', 'promoted', 'promoted', 'held', 'held', 'promoted', 'promoted', 'promoted', 'held', 'promoted', 'held', 'held', 'held', 'promoted']",7,10,v15,17,3,14,0,0.1764705882352941,1.0,0.3,-58.333333333333336,3.204874992370605
2026-03-16 12:35:26,RF_kswin,nonlinear_gradual_drift_21,,0.0170928548185231,0.0004610925009637,0.0214730645452321,3,0.330925703048706,0.110308567682902,2,"['promoted', 'promoted', 'held']",2,1,v0,3,0,3,3,0.0,0.0,0.0,,299.83137130737305
2026-03-16 12:35:29,SVR_kswin,nonlinear_gradual_drift_21,,0.0261675133525296,0.0010514030791012,0.0324253462448938,18,0.0110988616943359,0.0006166034274631,6,"['held', 'held', 'held', 'held', 'promoted', 'held', 'held', 'held', 'promoted', 'held', 'held', 'held', 'promoted', 'promoted', 'held', 'held', 'promoted', 'promoted']",6,12,v0,18,2,16,1,0.1111111111111111,0.6666666666666666,0.1904761904761905,-19.5,2.94958758354187
2026-03-16 12:40:41,RF_kswin,nonlinear_gradual_drift_22,,0.0172465231539424,0.0004706213396245,0.021693808785562,4,0.4814412593841553,0.1203603148460388,1,"['held', 'held', 'held', 'promoted']",1,3,v4,4,1,3,2,0.25,0.3333333333333333,0.2857142857142857,-81.0,311.55752539634705
2026-03-16 12:40:45,SVR_kswin,nonlinear_gradual_drift_22,,0.0279062097872018,0.0013037106365751,0.0361069333587772,14,0.0195209980010986,0.0013943570000784,5,"['held', 'held', 'held', 'held', 'held', 'held', 'held', 'held', 'promoted', 'promoted', 'promoted', 'promoted', 'promoted', 'held']",5,9,v10,14,2,12,1,0.1428571428571428,0.6666666666666666,0.2352941176470588,-139.0,3.6943490505218506
2026-03-16 12:46:37,RF_kswin,nonlinear_gradual_drift_23,,0.0203352866082603,0.0007790727978973,0.0279118755711144,10,1.04207444190979,0.104207444190979,6,"['held', 'held', 'promoted', 'promoted', 'held', 'promoted', 'promoted', 'promoted', 'promoted', 'held']",6,4,v9,10,2,8,1,0.2,0.6666666666666666,0.3076923076923076,-52.0,351.8981409072876
2026-03-16 12:46:41,SVR_kswin,nonlinear_gradual_drift_23,,0.0395130562172568,0.0031893213576316,0.0564740768639175,16,0.0256292819976806,0.001601830124855,7,"['held', 'held', 'held', 'held', 'held', 'held', 'promoted', 'promoted', 'held', 'held', 'promoted', 'promoted', 'promoted', 'held', 'promoted', 'promoted']",7,9,v12,16,3,13,0,0.1875,1.0,0.3157894736842105,-57.333333333333336,3.208434820175171
2026-03-16 12:53:05,RF_kswin,nonlinear_gradual_drift_24,,0.0257305093867334,0.0015600179219148,0.0394970621934707,10,1.096279859542847,0.1096279859542846,10,"['promoted', 'promoted', 'promoted', 'promoted', 'promoted', 'promoted', 'promoted', 'promoted', 'promoted', 'promoted']",10,0,v10,10,2,8,1,0.2,0.6666666666666666,0.3076923076923076,-17.5,383.65362668037415
2026-03-16 12:53:08,SVR_kswin,nonlinear_gradual_drift_24,,0.0429775408822685,0.0045345809719088,0.0673392973820551,17,0.0069749355316162,0.0004102903253891,10,"['promoted', 'promoted', 'held', 'held', 'held', 'held', 'held', 'promoted', 'promoted', 'promoted', 'held', 'promoted', 'promoted', 'promoted', 'held', 'promoted', 'promoted']",10,7,v17,17,2,15,1,0.1176470588235294,0.6666666666666666,0.2,-96.5,3.2218165397644043
2026-03-16 12:59:35,RF_kswin,nonlinear_gradual_drift_25,,0.0229048185231539,0.000955013038473,0.0309032852375454,13,1.484607458114624,0.1142005737011249,11,"['promoted', 'promoted', 'held', 'promoted', 'promoted', 'promoted', 'promoted', 'promoted', 'promoted', 'promoted', 'promoted', 'promoted', 'held']",11,2,v12,13,2,11,1,0.1538461538461538,0.6666666666666666,0.25,50.0,386.3933460712433
2026-03-16 12:59:39,SVR_kswin,nonlinear_gradual_drift_25,,0.0220821683348123,0.0007673045576933,0.027700262773002,13,0.033071756362915,0.0025439812586857,2,"['held', 'held', 'held', 'held', 'held', 'held', 'held', 'promoted', 'promoted', 'held', 'held', 'held', 'held']",2,11,v0,13,2,11,1,0.1538461538461538,0.6666666666666666,0.25,110.0,3.725701570510864
2026-03-16 13:05:48,RF_kswin,nonlinear_gradual_drift_26,,0.0169954868585732,0.0004608870340926,0.0214682797189857,6,0.6348514556884766,0.1058085759480794,0,"['held', 'held', 'held', 'held', 'held', 'held']",0,6,v0,6,0,6,3,0.0,0.0,0.0,,367.6222596168518
2026-03-16 13:05:51,SVR_kswin,nonlinear_gradual_drift_26,,0.0265398268095473,0.0012176242799345,0.0348944734869946,15,0.0162718296051025,0.0010847886403401,6,"['held', 'held', 'held', 'held', 'held', 'promoted', 'held', 'promoted', 'promoted', 'promoted', 'held', 'held', 'held', 'promoted', 'promoted']",6,9,v0,15,2,13,1,0.1333333333333333,0.6666666666666666,0.2222222222222222,-8.0,3.4001665115356445
2026-03-16 13:10:26,RF_kswin,nonlinear_gradual_drift_27,,0.0174844993742177,0.000478875633229,0.0218832272123888,2,0.2266206741333007,0.1133103370666503,0,"['held', 'held']",0,2,v0,2,1,1,2,0.5,0.3333333333333333,0.4,-194.0,274.2111644744873
2026-03-16 13:10:29,SVR_kswin,nonlinear_gradual_drift_27,,0.0428116328356503,0.003362333073914,0.0579856281669346,20,0.0121304988861083,0.0006065249443054,15,"['held', 'promoted', 'held', 'promoted', 'held', 'promoted', 'promoted', 'promoted', 'promoted', 'promoted', 'promoted', 'promoted', 'held', 'promoted', 'promoted', 'held', 'promoted', 'promoted', 'promoted', 'promoted']",15,5,v18,20,3,17,0,0.15,1.0,0.2608695652173913,-97.33333333333331,2.893084764480591
2026-03-16 13:16:35,RF_kswin,nonlinear_gradual_drift_28,,0.0228149224030037,0.0009346643972841,0.0305722815191163,12,1.2959918975830078,0.1079993247985839,10,"['held', 'promoted', 'held', 'promoted', 'promoted', 'promoted', 'promoted', 'promoted', 'promoted', 'promoted', 'promoted', 'promoted']",10,2,v11,12,2,10,1,0.1666666666666666,0.6666666666666666,0.2666666666666666,13.0,365.23375487327576
2026-03-16 13:16:38,SVR_kswin,nonlinear_gradual_drift_28,,0.0370729568497543,0.002368805055177,0.0486703714304404,19,0.0076572895050048,0.0004030152371055,11,"['held', 'promoted', 'held', 'held', 'promoted', 'held', 'promoted', 'promoted', 'promoted', 'held', 'promoted', 'held', 'promoted', 'promoted', 'promoted', 'promoted', 'promoted', 'held', 'held']",11,8,v17,19,3,16,0,0.1578947368421052,1.0,0.2727272727272727,-36.0,2.8514349460601807
2026-03-16 13:21:50,RF_kswin,nonlinear_gradual_drift_29,,0.0206145456821026,0.0008293210845807,0.0287979354221917,8,0.8726935386657715,0.1090866923332214,5,"['held', 'held', 'promoted', 'promoted', 'promoted', 'promoted', 'promoted', 'held']",5,3,v7,8,2,6,1,0.25,0.6666666666666666,0.3636363636363636,67.5,311.1446199417114
2026-03-16 13:21:53,SVR_kswin,nonlinear_gradual_drift_29,,0.021784322571508,0.000756548377425,0.0275054245090867,13,0.0183441638946533,0.0014110895303579,2,"['held', 'held', 'held', 'held', 'held', 'held', 'held', 'promoted', 'promoted', 'held', 'held', 'held', 'held']",2,11,v0,13,1,12,2,0.0769230769230769,0.3333333333333333,0.125,-25.0,3.387006998062134
2026-03-16 13:26:43,RF_kswin,nonlinear_gradual_drift_30,,0.0192961426783479,0.0006585311876846,0.0256618625139448,7,0.7657170295715332,0.1093881470816476,5,"['promoted', 'promoted', 'held', 'promoted', 'promoted', 'promoted', 'held']",5,2,v6,7,1,6,2,0.1428571428571428,0.3333333333333333,0.2,-185.0,289.29282307624817
2026-03-16 13:26:46,SVR_kswin,nonlinear_gradual_drift_30,,0.0269048987961245,0.0012409453329054,0.035227053991293,18,0.0271699428558349,0.0015094412697686,8,"['held', 'held', 'held', 'promoted', 'promoted', 'held', 'held', 'held', 'held', 'promoted', 'promoted', 'promoted', 'promoted', 'held', 'held', 'held', 'promoted', 'promoted']",8,10,v0,18,3,15,0,0.1666666666666666,1.0,0.2857142857142857,-9.0,3.08482313156128
2026-03-16 13:33:24,RF_kswin,nonlinear_abrupt_drift_1,,0.0471708961201502,0.0088661441081101,0.0941602044820962,11,1.2571640014648438,0.1142876364968039,4,"['held', 'held', 'held', 'held', 'held', 'promoted', 'held', 'promoted', 'held', 'promoted', 'promoted']",4,7,v11,11,2,9,1,0.1818181818181818,0.6666666666666666,0.2857142857142857,10.5,396.5130145549774
2026-03-16 13:33:27,SVR_kswin,nonlinear_abrupt_drift_1,,0.0763587822384703,0.0240392251973045,0.1550458809427214,13,0.0056064128875732,0.0004312625298133,4,"['held', 'held', 'held', 'held', 'held', 'held', 'promoted', 'held', 'promoted', 'held', 'promoted', 'held', 'promoted']",4,9,v13,13,3,10,0,0.2307692307692307,1.0,0.375,-8.666666666666666,3.457178831100464
2026-03-16 13:40:41,RF_kswin,nonlinear_abrupt_drift_2,,0.0273653742177722,0.0023034193516896,0.0479939511989752,7,0.7470426559448242,0.1067203794206891,3,"['promoted', 'promoted', 'held', 'held', 'held', 'promoted', 'held']",3,4,v6,7,2,5,1,0.2857142857142857,0.6666666666666666,0.4,58.5,433.41137742996216
2026-03-16 13:40:45,SVR_kswin,nonlinear_abrupt_drift_2,,0.0365239085448754,0.0030626552070298,0.0553412613429603,14,0.035513162612915,0.002536654472351,3,"['held', 'held', 'held', 'held', 'held', 'held', 'promoted', 'promoted', 'held', 'held', 'held', 'held', 'promoted', 'held']",3,11,v13,14,3,11,0,0.2142857142857142,1.0,0.3529411764705882,-71.33333333333333,3.9339778423309326
2026-03-16 13:46:48,RF_kswin,nonlinear_abrupt_drift_3,,0.0192789249061326,0.0005940731525782,0.024373615911026,4,0.5315909385681152,0.1328977346420288,1,"['held', 'held', 'held', 'promoted']",1,3,v4,4,1,3,2,0.25,0.3333333333333333,0.2857142857142857,122.0,362.1169095039368
2026-03-16 13:46:52,SVR_kswin,nonlinear_abrupt_drift_3,,0.0435253322023659,0.0068894695003818,0.0830028282673658,12,0.0157737731933593,0.0013144810994466,4,"['held', 'promoted', 'promoted', 'held', 'held', 'held', 'held', 'held', 'held', 'promoted', 'promoted', 'held']",4,8,v0,12,2,10,1,0.1666666666666666,0.6666666666666666,0.2666666666666666,-53.5,3.986616849899292
2026-03-16 13:54:00,RF_kswin,nonlinear_abrupt_drift_4,,0.0200110575719649,0.0006801607120275,0.0260798909512201,5,0.5605700016021729,0.1121140003204345,2,"['promoted', 'promoted', 'held', 'held', 'held']",2,3,v0,5,2,3,1,0.4,0.6666666666666666,0.5,59.5,427.22371077537537
2026-03-16 13:54:05,SVR_kswin,nonlinear_abrupt_drift_4,,0.0246314330075607,0.0009805556882824,0.0313138258327278,10,0.0087523460388183,0.0008752346038818,2,"['held', 'held', 'held', 'held', 'promoted', 'promoted', 'held', 'held', 'held', 'held']",2,8,v0,10,2,8,1,0.2,0.6666666666666666,0.3076923076923076,-126.0,4.480279445648193
2026-03-16 14:01:23,RF_kswin,nonlinear_abrupt_drift_5,,0.1244416420525656,0.062175678356821,0.2493505130470379,21,2.2564074993133545,0.1074479761577787,18,"['held', 'held', 'promoted', 'promoted', 'promoted', 'promoted', 'promoted', 'promoted', 'promoted', 'promoted', 'promoted', 'promoted', 'promoted', 'promoted', 'promoted', 'promoted', 'promoted', 'promoted', 'promoted', 'held', 'promoted']",18,3,v21,21,3,18,0,0.1428571428571428,1.0,0.25,42.333333333333336,437.39314317703247
2026-03-16 14:01:26,SVR_kswin,nonlinear_abrupt_drift_5,,0.2405137011934644,0.1628547542075148,0.4035526659650694,21,0.0080506801605224,0.0003833657219296,16,"['held', 'held', 'promoted', 'promoted', 'promoted', 'promoted', 'promoted', 'promoted', 'promoted', 'promoted', 'held', 'promoted', 'promoted', 'promoted', 'promoted', 'promoted', 'promoted', 'held', 'promoted', 'promoted', 'held']",16,5,v20,21,3,18,0,0.1428571428571428,1.0,0.25,60.333333333333336,2.948533058166504
2026-03-16 14:08:23,RF_kswin,nonlinear_abrupt_drift_6,,0.0438911852315393,0.0069144999105006,0.0831534720291379,13,1.34671950340271,0.1035938079540546,12,"['promoted', 'promoted', 'held', 'promoted', 'promoted', 'promoted', 'promoted', 'promoted', 'promoted', 'promoted', 'promoted', 'promoted', 'promoted']",12,1,v13,13,0,13,3,0.0,0.0,0.0,,416.2176611423493
2026-03-16 14:08:26,SVR_kswin,nonlinear_abrupt_drift_6,,0.0776992335102374,0.0250970228327182,0.1584203990422897,17,0.0054779052734375,0.0003222297219669,6,"['promoted', 'promoted', 'held', 'held', 'held', 'held', 'held', 'promoted', 'promoted', 'held', 'held', 'held', 'promoted', 'promoted', 'held', 'held', 'held']",6,11,v0,17,3,14,0,0.1764705882352941,1.0,0.3,61.333333333333336,3.389791250228882
2026-03-16 14:14:30,RF_kswin,nonlinear_abrupt_drift_7,,0.0241275356695869,0.0013173655258698,0.0362955303841925,10,1.0991003513336182,0.1099100351333618,6,"['held', 'promoted', 'promoted', 'held', 'held', 'held', 'promoted', 'promoted', 'promoted', 'promoted']",6,4,v9,10,3,7,0,0.3,1.0,0.4615384615384615,107.0,362.9174511432648
2026-03-16 14:14:34,SVR_kswin,nonlinear_abrupt_drift_7,,0.0303249463608662,0.00178705763814,0.0422736045084875,15,0.0129404067993164,0.000862693786621,2,"['held', 'held', 'held', 'held', 'held', 'held', 'held', 'held', 'held', 'held', 'held', 'held', 'promoted', 'promoted', 'held']",2,13,v0,15,2,13,1,0.1333333333333333,0.6666666666666666,0.2222222222222222,48.0,4.220245838165283
2026-03-16 14:23:57,RF_kswin,nonlinear_abrupt_drift_8,,0.0262184831038798,0.0024273067114392,0.0492677045481042,5,0.5845761299133301,0.116915225982666,2,"['held', 'promoted', 'promoted', 'held', 'held']",2,3,v0,5,1,4,2,0.2,0.3333333333333333,0.25,-117.0,561.6332643032074
2026-03-16 14:24:00,SVR_kswin,nonlinear_abrupt_drift_8,,0.0269824994412959,0.0011568322806545,0.0340122372191906,15,0.0190076828002929,0.0012671788533528,0,"['held', 'held', 'held', 'held', 'held', 'held', 'held', 'held', 'held', 'held', 'held', 'held', 'held', 'held', 'held']",0,15,v0,15,3,12,0,0.2,1.0,0.3333333333333333,5.666666666666667,3.680166006088257
2026-03-16 14:29:56,RF_kswin,nonlinear_abrupt_drift_9,,0.0186880362953692,0.000558845508473,0.0236399134616244,3,0.3197617530822754,0.1065872510274251,0,"['held', 'held', 'held']",0,3,v0,3,0,3,3,0.0,0.0,0.0,,354.6626460552216
2026-03-16 14:30:00,SVR_kswin,nonlinear_abrupt_drift_9,,0.0231770582555015,0.0008540996746047,0.0292249837400257,11,0.0158431529998779,0.0014402866363525,0,"['held', 'held', 'held', 'held', 'held', 'held', 'held', 'held', 'held', 'held', 'held']",0,11,v0,11,2,9,1,0.1818181818181818,0.6666666666666666,0.2857142857142857,-81.5,4.186013221740723
2026-03-16 14:36:42,RF_kswin,nonlinear_abrupt_drift_10,,0.0225935782227785,0.0012589317353066,0.0354814280336437,8,0.899240255355835,0.1124050319194793,2,"['held', 'held', 'held', 'held', 'held', 'held', 'promoted', 'promoted']",2,6,v8,8,1,7,2,0.125,0.3333333333333333,0.1818181818181818,147.0,400.8299264907837
2026-03-16 14:36:45,SVR_kswin,nonlinear_abrupt_drift_10,,0.0260701544776233,0.0011723691904987,0.0342398771974829,14,0.0060663223266601,0.0004333087376185,2,"['held', 'held', 'held', 'held', 'held', 'held', 'promoted', 'promoted', 'held', 'held', 'held', 'held', 'held', 'held']",2,12,v0,14,2,12,1,0.1428571428571428,0.6666666666666666,0.2352941176470588,-25.5,3.6121647357940674
2026-03-16 14:43:16,RF_kswin,nonlinear_abrupt_drift_11,,0.0390242015018772,0.0071741529800375,0.0847003717821682,14,1.545417308807373,0.110386950629098,7,"['held', 'held', 'promoted', 'promoted', 'held', 'held', 'held', 'held', 'promoted', 'held', 'promoted', 'promoted', 'promoted', 'promoted']",7,7,v0,14,2,12,1,0.1428571428571428,0.6666666666666666,0.2352941176470588,68.5,389.8300995826721
2026-03-16 14:43:19,SVR_kswin,nonlinear_abrupt_drift_11,,0.1157106775818697,0.037681501716272,0.1941172370405885,20,0.0089080333709716,0.0004454016685485,15,"['held', 'promoted', 'held', 'promoted', 'promoted', 'held', 'promoted', 'held', 'promoted', 'promoted', 'promoted', 'promoted', 'promoted', 'promoted', 'promoted', 'promoted', 'promoted', 'promoted', 'promoted', 'held']",15,5,v17,20,3,17,0,0.15,1.0,0.2608695652173913,-3.6666666666666665,2.901139259338379
2026-03-16 14:50:12,RF_kswin,nonlinear_abrupt_drift_12,,0.0616340250312891,0.028782970499199,0.1696554464177293,9,0.9800190925598145,0.1088910102844238,5,"['held', 'held', 'held', 'promoted', 'promoted', 'held', 'promoted', 'promoted', 'promoted']",5,4,v0,9,3,6,0,0.3333333333333333,1.0,0.5,-58.333333333333336,412.1818935871124
2026-03-16 14:50:16,SVR_kswin,nonlinear_abrupt_drift_12,,0.083297960327576,0.0317202198187836,0.1781017120040784,15,0.006014347076416,0.000400956471761,7,"['held', 'held', 'held', 'held', 'promoted', 'promoted', 'held', 'promoted', 'held', 'promoted', 'held', 'promoted', 'held', 'promoted', 'promoted']",7,8,v15,15,2,13,1,0.1333333333333333,0.6666666666666666,0.2222222222222222,-14.5,3.699749231338501
2026-03-16 14:56:31,RF_kswin,nonlinear_abrupt_drift_13,,0.0194510713391739,0.0006159384956445,0.0248181082205021,8,0.841341495513916,0.1051676869392395,3,"['held', 'held', 'held', 'held', 'promoted', 'promoted', 'promoted', 'held']",3,5,v6,8,0,8,3,0.0,0.0,0.0,,374.7553033828736
2026-03-16 14:56:35,SVR_kswin,nonlinear_abrupt_drift_13,,0.0329256958666278,0.0026930815856687,0.0518949090534776,13,0.0234143733978271,0.0018011056459867,6,"['promoted', 'promoted', 'held', 'held', 'promoted', 'promoted', 'held', 'held', 'held', 'held', 'promoted', 'promoted', 'held']",6,7,v0,13,2,11,1,0.1538461538461538,0.6666666666666666,0.25,-39.0,4.20028567314148
2026-03-16 15:02:54,RF_kswin,nonlinear_abrupt_drift_14,,0.046888744680851,0.0065223969621902,0.0807613581002093,13,1.4007737636566162,0.1077518279735858,11,"['held', 'held', 'promoted', 'promoted', 'promoted', 'promoted', 'promoted', 'promoted', 'promoted', 'promoted', 'promoted', 'promoted', 'promoted']",11,2,v11,13,3,10,0,0.2307692307692307,1.0,0.375,-2.6666666666666665,377.707701921463
2026-03-16 15:02:58,SVR_kswin,nonlinear_abrupt_drift_14,,0.0277677794100861,0.0012524698207254,0.0353902503625708,13,0.0137624740600585,0.0010586518507737,2,"['held', 'held', 'held', 'held', 'held', 'promoted', 'promoted', 'held', 'held', 'held', 'held', 'held', 'held']",2,11,v0,13,3,10,0,0.2307692307692307,1.0,0.375,28.33333333333333,3.763718843460083
2026-03-16 15:09:49,RF_kswin,nonlinear_abrupt_drift_15,,0.0205136207759699,0.0007933917866708,0.0281672111979663,8,0.927675724029541,0.1159594655036926,2,"['held', 'held', 'held', 'held', 'held', 'held', 'promoted', 'promoted']",2,6,v0,8,1,7,2,0.125,0.3333333333333333,0.1818181818181818,108.0,410.7488558292389
2026-03-16 15:09:53,SVR_kswin,nonlinear_abrupt_drift_15,,0.0256153944235899,0.0010430737101276,0.0322966516860122,11,0.0032637119293212,0.0002967010844837,0,"['held', 'held', 'held', 'held', 'held', 'held', 'held', 'held', 'held', 'held', 'held']",0,11,v0,11,1,10,2,0.0909090909090909,0.3333333333333333,0.1428571428571428,-122.0,4.099207639694214
2026-03-16 15:16:40,RF_kswin,nonlinear_abrupt_drift_16,,0.0293832152690863,0.0024393850433917,0.0493901310323403,9,0.9948832988739014,0.1105425887637668,5,"['held', 'held', 'held', 'held', 'promoted', 'promoted', 'promoted', 'promoted', 'promoted']",5,4,v9,9,2,7,1,0.2222222222222222,0.6666666666666666,0.3333333333333333,76.0,406.2667438983917
2026-03-16 15:16:44,SVR_kswin,nonlinear_abrupt_drift_16,,0.0361852745612147,0.0031760289475439,0.0563562680413099,16,0.0050845146179199,0.0003177821636199,6,"['held', 'held', 'held', 'held', 'promoted', 'held', 'promoted', 'promoted', 'held', 'held', 'held', 'held', 'promoted', 'promoted', 'promoted', 'held']",6,10,v0,16,3,13,0,0.1875,1.0,0.3157894736842105,79.0,3.3970656394958496
2026-03-16 15:22:50,RF_kswin,nonlinear_abrupt_drift_17,,0.041509239048811,0.0057404292313391,0.0757656203785013,12,1.36733078956604,0.1139442324638366,9,"['held', 'promoted', 'promoted', 'held', 'held', 'promoted', 'promoted', 'promoted', 'promoted', 'promoted', 'promoted', 'promoted']",9,3,v12,12,1,11,2,0.0833333333333333,0.3333333333333333,0.1333333333333333,-182.0,365.4325425624848
2026-03-16 15:22:54,SVR_kswin,nonlinear_abrupt_drift_17,,0.0580129384993224,0.0088736464363727,0.0942000341633311,16,0.0053744316101074,0.0003359019756317,9,"['held', 'held', 'held', 'held', 'promoted', 'promoted', 'held', 'held', 'promoted', 'promoted', 'promoted', 'promoted', 'promoted', 'held', 'promoted', 'promoted']",9,7,v16,16,2,14,1,0.125,0.6666666666666666,0.2105263157894736,-52.5,3.510759115219116
2026-03-16 15:29:29,RF_kswin,nonlinear_abrupt_drift_18,,0.0722280913642052,0.0226606086316771,0.1505344101249847,13,1.4685461521148682,0.1129650886242206,9,"['held', 'held', 'promoted', 'promoted', 'held', 'promoted', 'promoted', 'promoted', 'held', 'promoted', 'promoted', 'promoted', 'promoted']",9,4,v8,13,1,12,2,0.0769230769230769,0.3333333333333333,0.125,86.0,394.1317617893219
2026-03-16 15:29:32,SVR_kswin,nonlinear_abrupt_drift_18,,0.1164097374032573,0.0482727307761889,0.2197105613669695,18,0.0367493629455566,0.0020416312747531,4,"['held', 'held', 'held', 'held', 'held', 'held', 'held', 'held', 'held', 'held', 'held', 'held', 'held', 'promoted', 'held', 'promoted', 'promoted', 'promoted']",4,14,v18,18,3,15,0,0.1666666666666666,1.0,0.2857142857142857,108.0,3.137812614440918
2026-03-16 15:36:17,RF_kswin,nonlinear_abrupt_drift_19,,0.1976630788485607,0.1486310792469087,0.3855270149378753,20,2.152096748352051,0.1076048374176025,14,"['held', 'held', 'promoted', 'promoted', 'held', 'promoted', 'promoted', 'promoted', 'promoted', 'promoted', 'held', 'promoted', 'promoted', 'promoted', 'held', 'promoted', 'promoted', 'held', 'promoted', 'promoted']",14,6,v20,20,3,17,0,0.15,1.0,0.2608695652173913,49.0,404.26798248291016
2026-03-16 15:36:20,SVR_kswin,nonlinear_abrupt_drift_19,,0.2078483810521969,0.1134242845931116,0.3367852202711865,21,0.0113773345947265,0.0005417778378441,15,"['held', 'held', 'promoted', 'promoted', 'promoted', 'promoted', 'promoted', 'promoted', 'promoted', 'held', 'promoted', 'promoted', 'held', 'promoted', 'held', 'promoted', 'promoted', 'promoted', 'held', 'promoted', 'promoted']",15,6,v21,21,3,18,0,0.1428571428571428,1.0,0.25,29.0,2.941249370574951
2026-03-16 15:43:12,RF_kswin,nonlinear_abrupt_drift_20,,0.0278672065081351,0.0019012000483604,0.04360275276127,13,1.458634376525879,0.1122026443481445,7,"['held', 'held', 'held', 'held', 'promoted', 'promoted', 'held', 'promoted', 'promoted', 'promoted', 'promoted', 'promoted', 'held']",7,6,v12,13,2,11,1,0.1538461538461538,0.6666666666666666,0.25,157.0,411.157285451889
2026-03-16 15:43:15,SVR_kswin,nonlinear_abrupt_drift_20,,0.0391734952640098,0.0044945499238686,0.0670414045487462,12,0.0072119235992431,0.0006009936332702,4,"['held', 'held', 'held', 'held', 'held', 'held', 'held', 'held', 'promoted', 'promoted', 'promoted', 'promoted']",4,8,v12,12,3,9,0,0.25,1.0,0.4,113.33333333333331,3.746631145477295
2026-03-16 15:49:16,RF_kswin,nonlinear_abrupt_drift_21,,0.0232428347934918,0.0013121541507759,0.0362236683782299,7,0.7514708042144775,0.1073529720306396,2,"['held', 'held', 'held', 'held', 'held', 'promoted', 'promoted']",2,5,v0,7,2,5,1,0.2857142857142857,0.6666666666666666,0.4,45.5,359.96905541419983
2026-03-16 15:49:20,SVR_kswin,nonlinear_abrupt_drift_21,,0.0404263802680347,0.0047159130717357,0.0686725059374984,14,0.0031642913818359,0.0002260208129882,5,"['promoted', 'promoted', 'held', 'held', 'held', 'held', 'held', 'held', 'held', 'held', 'held', 'promoted', 'promoted', 'promoted']",5,9,v10,14,3,11,0,0.2142857142857142,1.0,0.3529411764705882,56.66666666666666,3.628605842590332
2026-03-16 15:56:18,RF_kswin,nonlinear_abrupt_drift_22,,0.030161057571965,0.003088179791627,0.0555713936448157,8,0.9177484512329102,0.1147185564041137,3,"['promoted', 'promoted', 'held', 'held', 'held', 'held', 'held', 'promoted']",3,5,v8,8,1,7,2,0.125,0.3333333333333333,0.1818181818181818,52.0,416.8189022541046
2026-03-16 15:56:21,SVR_kswin,nonlinear_abrupt_drift_22,,0.0708643297039448,0.0241403660217307,0.1553717027702624,14,0.0141797065734863,0.0010128361838204,5,"['promoted', 'held', 'promoted', 'held', 'held', 'held', 'promoted', 'promoted', 'held', 'held', 'held', 'held', 'held', 'promoted']",5,9,v13,14,2,12,1,0.1428571428571428,0.6666666666666666,0.2352941176470588,-73.0,3.598340034484864
2026-03-16 16:03:15,RF_kswin,nonlinear_abrupt_drift_23,,0.0353469274092615,0.0057683487488735,0.0759496461405422,8,0.9195504188537598,0.1149438023567199,2,"['promoted', 'held', 'promoted', 'held', 'held', 'held', 'held', 'held']",2,6,v0,8,2,6,1,0.25,0.6666666666666666,0.3636363636363636,-18.5,412.8807134628296
2026-03-16 16:03:18,SVR_kswin,nonlinear_abrupt_drift_23,,0.0627224617268076,0.0203775518942519,0.1427499628520158,16,0.0063652992248535,0.0003978312015533,7,"['promoted', 'promoted', 'promoted', 'held', 'held', 'held', 'held', 'promoted', 'promoted', 'held', 'held', 'held', 'held', 'held', 'promoted', 'promoted']",7,9,v0,16,3,13,0,0.1875,1.0,0.3157894736842105,21.666666666666668,3.541303873062134
2026-03-16 16:13:02,RF_kswin,nonlinear_abrupt_drift_24,,0.149322843554443,0.090644699619224,0.3010725819785388,20,2.194700241088867,0.1097350120544433,16,"['held', 'promoted', 'promoted', 'held', 'promoted', 'promoted', 'promoted', 'promoted', 'promoted', 'promoted', 'promoted', 'promoted', 'promoted', 'promoted', 'held', 'promoted', 'promoted', 'promoted', 'promoted', 'held']",16,4,v19,20,3,17,0,0.15,1.0,0.2608695652173913,-74.66666666666667,582.7510731220245
2026-03-16 16:13:06,SVR_kswin,nonlinear_abrupt_drift_24,,0.2256055944597695,0.182321236235802,0.4269909088444414,21,0.0320949554443359,0.001528331211635,15,"['promoted', 'promoted', 'held', 'promoted', 'promoted', 'held', 'promoted', 'promoted', 'held', 'held', 'promoted', 'promoted', 'promoted', 'promoted', 'promoted', 'held', 'promoted', 'promoted', 'promoted', 'promoted', 'held']",15,6,v20,21,3,18,0,0.1428571428571428,1.0,0.25,33.666666666666664,4.053621053695679
2026-03-16 16:23:28,RF_kswin,nonlinear_abrupt_drift_25,,0.0190169224030037,0.0005785522408385,0.0240531129136864,7,0.818730354309082,0.1169614791870117,0,"['held', 'held', 'held', 'held', 'held', 'held', 'held']",0,7,v0,7,3,4,0,0.4285714285714285,1.0,0.6,-3.333333333333333,621.3463110923767
2026-03-16 16:23:31,SVR_kswin,nonlinear_abrupt_drift_25,,0.0903764378403012,0.0211456099139226,0.1454153015123327,20,0.0189540386199951,0.0009477019309997,14,"['held', 'held', 'held', 'held', 'promoted', 'promoted', 'promoted', 'promoted', 'promoted', 'promoted', 'promoted', 'promoted', 'promoted', 'promoted', 'promoted', 'held', 'promoted', 'held', 'promoted', 'promoted']",14,6,v20,20,3,17,0,0.15,1.0,0.2608695652173913,-74.66666666666667,3.076803684234619
2026-03-16 16:31:32,RF_kswin,nonlinear_abrupt_drift_26,,0.0293916971214017,0.0032549590947684,0.0570522488142969,9,0.97613263130188,0.1084591812557644,5,"['promoted', 'promoted', 'held', 'held', 'held', 'promoted', 'promoted', 'promoted', 'held']",5,4,v0,9,0,9,3,0.0,0.0,0.0,,480.2270333766937
2026-03-16 16:31:36,SVR_kswin,nonlinear_abrupt_drift_26,,0.0921314097506498,0.0183666882404592,0.1355237552625342,19,0.0307059288024902,0.0016161015159205,12,"['held', 'held', 'held', 'held', 'held', 'promoted', 'promoted', 'promoted', 'promoted', 'promoted', 'promoted', 'promoted', 'promoted', 'held', 'held', 'promoted', 'promoted', 'promoted', 'promoted']",12,7,v17,19,2,17,1,0.1052631578947368,0.6666666666666666,0.1818181818181818,-106.0,3.332248449325561
2026-03-16 16:39:08,RF_kswin,nonlinear_abrupt_drift_27,,0.0323538085106384,0.0030274264592616,0.0550220542988137,12,1.4160425662994385,0.1180035471916198,7,"['held', 'promoted', 'promoted', 'promoted', 'held', 'held', 'held', 'held', 'promoted', 'promoted', 'promoted', 'promoted']",7,5,v0,12,1,11,2,0.0833333333333333,0.3333333333333333,0.1333333333333333,34.0,451.8634181022644
2026-03-16 16:39:12,SVR_kswin,nonlinear_abrupt_drift_27,,0.0671913552101255,0.016966127541108,0.1302540883853862,17,0.0133485794067382,0.0007852105533375,10,"['promoted', 'held', 'promoted', 'held', 'held', 'held', 'held', 'promoted', 'promoted', 'held', 'promoted', 'promoted', 'held', 'promoted', 'promoted', 'promoted', 'promoted']",10,7,v0,17,3,14,0,0.1764705882352941,1.0,0.3,-29.666666666666668,3.878597259521485
2026-03-16 16:47:33,RF_kswin,nonlinear_abrupt_drift_28,,0.0198732403003754,0.0007187695991864,0.0268098787611298,7,0.8442268371582031,0.1206038338797433,2,"['held', 'held', 'held', 'promoted', 'promoted', 'held', 'held']",2,5,v0,7,3,4,0,0.4285714285714285,1.0,0.6,-4.666666666666667,500.2637679576874
2026-03-16 16:47:38,SVR_kswin,nonlinear_abrupt_drift_28,,0.0306128293567726,0.0021262898430374,0.0461117104761623,12,0.0324597358703613,0.0027049779891967,4,"['held', 'held', 'held', 'held', 'promoted', 'promoted', 'held', 'held', 'held', 'promoted', 'promoted', 'held']",4,8,v0,12,2,10,1,0.1666666666666666,0.6666666666666666,0.2666666666666666,-6.0,5.1260974407196045
2026-03-16 16:54:49,RF_kswin,nonlinear_abrupt_drift_29,,0.0224380763454317,0.001017318452428,0.0318954299614856,11,1.2588839530944824,0.114443995735862,6,"['held', 'held', 'held', 'held', 'promoted', 'promoted', 'promoted', 'promoted', 'promoted', 'promoted']",6,4,v10,11,2,9,1,0.1818181818181818,0.6666666666666666,0.2857142857142857,111.5,429.42850828170776
2026-03-16 16:54:52,SVR_kswin,nonlinear_abrupt_drift_29,,0.0245988066167364,0.0009596479308912,0.0309781847578458,13,0.0088679790496826,0.0006821522345909,0,"['held', 'held', 'held', 'held', 'held', 'held', 'held', 'held', 'held', 'held', 'held', 'held', 'held']",0,13,v0,13,2,11,1,0.1538461538461538,0.6666666666666666,0.25,-5.5,3.6880524158477774
2026-03-16 17:01:24,RF_kswin,nonlinear_abrupt_drift_30,,0.0200735882352941,0.0007026682425907,0.0265078901950105,4,0.4288418292999267,0.1072104573249816,0,"['held', 'held', 'held', 'held']",0,4,v0,4,1,3,2,0.25,0.3333333333333333,0.2857142857142857,-176.0,390.48833417892456
2026-03-16 17:01:27,SVR_kswin,nonlinear_abrupt_drift_30,,0.05178090154561014,0.012260187327234943,0.11072573019508583,16,0.0017781257629394531,0.00011113286018371582,8,"['held', 'held', 'held', 'held', 'promoted', 'promoted', 'held', 'held', 'held', 'promoted', 'promoted', 'promoted', 'promoted', 'promoted', 'promoted', 'held']",8,8,v0,16,2,14,1,0.125,0.6666666666666666,0.21052631578947367,-58.0,3.451275110244751
