timestamp,model,dataset,notes,Return_MAE,Return_MSE,Return_RMSE
2026-03-16 19:43:05,ELM_Baseline,linear_gradual_drift_1,,0.0326747559518635,0.0019431635777749,0.0440813291289515
2026-03-16 19:43:05,ELM_Baseline,linear_gradual_drift_2,,0.0378676065074319,0.0025795987283171,0.0507897502289304
2026-03-16 19:43:05,ELM_Baseline,linear_gradual_drift_3,,0.2109849439436227,0.1152562438814359,0.3394940999213918
2026-03-16 19:43:05,ELM_Baseline,linear_gradual_drift_4,,0.0385853586613902,0.0030088832010597,0.0548532879694534
2026-03-16 19:43:05,ELM_Baseline,linear_gradual_drift_5,,0.1386617064143588,0.0562741711189883,0.2372217762326814
2026-03-16 19:43:05,ELM_Baseline,linear_gradual_drift_6,,0.0371028899223838,0.0024932434346251,0.0499323886332826
2026-03-16 19:43:05,ELM_Baseline,linear_gradual_drift_7,,0.0693694157316561,0.0138160635066469,0.1175417521846895
2026-03-16 19:43:05,ELM_Baseline,linear_gradual_drift_8,,2.5500787354179715,18.67787541179508,4.321790764462699
2026-03-16 19:43:05,ELM_Baseline,linear_gradual_drift_9,,0.3882839716594394,0.4393675568126883,0.6628480646518389
2026-03-16 19:43:05,ELM_Baseline,linear_gradual_drift_10,,0.0371324156849145,0.0026422644005968,0.0514029610100124
2026-03-16 19:43:05,ELM_Baseline,linear_gradual_drift_11,,0.0347526534576755,0.0025194190736263,0.0501938150933592
2026-03-16 19:43:05,ELM_Baseline,linear_gradual_drift_12,,0.0344727842496668,0.0020972399905235,0.0457956328761114
2026-03-16 19:43:06,ELM_Baseline,linear_gradual_drift_13,,0.0346454609581084,0.0026622948482803,0.0515974306364218
2026-03-16 19:43:06,ELM_Baseline,linear_gradual_drift_14,,0.0392889569048662,0.0031340345015914,0.055982448156466
2026-03-16 19:43:06,ELM_Baseline,linear_gradual_drift_15,,3.364563045762506,13.820203113238728,3.7175533773220697
2026-03-16 19:43:06,ELM_Baseline,linear_gradual_drift_16,,0.0384813776353389,0.0034410538579079,0.0586604965705874
2026-03-16 19:43:06,ELM_Baseline,linear_gradual_drift_17,,0.0330702169178382,0.0020804852308101,0.045612336388417
2026-03-16 19:43:06,ELM_Baseline,linear_gradual_drift_18,,0.0556648771357084,0.0136002948299487,0.116620301963032
2026-03-16 19:43:06,ELM_Baseline,linear_gradual_drift_19,,0.0314341562855317,0.0019016888368093,0.0436083574192996
2026-03-16 19:43:06,ELM_Baseline,linear_gradual_drift_20,,0.0412384325923028,0.0033293674431334,0.0577006710804426
2026-03-16 19:43:06,ELM_Baseline,linear_gradual_drift_21,,0.0484005859419027,0.0051803580666876,0.0719747043529017
2026-03-16 19:43:06,ELM_Baseline,linear_gradual_drift_22,,0.0385628913327932,0.0025856029037899,0.0508488240158012
2026-03-16 19:43:06,ELM_Baseline,linear_gradual_drift_23,,0.0359746069994792,0.0022014411755965,0.0469195180665415
2026-03-16 19:43:06,ELM_Baseline,linear_gradual_drift_24,,0.1248923762495732,0.0309322964844948,0.1758757984615701
2026-03-16 19:43:06,ELM_Baseline,linear_gradual_drift_25,,0.0327663825009676,0.0020307978165178,0.0450643741387563
2026-03-16 19:43:07,ELM_Baseline,linear_gradual_drift_26,,0.1001942042624278,0.050808209843608,0.2254067653013282
2026-03-16 19:43:07,ELM_Baseline,linear_gradual_drift_27,,0.0375071244815087,0.0027482855404704,0.0524240931296905
2026-03-16 19:43:07,ELM_Baseline,linear_gradual_drift_28,,0.0313936538559402,0.001631544193133,0.0403923779088704
2026-03-16 19:43:07,ELM_Baseline,linear_gradual_drift_29,,0.1610851117779822,0.0389980769233768,0.1974793075827867
2026-03-16 19:43:07,ELM_Baseline,linear_gradual_drift_30,,0.0315190965445415,0.0018673308700554,0.0432126239663302
2026-03-16 19:43:07,ELM_Baseline,linear_abrupt_drift_1,,0.076764415656957,0.0168665067362658,0.1298711158659455
2026-03-16 19:43:07,ELM_Baseline,linear_abrupt_drift_2,,0.1004856331066831,0.0173383405627999,0.1316751326667261
2026-03-16 19:43:07,ELM_Baseline,linear_abrupt_drift_3,,0.3799399170938431,0.2622126818372711,0.5120670677140555
2026-03-16 19:43:07,ELM_Baseline,linear_abrupt_drift_4,,0.1123263978087076,0.0323920877093709,0.1799780200729271
2026-03-16 19:43:07,ELM_Baseline,linear_abrupt_drift_5,,0.1331326588283821,0.0560803782288652,0.2368129604326275
2026-03-16 19:43:07,ELM_Baseline,linear_abrupt_drift_6,,0.0423410059934262,0.0033805734262989,0.0581426988219411
2026-03-16 19:43:07,ELM_Baseline,linear_abrupt_drift_7,,0.0522638134970447,0.0049763648977936,0.0705433547387252
2026-03-16 19:43:07,ELM_Baseline,linear_abrupt_drift_8,,3.268590074836627,17.465882216773707,4.179220288136737
2026-03-16 19:43:07,ELM_Baseline,linear_abrupt_drift_9,,0.2023152450230688,0.0594631741643823,0.2438507210659471
2026-03-16 19:43:07,ELM_Baseline,linear_abrupt_drift_10,,0.211360852769965,0.1238336877905293,0.351900110529294
2026-03-16 19:43:07,ELM_Baseline,linear_abrupt_drift_11,,0.1386242779972444,0.0706868830355412,0.2658700491509738
2026-03-16 19:43:08,ELM_Baseline,linear_abrupt_drift_12,,0.0646668597829305,0.017272566802983,0.1314251376372991
2026-03-16 19:43:08,ELM_Baseline,linear_abrupt_drift_13,,0.0407562452358723,0.0038210037783601,0.0618142684043104
2026-03-16 19:43:08,ELM_Baseline,linear_abrupt_drift_14,,0.1165900330194203,0.0344570386492998,0.18562607211623
2026-03-16 19:43:08,ELM_Baseline,linear_abrupt_drift_15,,1.7113654562519725,4.040453892679996,2.0100880310772453
2026-03-16 19:43:08,ELM_Baseline,linear_abrupt_drift_16,,0.0610250442917686,0.0078056942407963,0.0883498400722737
2026-03-16 19:43:08,ELM_Baseline,linear_abrupt_drift_17,,0.1764887870170362,0.0672206212361539,0.2592693989582147
2026-03-16 19:43:08,ELM_Baseline,linear_abrupt_drift_18,,0.0860680909487148,0.0164360981214739,0.1282033467639359
2026-03-16 19:43:08,ELM_Baseline,linear_abrupt_drift_19,,0.1085057940797287,0.037861606473706,0.194580591205048
2026-03-16 19:43:08,ELM_Baseline,linear_abrupt_drift_20,,0.0627808360990435,0.0086629574373505,0.093075009735968
2026-03-16 19:43:08,ELM_Baseline,linear_abrupt_drift_21,,0.1787865051824793,0.0554492336696755,0.2354766096020484
2026-03-16 19:43:08,ELM_Baseline,linear_abrupt_drift_22,,0.2006617270335544,0.1082031279346433,0.3289424386342439
2026-03-16 19:43:08,ELM_Baseline,linear_abrupt_drift_23,,0.0513671126214647,0.0054759650444363,0.0739997638133818
2026-03-16 19:43:08,ELM_Baseline,linear_abrupt_drift_24,,0.2694538729933043,0.1156955591302607,0.3401404991033275
2026-03-16 19:43:08,ELM_Baseline,linear_abrupt_drift_25,,0.0841138940477412,0.021923286465398,0.1480651426413322
2026-03-16 19:43:09,ELM_Baseline,linear_abrupt_drift_26,,0.0704273642355305,0.0108782426579679,0.104298814269233
2026-03-16 19:43:09,ELM_Baseline,linear_abrupt_drift_27,,0.0609780871876167,0.0079029312499985,0.088898432213389
2026-03-16 19:43:09,ELM_Baseline,linear_abrupt_drift_28,,0.0574332145647116,0.0090294803166584,0.0950235776881635
2026-03-16 19:43:09,ELM_Baseline,linear_abrupt_drift_29,,0.9913228621891608,1.2405403532454804,1.1137954719092191
2026-03-16 19:43:09,ELM_Baseline,linear_abrupt_drift_30,,0.0550572043667727,0.0076872862981438,0.0876771709063643
2026-03-16 19:43:09,ELM_Baseline,nonlinear_gradual_drift_1,,0.0211000684151054,0.0007453695383426,0.0273014567073388
2026-03-16 19:43:09,ELM_Baseline,nonlinear_gradual_drift_2,,0.0192953237813859,0.0005862139656827,0.0242118558909209
2026-03-16 19:43:09,ELM_Baseline,nonlinear_gradual_drift_3,,0.0202422034628583,0.0006472534320949,0.0254411759180845
2026-03-16 19:43:09,ELM_Baseline,nonlinear_gradual_drift_4,,0.0292301330645753,0.0015329886045496,0.0391533983780424
2026-03-16 19:43:09,ELM_Baseline,nonlinear_gradual_drift_5,,0.0208561034395322,0.0006977188902783,0.0264143690115505
2026-03-16 19:43:09,ELM_Baseline,nonlinear_gradual_drift_6,,0.02963909202466,0.0015541846199918,0.0394231482760044
2026-03-16 19:43:09,ELM_Baseline,nonlinear_gradual_drift_7,,0.0254025465776263,0.0010487168168247,0.0323838974928088
2026-03-16 19:43:09,ELM_Baseline,nonlinear_gradual_drift_8,,0.0247555663891224,0.0009930579273653,0.0315128216344615
2026-03-16 19:43:09,ELM_Baseline,nonlinear_gradual_drift_9,,0.0233042671324838,0.0009018584793697,0.0300309586821626
2026-03-16 19:43:10,ELM_Baseline,nonlinear_gradual_drift_10,,0.0255108740452986,0.0011546355610317,0.033979928796743
2026-03-16 19:43:10,ELM_Baseline,nonlinear_gradual_drift_11,,0.0287288269074457,0.0013635339072104,0.0369260600011765
2026-03-16 19:43:10,ELM_Baseline,nonlinear_gradual_drift_12,,0.0229987717014021,0.000860429052757,0.0293330709738519
2026-03-16 19:43:10,ELM_Baseline,nonlinear_gradual_drift_13,,0.0261267339478065,0.0011721937947747,0.0342373158231594
2026-03-16 19:43:10,ELM_Baseline,nonlinear_gradual_drift_14,,0.0221250667774774,0.0007815007414824,0.027955334758905
2026-03-16 19:43:10,ELM_Baseline,nonlinear_gradual_drift_15,,0.0243898159822331,0.0009523317453839,0.0308598727376496
2026-03-16 19:43:10,ELM_Baseline,nonlinear_gradual_drift_16,,0.0206390497458972,0.0006810164015498,0.0260962909538851
2026-03-16 19:43:10,ELM_Baseline,nonlinear_gradual_drift_17,,0.0199254000144488,0.0006313148406992,0.0251259793978123
2026-03-16 19:43:10,ELM_Baseline,nonlinear_gradual_drift_18,,0.0317109472538097,0.0020820471375168,0.0456294547142182
2026-03-16 19:43:10,ELM_Baseline,nonlinear_gradual_drift_19,,0.0254545775274857,0.0011284300125537,0.0335921123562318
2026-03-16 19:43:10,ELM_Baseline,nonlinear_gradual_drift_20,,0.0259468792732058,0.0011722867097301,0.0342386727215018
2026-03-16 19:43:10,ELM_Baseline,nonlinear_gradual_drift_21,,0.0210315460833256,0.0007314001880978,0.0270444114023189
2026-03-16 19:43:10,ELM_Baseline,nonlinear_gradual_drift_22,,0.0192377438366939,0.0005809072907413,0.0241020183955908
2026-03-16 19:43:10,ELM_Baseline,nonlinear_gradual_drift_23,,0.0197664570800694,0.0006200623459093,0.0249010511004924
2026-03-16 19:43:10,ELM_Baseline,nonlinear_gradual_drift_24,,0.0224830233094589,0.0008890972751838,0.0298177342396079
2026-03-16 19:43:11,ELM_Baseline,nonlinear_gradual_drift_25,,0.0201934259702409,0.0006487673375085,0.0254709115955547
2026-03-16 19:43:11,ELM_Baseline,nonlinear_gradual_drift_26,,0.0304910327412613,0.0015467369124354,0.0393285762828429
2026-03-16 19:43:11,ELM_Baseline,nonlinear_gradual_drift_27,,0.021636889709535,0.0007638425966845,0.0276377024494533
2026-03-16 19:43:11,ELM_Baseline,nonlinear_gradual_drift_28,,0.0277597912288428,0.0013735973192734,0.0370620738663323
2026-03-16 19:43:11,ELM_Baseline,nonlinear_gradual_drift_29,,0.0231462599352977,0.0008966310033827,0.0299437974108624
2026-03-16 19:43:11,ELM_Baseline,nonlinear_gradual_drift_30,,0.0339353508446949,0.0020570327176528,0.0453545225711052
2026-03-16 19:43:11,ELM_Baseline,nonlinear_abrupt_drift_1,,0.1203451537342788,0.0397673945252025,0.1994176384505708
2026-03-16 19:43:11,ELM_Baseline,nonlinear_abrupt_drift_2,,0.0544085070695117,0.0059379964297933,0.077058396231646
2026-03-16 19:43:11,ELM_Baseline,nonlinear_abrupt_drift_3,,0.100846151536428,0.0226000402784162,0.150333097747689
2026-03-16 19:43:11,ELM_Baseline,nonlinear_abrupt_drift_4,,0.1649567105047285,0.0574203124713867,0.2396253585733085
2026-03-16 19:43:11,ELM_Baseline,nonlinear_abrupt_drift_5,,1.0343726079247595,2.734230447560423,1.6535508602883744
2026-03-16 19:43:11,ELM_Baseline,nonlinear_abrupt_drift_6,,0.0921486940009781,0.0191763796975981,0.13847880595094
2026-03-16 19:43:11,ELM_Baseline,nonlinear_abrupt_drift_7,,0.0697944240939463,0.0089739482081575,0.0947309252998066
2026-03-16 19:43:11,ELM_Baseline,nonlinear_abrupt_drift_8,,0.1313896757208976,0.0385821431691598,0.1964233773489291
2026-03-16 19:43:11,ELM_Baseline,nonlinear_abrupt_drift_9,,0.089334317156667,0.0166238800647478,0.1289336265865031
2026-03-16 19:43:12,ELM_Baseline,nonlinear_abrupt_drift_10,,0.0509529479672101,0.0050580824687956,0.0711201973337789
2026-03-16 19:43:12,ELM_Baseline,nonlinear_abrupt_drift_11,,0.0778346514687873,0.0129910467665275,0.1139782732213802
2026-03-16 19:43:12,ELM_Baseline,nonlinear_abrupt_drift_12,,0.0558670837357852,0.0059033149116168,0.0768330326852772
2026-03-16 19:43:12,ELM_Baseline,nonlinear_abrupt_drift_13,,0.0780900216631546,0.0133164011032268,0.1153967118388856
2026-03-16 19:43:12,ELM_Baseline,nonlinear_abrupt_drift_14,,0.0667904513346391,0.0086162793996225,0.0928239160972137
2026-03-16 19:43:12,ELM_Baseline,nonlinear_abrupt_drift_15,,0.0611615967457581,0.0070251871246917,0.0838163893560904
2026-03-16 19:43:12,ELM_Baseline,nonlinear_abrupt_drift_16,,0.0438986198189793,0.0036399270683209,0.0603318080975608
2026-03-16 19:43:12,ELM_Baseline,nonlinear_abrupt_drift_17,,0.3031955893121259,0.460681175386163,0.6787349817021096
2026-03-16 19:43:12,ELM_Baseline,nonlinear_abrupt_drift_18,,0.1524855213902701,0.0502233985441499,0.2241057753476021
2026-03-16 19:43:12,ELM_Baseline,nonlinear_abrupt_drift_19,,2.2769742325849656,11.441654351577135,3.3825514558654
2026-03-16 19:43:12,ELM_Baseline,nonlinear_abrupt_drift_20,,0.1246554641045037,0.0365080081508339,0.1910706888845957
2026-03-16 19:43:12,ELM_Baseline,nonlinear_abrupt_drift_21,,0.0582890354318258,0.0073925587652338,0.0859799904933344
2026-03-16 19:43:12,ELM_Baseline,nonlinear_abrupt_drift_22,,0.0953892359476383,0.0242308792752066,0.1556627099700072
2026-03-16 19:43:12,ELM_Baseline,nonlinear_abrupt_drift_23,,0.0618651201560738,0.0075335721499582,0.0867961528522908
2026-03-16 19:43:12,ELM_Baseline,nonlinear_abrupt_drift_24,,0.1267473080226524,0.0754036820865262,0.2745973089571822
2026-03-16 19:43:12,ELM_Baseline,nonlinear_abrupt_drift_25,,0.0594854842223027,0.0107585167636213,0.1037232701163114
2026-03-16 19:43:12,ELM_Baseline,nonlinear_abrupt_drift_26,,0.114709242116797,0.0297630966399691,0.172519844191818
2026-03-16 19:43:12,ELM_Baseline,nonlinear_abrupt_drift_27,,0.1079729947356431,0.0255369191369916,0.1598027507178509
2026-03-16 19:43:13,ELM_Baseline,nonlinear_abrupt_drift_28,,0.0757431010900858,0.0135412431891278,0.1163668474657958
2026-03-16 19:43:13,ELM_Baseline,nonlinear_abrupt_drift_29,,0.0454265629223586,0.0040762906361407,0.0638458349161536
2026-03-16 19:43:13,ELM_Baseline,nonlinear_abrupt_drift_30,,0.0492359151856334,0.0044533560727179,0.0667334704081685
2026-03-16 21:54:30,LSTM_Baseline,linear_gradual_drift_1,,0.0622238767833887,0.0084690842610791,0.0920276277053753
2026-03-16 21:54:54,LSTM_Baseline,linear_gradual_drift_2,,0.0348878884658003,0.0021244641107618,0.0460919093850734
2026-03-16 21:55:18,LSTM_Baseline,linear_gradual_drift_3,,0.0861775350893434,0.0105431298251111,0.1026797439863928
2026-03-16 21:55:34,LSTM_Baseline,linear_gradual_drift_4,,0.0425416652656381,0.0032862288771871,0.0573256389165188
2026-03-16 21:55:49,LSTM_Baseline,linear_gradual_drift_5,,0.0615948664690942,0.0060247023409465,0.0776189560671008
2026-03-16 21:56:09,LSTM_Baseline,linear_gradual_drift_6,,0.0410730286891308,0.0030668744168874,0.0553793681517534
2026-03-16 21:56:23,LSTM_Baseline,linear_gradual_drift_7,,0.0440901133572136,0.003381534927981,0.0581509666985946
2026-03-16 21:56:43,LSTM_Baseline,linear_gradual_drift_8,,0.3150055353845719,0.1120726181282429,0.3347724871136261
2026-03-16 21:57:01,LSTM_Baseline,linear_gradual_drift_9,,0.0884260022778881,0.0116198967266275,0.1077956248028072
2026-03-16 21:57:13,LSTM_Baseline,linear_gradual_drift_10,,0.0432473300579259,0.003109633382656,0.0557640868539605
2026-03-16 21:57:25,LSTM_Baseline,linear_gradual_drift_11,,0.041923050322659,0.0030630810195545,0.0553451083615759
2026-03-16 21:57:37,LSTM_Baseline,linear_gradual_drift_12,,0.1071987398597748,0.0138324678300528,0.1176115123193848
2026-03-16 21:57:45,LSTM_Baseline,linear_gradual_drift_13,,0.0405803872778051,0.0028254854794696,0.0531552958741616
2026-03-16 21:57:59,LSTM_Baseline,linear_gradual_drift_14,,0.043111517336042,0.0032325584047433,0.0568555925546759
2026-03-16 21:58:18,LSTM_Baseline,linear_gradual_drift_15,,0.2667602015056187,0.0794249938284926,0.2818244024716324
2026-03-16 21:58:42,LSTM_Baseline,linear_gradual_drift_16,,0.0390164443921649,0.0026027584568205,0.0510172368599139
2026-03-16 21:58:54,LSTM_Baseline,linear_gradual_drift_17,,0.0425831914890424,0.0031069446666848,0.0557399736875152
2026-03-16 21:59:05,LSTM_Baseline,linear_gradual_drift_18,,0.0442800837754709,0.0035022535614659,0.0591798408367747
2026-03-16 21:59:16,LSTM_Baseline,linear_gradual_drift_19,,0.0466721021965556,0.003647960854733,0.0603983514239676
2026-03-16 21:59:26,LSTM_Baseline,linear_gradual_drift_20,,0.0501934459331894,0.0041772237465226,0.0646314454930621
2026-03-16 21:59:45,LSTM_Baseline,linear_gradual_drift_21,,0.0375164315231596,0.0023971694521397,0.0489608971745791
2026-03-16 21:59:51,LSTM_Baseline,linear_gradual_drift_22,,0.0518378605706233,0.0042402543906563,0.0651172357418242
2026-03-16 21:59:57,LSTM_Baseline,linear_gradual_drift_23,,0.0450672289552578,0.0035400896034165,0.0594986521142834
2026-03-16 22:00:16,LSTM_Baseline,linear_gradual_drift_24,,0.0467849257731219,0.0033742780927042,0.0580885366720857
2026-03-16 22:00:33,LSTM_Baseline,linear_gradual_drift_25,,0.0494616551504716,0.0045879517348274,0.0677344206059776
2026-03-16 22:00:47,LSTM_Baseline,linear_gradual_drift_26,,0.0418484394238592,0.0030351896704235,0.0550925554900435
2026-03-16 22:01:04,LSTM_Baseline,linear_gradual_drift_27,,0.0432771099532788,0.0030076396262995,0.0548419513356295
2026-03-16 22:01:11,LSTM_Baseline,linear_gradual_drift_28,,0.043019620170265,0.0031549891610425,0.0561692901952887
2026-03-16 22:01:26,LSTM_Baseline,linear_gradual_drift_29,,0.1272612415353068,0.0219753845195692,0.14824096775038
2026-03-16 22:01:32,LSTM_Baseline,linear_gradual_drift_30,,0.0470956308187042,0.0037038693594599,0.0608594229307172
2026-03-16 22:01:40,LSTM_Baseline,linear_abrupt_drift_1,,0.0535484551113683,0.0054372543760412,0.0737377405135339
2026-03-16 22:02:00,LSTM_Baseline,linear_abrupt_drift_2,,0.0449519157224517,0.003290043158653,0.0573588978158846
2026-03-16 22:02:20,LSTM_Baseline,linear_abrupt_drift_3,,0.3097273579088653,0.1407023347515225,0.3751030988295384
2026-03-16 22:02:30,LSTM_Baseline,linear_abrupt_drift_4,,0.0533763343613517,0.0046738659205922,0.0683656779428992
2026-03-16 22:02:46,LSTM_Baseline,linear_abrupt_drift_5,,0.0583065750899912,0.0053027904160148,0.0728202610268246
2026-03-16 22:02:55,LSTM_Baseline,linear_abrupt_drift_6,,0.0731488912662606,0.0087759783624074,0.0936801919426272
2026-03-16 22:03:11,LSTM_Baseline,linear_abrupt_drift_7,,0.0644756574682076,0.0066618946778314,0.0816204305173122
2026-03-16 22:03:26,LSTM_Baseline,linear_abrupt_drift_8,,0.6768484124226998,0.582064795501865,0.7629317109033187
2026-03-16 22:03:42,LSTM_Baseline,linear_abrupt_drift_9,,0.3226501951128827,0.1800182151007416,0.4242855348709659
2026-03-16 22:03:50,LSTM_Baseline,linear_abrupt_drift_10,,0.1248550616664687,0.0312378355149268,0.1767422855881605
2026-03-16 22:03:58,LSTM_Baseline,linear_abrupt_drift_11,,0.0623041594002854,0.0067711888832618,0.0822872340236436
2026-03-16 22:04:14,LSTM_Baseline,linear_abrupt_drift_12,,0.1155949796079368,0.0258776545794097,0.1608653305700448
2026-03-16 22:04:20,LSTM_Baseline,linear_abrupt_drift_13,,0.0426584257420187,0.0031610733395712,0.0562234234067193
2026-03-16 22:04:28,LSTM_Baseline,linear_abrupt_drift_14,,0.0643303577536191,0.0076279023670781,0.0873378633072629
2026-03-16 22:04:44,LSTM_Baseline,linear_abrupt_drift_15,,0.4165187338060609,0.2338056039339096,0.4835344909454853
2026-03-16 22:04:58,LSTM_Baseline,linear_abrupt_drift_16,,0.0752472119655047,0.0089240196737371,0.0944670295591914
2026-03-16 22:05:06,LSTM_Baseline,linear_abrupt_drift_17,,0.0456737679117658,0.0035744604415128,0.0597867915305118
2026-03-16 22:05:14,LSTM_Baseline,linear_abrupt_drift_18,,0.067869502697912,0.0088040830563653,0.0938300754362128
2026-03-16 22:05:23,LSTM_Baseline,linear_abrupt_drift_19,,0.0675029707699417,0.0069958109158129,0.0836409643405245
2026-03-16 22:05:34,LSTM_Baseline,linear_abrupt_drift_20,,0.0606392729407515,0.0056505552202442,0.0751701750712627
2026-03-16 22:05:55,LSTM_Baseline,linear_abrupt_drift_21,,0.0584613651340979,0.0050673881664648,0.0711855895983509
2026-03-16 22:06:02,LSTM_Baseline,linear_abrupt_drift_22,,0.0804332312940181,0.0134829485867934,0.1161160996020512
2026-03-16 22:06:10,LSTM_Baseline,linear_abrupt_drift_23,,0.0476467040629499,0.0037463698991371,0.0612075967436813
2026-03-16 22:06:30,LSTM_Baseline,linear_abrupt_drift_24,,0.5605260171017823,0.5279625970529818,0.7266103474717256
2026-03-16 22:06:40,LSTM_Baseline,linear_abrupt_drift_25,,0.0550320454349189,0.0050249265610645,0.0708867163935848
2026-03-16 22:07:03,LSTM_Baseline,linear_abrupt_drift_26,,0.0453587692790511,0.0037060840991568,0.0608776157479651
2026-03-16 22:07:20,LSTM_Baseline,linear_abrupt_drift_27,,0.0700510695315627,0.0080909633301707,0.0899497822686122
2026-03-16 22:07:27,LSTM_Baseline,linear_abrupt_drift_28,,0.0524175739704885,0.004399447453171,0.0663283306979081
2026-03-16 22:07:47,LSTM_Baseline,linear_abrupt_drift_29,,0.2750684540475888,0.1108631670695126,0.3329612095567781
2026-03-16 22:07:54,LSTM_Baseline,linear_abrupt_drift_30,,0.0518993060542045,0.0043883961511384,0.0662449707610961
2026-03-16 22:08:13,LSTM_Baseline,nonlinear_gradual_drift_1,,0.0429100968311845,0.0026273517825719,0.0512576997393756
2026-03-16 22:08:32,LSTM_Baseline,nonlinear_gradual_drift_2,,0.0239227080323384,0.0009043274061847,0.0300720369477157
2026-03-16 22:08:50,LSTM_Baseline,nonlinear_gradual_drift_3,,0.0216808460603884,0.0007375087171658,0.0271571117235591
2026-03-16 22:09:07,LSTM_Baseline,nonlinear_gradual_drift_4,,0.0207191369853965,0.000668354718873,0.0258525572985165
2026-03-16 22:09:25,LSTM_Baseline,nonlinear_gradual_drift_5,,0.0328161118173837,0.0016028606008114,0.04003574154192
2026-03-16 22:09:43,LSTM_Baseline,nonlinear_gradual_drift_6,,0.0269152839786489,0.0011733332633969,0.034253952522256
2026-03-16 22:10:03,LSTM_Baseline,nonlinear_gradual_drift_7,,0.0251123020548907,0.0010060484814232,0.0317182673143293
2026-03-16 22:10:23,LSTM_Baseline,nonlinear_gradual_drift_8,,0.0253818492576433,0.0010349403919746,0.0321704894581138
2026-03-16 22:10:43,LSTM_Baseline,nonlinear_gradual_drift_9,,0.0418049515319809,0.0027301571158139,0.0522509054066433
2026-03-16 22:11:00,LSTM_Baseline,nonlinear_gradual_drift_10,,0.0235363207887604,0.0008809177926509,0.0296802593090248
2026-03-16 22:11:19,LSTM_Baseline,nonlinear_gradual_drift_11,,0.0289071051219316,0.0012540630222621,0.0354127522548324
2026-03-16 22:11:38,LSTM_Baseline,nonlinear_gradual_drift_12,,0.0372750683101883,0.0023118825279113,0.0480820395564842
2026-03-16 22:11:57,LSTM_Baseline,nonlinear_gradual_drift_13,,0.0211651074943727,0.0007031974778717,0.0265178709151354
2026-03-16 22:12:16,LSTM_Baseline,nonlinear_gradual_drift_14,,0.0214700097308,0.0007224031584165,0.0268775586394407
2026-03-16 22:12:34,LSTM_Baseline,nonlinear_gradual_drift_15,,0.0226031939397236,0.000791468848795,0.0281330561581043
2026-03-16 22:12:53,LSTM_Baseline,nonlinear_gradual_drift_16,,0.0231900479014177,0.0008439680208492,0.0290511277035713
2026-03-16 22:13:11,LSTM_Baseline,nonlinear_gradual_drift_17,,0.0309727914196316,0.0014357612994151,0.0378914409783412
2026-03-16 22:13:29,LSTM_Baseline,nonlinear_gradual_drift_18,,0.0313101271327247,0.0016812301307471,0.04100280637648
2026-03-16 22:13:48,LSTM_Baseline,nonlinear_gradual_drift_19,,0.0358033495854406,0.0019838390391728,0.0445403080273683
2026-03-16 22:14:09,LSTM_Baseline,nonlinear_gradual_drift_20,,0.0215139558837442,0.0007255276883876,0.0269356211806538
2026-03-16 22:14:27,LSTM_Baseline,nonlinear_gradual_drift_21,,0.0291572269039201,0.0012679830637947,0.0356087498207217
2026-03-16 22:14:47,LSTM_Baseline,nonlinear_gradual_drift_22,,0.0355553232137973,0.002007507041927,0.0448052122183013
2026-03-16 22:15:05,LSTM_Baseline,nonlinear_gradual_drift_23,,0.0274617638758527,0.0011998418594328,0.0346387335136953
2026-03-16 22:15:15,LSTM_Baseline,nonlinear_gradual_drift_24,,0.0338366206768977,0.0020035730292948,0.0447612894060798
2026-03-16 22:15:33,LSTM_Baseline,nonlinear_gradual_drift_25,,0.0566248108073873,0.004342056733885,0.0658942845312481
2026-03-16 22:15:52,LSTM_Baseline,nonlinear_gradual_drift_26,,0.0472991276430889,0.0032354182426261,0.0568807370084651
2026-03-16 22:16:10,LSTM_Baseline,nonlinear_gradual_drift_27,,0.0264910769841758,0.0011359951470504,0.0337045271002344
2026-03-16 22:16:29,LSTM_Baseline,nonlinear_gradual_drift_28,,0.0352689164090111,0.0019904462551177,0.0446144175700832
2026-03-16 22:16:50,LSTM_Baseline,nonlinear_gradual_drift_29,,0.0250556539333485,0.0009999303545154,0.0316216753907098
2026-03-16 22:17:06,LSTM_Baseline,nonlinear_gradual_drift_30,,0.0298271476747096,0.0014783620867851,0.038449474466956
2026-03-16 22:17:24,LSTM_Baseline,nonlinear_abrupt_drift_1,,0.219332389233752,0.0898989073575779,0.2998314649225094
2026-03-16 22:17:45,LSTM_Baseline,nonlinear_abrupt_drift_2,,0.0521840665730779,0.0040684695048317,0.0637845553784907
2026-03-16 22:18:09,LSTM_Baseline,nonlinear_abrupt_drift_3,,0.1303972826209494,0.0237736611236103,0.1541870977858081
2026-03-16 22:18:19,LSTM_Baseline,nonlinear_abrupt_drift_4,,0.0584874093115516,0.0055410642750738,0.0744383253107825
2026-03-16 22:18:23,LSTM_Baseline,nonlinear_abrupt_drift_5,,0.9516147045996912,1.3761742638885326,1.1731045409035517
2026-03-16 22:18:46,LSTM_Baseline,nonlinear_abrupt_drift_6,,0.123206520078956,0.0226377696099321,0.150458531196912
2026-03-16 22:19:04,LSTM_Baseline,nonlinear_abrupt_drift_7,,0.0769662717524284,0.0088531393258922,0.0940911224605819
2026-03-16 22:19:07,LSTM_Baseline,nonlinear_abrupt_drift_8,,0.1269352802931479,0.0237657535765732,0.1541614529529779
2026-03-16 22:19:25,LSTM_Baseline,nonlinear_abrupt_drift_9,,0.1262960393010116,0.0252470252345739,0.1588931251960698
2026-03-16 22:19:40,LSTM_Baseline,nonlinear_abrupt_drift_10,,0.0990235149476586,0.0147553736710946,0.1214716990541198
2026-03-16 22:19:56,LSTM_Baseline,nonlinear_abrupt_drift_11,,0.0606091467973662,0.0055346592871167,0.0743952907590043
2026-03-16 22:20:00,LSTM_Baseline,nonlinear_abrupt_drift_12,,0.1949933754735473,0.0532949011718956,0.2308568846101317
2026-03-16 22:20:16,LSTM_Baseline,nonlinear_abrupt_drift_13,,0.0562336693991117,0.0047257767203261,0.0687442850011992
2026-03-16 22:20:31,LSTM_Baseline,nonlinear_abrupt_drift_14,,0.0509026142997544,0.0038496996336297,0.0620459477615562
2026-03-16 22:20:37,LSTM_Baseline,nonlinear_abrupt_drift_15,,0.2058547807001038,0.0525741739592312,0.2292905884663199
2026-03-16 22:20:43,LSTM_Baseline,nonlinear_abrupt_drift_16,,0.1727902436381656,0.0438792793514356,0.2094738154315131
2026-03-16 22:20:58,LSTM_Baseline,nonlinear_abrupt_drift_17,,0.1626951760586926,0.0862322906674667,0.2936533511940001
2026-03-16 22:21:15,LSTM_Baseline,nonlinear_abrupt_drift_18,,0.0971147140881954,0.0131822194510124,0.1148138469480596
2026-03-16 22:21:30,LSTM_Baseline,nonlinear_abrupt_drift_19,,0.3693154960637012,0.2594779624858627,0.5093897942498089
2026-03-16 22:21:46,LSTM_Baseline,nonlinear_abrupt_drift_20,,0.0488247883411405,0.0036175625701402,0.0601461766876351
2026-03-16 22:22:01,LSTM_Baseline,nonlinear_abrupt_drift_21,,0.0783240614217694,0.0090207298867374,0.0949775230606561
2026-03-16 22:22:22,LSTM_Baseline,nonlinear_abrupt_drift_22,,0.0694815336270657,0.0073132639011365,0.0855176233365765
2026-03-16 22:22:44,LSTM_Baseline,nonlinear_abrupt_drift_23,,0.1151453442481996,0.0217180236392669,0.147370362146759
2026-03-16 22:23:02,LSTM_Baseline,nonlinear_abrupt_drift_24,,0.1894521719028575,0.076997933815996,0.2774850154801085
2026-03-16 22:23:06,LSTM_Baseline,nonlinear_abrupt_drift_25,,0.134817462464852,0.0264755040913782,0.1627129499805663
2026-03-16 22:23:16,LSTM_Baseline,nonlinear_abrupt_drift_26,,0.173243048739299,0.051576549276949,0.2271047099400385
2026-03-16 22:23:23,LSTM_Baseline,nonlinear_abrupt_drift_27,,0.1756443500389077,0.0464625861583358,0.2155518178033668
2026-03-16 22:23:32,LSTM_Baseline,nonlinear_abrupt_drift_28,,0.1545467208600476,0.0348916955107291,0.1867931891443827
2026-03-16 22:23:36,LSTM_Baseline,nonlinear_abrupt_drift_29,,0.1377530808810818,0.0284605221444781,0.1687024663260089
2026-03-16 22:23:54,LSTM_Baseline,nonlinear_abrupt_drift_30,,0.0608874074006841,0.0053595083428907,0.073208663031712
2026-03-16 23:01:19,PSO_ELM,linear_gradual_drift_1,,0.0268267249502331,0.0013141923163008,0.0362517905254463
2026-03-16 23:01:57,PSO_ELM,linear_gradual_drift_2,,0.0247378614666215,0.0010065259373355,0.0317257929347007
2026-03-16 23:02:38,PSO_ELM,linear_gradual_drift_3,,0.0257736234024136,0.0011212472844592,0.0334850307519532
2026-03-16 23:03:15,PSO_ELM,linear_gradual_drift_4,,0.0241617375070672,0.0009626467882818,0.0310265497321549
2026-03-16 23:03:52,PSO_ELM,linear_gradual_drift_5,,0.0607594236885518,0.008430599136479,0.0918182941274727
2026-03-16 23:04:26,PSO_ELM,linear_gradual_drift_6,,0.0264360480802775,0.001169574496213,0.0341990423288869
2026-03-16 23:05:00,PSO_ELM,linear_gradual_drift_7,,0.0246666118440745,0.0010226408975808,0.0319787569736664
2026-03-16 23:05:33,PSO_ELM,linear_gradual_drift_8,,0.029386037796595,0.001436253903064,0.0378979406177176
2026-03-16 23:06:06,PSO_ELM,linear_gradual_drift_9,,0.0238265107877827,0.0009535494171212,0.0308795954818263
2026-03-16 23:06:39,PSO_ELM,linear_gradual_drift_10,,0.0245599815958454,0.0009970054231691,0.0315753926843229
2026-03-16 23:07:12,PSO_ELM,linear_gradual_drift_11,,0.0242024821714264,0.0009748993022578,0.031223377496002
2026-03-16 23:07:45,PSO_ELM,linear_gradual_drift_12,,0.0256059247869713,0.0010804699885191,0.0328705033201375
2026-03-16 23:08:19,PSO_ELM,linear_gradual_drift_13,,0.0232384890557592,0.0008868376430551,0.0297798193925877
2026-03-16 23:09:04,PSO_ELM,linear_gradual_drift_14,,0.0260601278006997,0.0011587443040724,0.0340403334894428
2026-03-16 23:09:45,PSO_ELM,linear_gradual_drift_15,,0.1661931103027491,0.0533932254956357,0.2310697416271455
2026-03-16 23:10:31,PSO_ELM,linear_gradual_drift_16,,0.0263360143687238,0.0011793530232452,0.0343417096727175
2026-03-16 23:11:14,PSO_ELM,linear_gradual_drift_17,,0.0253315214285631,0.0010697341799539,0.0327067910372444
2026-03-16 23:11:57,PSO_ELM,linear_gradual_drift_18,,0.0577927515008607,0.0141261724030722,0.1188535754744983
2026-03-16 23:12:42,PSO_ELM,linear_gradual_drift_19,,0.0267064503324757,0.0012389683075934,0.035198981627221
2026-03-16 23:13:23,PSO_ELM,linear_gradual_drift_20,,0.023739397386845,0.00092191337482,0.0303630264436878
2026-03-16 23:14:06,PSO_ELM,linear_gradual_drift_21,,0.0242247522841713,0.0009657905485719,0.0310771708585574
2026-03-16 23:14:48,PSO_ELM,linear_gradual_drift_22,,0.0239802976469818,0.000945641389044,0.0307512827219301
2026-03-16 23:15:31,PSO_ELM,linear_gradual_drift_23,,0.025748744312263,0.0011214762720044,0.0334884498298206
2026-03-16 23:16:17,PSO_ELM,linear_gradual_drift_24,,0.0249779564572939,0.0010345678303821,0.0321646985122226
2026-03-16 23:16:59,PSO_ELM,linear_gradual_drift_25,,0.0266157627712677,0.0012007764723374,0.0346522217518213
2026-03-16 23:17:33,PSO_ELM,linear_gradual_drift_26,,0.0248497149623098,0.0010368142358612,0.0321995999332489
2026-03-16 23:18:15,PSO_ELM,linear_gradual_drift_27,,0.0245485444314282,0.0010078625958876,0.0317468517476553
2026-03-16 23:19:01,PSO_ELM,linear_gradual_drift_28,,0.0243378288405672,0.0009888393540411,0.0314458161611551
2026-03-16 23:19:46,PSO_ELM,linear_gradual_drift_29,,0.0590666152767814,0.0060929449495058,0.0780573183596888
2026-03-16 23:20:29,PSO_ELM,linear_gradual_drift_30,,0.0324972592282267,0.0025601334701809,0.0505977615135385
2026-03-16 23:21:10,PSO_ELM,linear_abrupt_drift_1,,0.0345618170127439,0.0023037371396744,0.0479972617935065
2026-03-16 23:21:53,PSO_ELM,linear_abrupt_drift_2,,0.0455777250725581,0.0051577507146993,0.0718174819573848
2026-03-16 23:22:37,PSO_ELM,linear_abrupt_drift_3,,0.0551231756794625,0.0075675209625372,0.086991499369405
2026-03-16 23:23:23,PSO_ELM,linear_abrupt_drift_4,,0.0503067803538863,0.0054161843594022,0.0735947305138231
2026-03-16 23:24:05,PSO_ELM,linear_abrupt_drift_5,,0.0342722099156968,0.0021546165612063,0.0464178474426202
2026-03-16 23:24:49,PSO_ELM,linear_abrupt_drift_6,,0.0264129415931742,0.0011742634329099,0.0342675273824932
2026-03-16 23:25:31,PSO_ELM,linear_abrupt_drift_7,,0.0437239487241433,0.0040619674783579,0.0637335663395506
2026-03-16 23:26:15,PSO_ELM,linear_abrupt_drift_8,,0.1824001386526125,0.0523438403462856,0.2287877626672494
2026-03-16 23:26:27,PSO_ELM,linear_abrupt_drift_9,,0.0558779235556978,0.0095649329484163,0.0978004751952481
2026-03-16 23:27:09,PSO_ELM,linear_abrupt_drift_10,,0.109577698463388,0.0314979670294555,0.1774766661548936
2026-03-16 23:27:53,PSO_ELM,linear_abrupt_drift_11,,0.0457206940147919,0.0057554782883116,0.0758648686040625
2026-03-16 23:28:41,PSO_ELM,linear_abrupt_drift_12,,0.042761430349698,0.006515972092174,0.0807215714178934
2026-03-16 23:29:23,PSO_ELM,linear_abrupt_drift_13,,0.0259961265846515,0.0011794738615936,0.0343434689801961
2026-03-16 23:30:05,PSO_ELM,linear_abrupt_drift_14,,0.0396578088183748,0.0031298433074371,0.0559450025242397
2026-03-16 23:30:51,PSO_ELM,linear_abrupt_drift_15,,0.1683284361313281,0.0435048997641526,0.2085782821008761
2026-03-16 23:31:33,PSO_ELM,linear_abrupt_drift_16,,0.0331842243524391,0.0019460002329766,0.0441134926408764
2026-03-16 23:32:14,PSO_ELM,linear_abrupt_drift_17,,0.1389128931880893,0.0384253234467742,0.1960237828600761
2026-03-16 23:32:54,PSO_ELM,linear_abrupt_drift_18,,0.0456493288427553,0.0049611626673085,0.0704355213461829
2026-03-16 23:33:34,PSO_ELM,linear_abrupt_drift_19,,0.0355350947512172,0.0024638410345739,0.0496370933332517
2026-03-16 23:34:17,PSO_ELM,linear_abrupt_drift_20,,0.0271288009567974,0.0012458339619568,0.0352963732125111
2026-03-16 23:35:00,PSO_ELM,linear_abrupt_drift_21,,0.0404565022425848,0.003758638025003,0.0613077321795796
2026-03-16 23:35:41,PSO_ELM,linear_abrupt_drift_22,,0.1226217314867884,0.052049965364195,0.2281446150234431
2026-03-16 23:36:16,PSO_ELM,linear_abrupt_drift_23,,0.0306708593700699,0.0019675299171534,0.0443568474663541
2026-03-16 23:36:48,PSO_ELM,linear_abrupt_drift_24,,0.2181704775708555,0.144998173446999,0.3807862569040525
2026-03-16 23:37:20,PSO_ELM,linear_abrupt_drift_25,,0.0349261599136332,0.0025071822963962,0.0500717714525484
2026-03-16 23:37:52,PSO_ELM,linear_abrupt_drift_26,,0.0298060829751102,0.0016130259711095,0.0401624945827516
2026-03-16 23:38:24,PSO_ELM,linear_abrupt_drift_27,,0.0630074255281734,0.011566284476476,0.1075466618564986
2026-03-16 23:38:55,PSO_ELM,linear_abrupt_drift_28,,0.0291219324602782,0.0015442459055621,0.03929689435009
2026-03-16 23:39:28,PSO_ELM,linear_abrupt_drift_29,,0.3599896746770881,0.2103152321719446,0.4586013870148504
2026-03-16 23:40:01,PSO_ELM,linear_abrupt_drift_30,,0.0564596120323178,0.008010515302056,0.0895014821221195
2026-03-16 23:40:35,PSO_ELM,nonlinear_gradual_drift_1,,0.0179772790851397,0.0005150647662668,0.0226950383623119
2026-03-16 23:41:10,PSO_ELM,nonlinear_gradual_drift_2,,0.0179321706921799,0.0005086041100874,0.0225522528827477
2026-03-16 23:41:45,PSO_ELM,nonlinear_gradual_drift_3,,0.0176968389960689,0.0004931300409432,0.022206531492858
2026-03-16 23:42:21,PSO_ELM,nonlinear_gradual_drift_4,,0.0174321528841304,0.0004781622630393,0.0218669216635394
2026-03-16 23:42:56,PSO_ELM,nonlinear_gradual_drift_5,,0.0175573729859485,0.000489653629135,0.0221281185177378
2026-03-16 23:43:37,PSO_ELM,nonlinear_gradual_drift_6,,0.0175037356745058,0.0004851667141757,0.0220265002707132
2026-03-16 23:44:12,PSO_ELM,nonlinear_gradual_drift_7,,0.0176397326099733,0.0004870827908305,0.0220699522163188
2026-03-16 23:44:55,PSO_ELM,nonlinear_gradual_drift_8,,0.0173650352722842,0.000475514138228,0.0218062866675665
2026-03-16 23:45:37,PSO_ELM,nonlinear_gradual_drift_9,,0.0175089082052382,0.0004862421106316,0.0220508981819698
2026-03-16 23:46:13,PSO_ELM,nonlinear_gradual_drift_10,,0.0174112181002409,0.0004809593270432,0.0219307849162589
2026-03-16 23:46:48,PSO_ELM,nonlinear_gradual_drift_11,,0.0174167605307652,0.0004828186085517,0.0219731337899656
2026-03-16 23:47:21,PSO_ELM,nonlinear_gradual_drift_12,,0.017513118275216,0.0004875658998263,0.0220808944525878
2026-03-16 23:47:55,PSO_ELM,nonlinear_gradual_drift_13,,0.0175555979923814,0.0004887510751862,0.022107715286439
2026-03-16 23:48:30,PSO_ELM,nonlinear_gradual_drift_14,,0.0181506221944329,0.0005219422952614,0.0228460564487927
2026-03-16 23:49:03,PSO_ELM,nonlinear_gradual_drift_15,,0.0181682448065484,0.0005251882014637,0.0229169849994233
2026-03-16 23:49:39,PSO_ELM,nonlinear_gradual_drift_16,,0.0174214104888469,0.000475714498371,0.0218108802750159
2026-03-16 23:50:13,PSO_ELM,nonlinear_gradual_drift_17,,0.0177905336512271,0.000502988389983,0.0224274026579766
2026-03-16 23:50:56,PSO_ELM,nonlinear_gradual_drift_18,,0.0176756902729489,0.0004945991994656,0.0222395863150749
2026-03-16 23:51:38,PSO_ELM,nonlinear_gradual_drift_19,,0.0173246654213835,0.0004688593657234,0.021653160640504
2026-03-16 23:51:45,PSO_ELM,nonlinear_gradual_drift_20,,0.0170914291556607,0.0004631954192929,0.0215219752646669
2026-03-16 23:52:23,PSO_ELM,nonlinear_gradual_drift_21,,0.0168881230420408,0.0004499352745655,0.0212116777876145
2026-03-16 23:52:57,PSO_ELM,nonlinear_gradual_drift_22,,0.0171796730945471,0.0004613862538465,0.0214799034878321
2026-03-16 23:53:32,PSO_ELM,nonlinear_gradual_drift_23,,0.0175615632394881,0.0004858574670236,0.0220421747344423
2026-03-16 23:54:08,PSO_ELM,nonlinear_gradual_drift_24,,0.0177240675227388,0.0005009387133615,0.0223816602011913
2026-03-16 23:54:43,PSO_ELM,nonlinear_gradual_drift_25,,0.0176155560247676,0.0004902876089189,0.0221424390914591
2026-03-16 23:55:18,PSO_ELM,nonlinear_gradual_drift_26,,0.0175061594527862,0.0004859944491798,0.0220452817895315
2026-03-16 23:55:54,PSO_ELM,nonlinear_gradual_drift_27,,0.0177112521404715,0.0004952307919962,0.0222537815212659
2026-03-16 23:56:27,PSO_ELM,nonlinear_gradual_drift_28,,0.0175869290848773,0.000489424686001,0.0221229447859245
2026-03-16 23:57:02,PSO_ELM,nonlinear_gradual_drift_29,,0.0177830350466441,0.0005002121288741,0.0223654226178297
2026-03-16 23:57:37,PSO_ELM,nonlinear_gradual_drift_30,,0.0175608743195179,0.0004842574879671,0.0220058512211443
2026-03-16 23:58:13,PSO_ELM,nonlinear_abrupt_drift_1,,0.0228081501068217,0.0010201660229618,0.0319400379298747
2026-03-16 23:58:49,PSO_ELM,nonlinear_abrupt_drift_2,,0.0211327275855316,0.0007120513445773,0.026684290220603
2026-03-16 23:59:25,PSO_ELM,nonlinear_abrupt_drift_3,,0.0210707615072713,0.0007982792919985,0.0282538367659782
2026-03-16 23:59:59,PSO_ELM,nonlinear_abrupt_drift_4,,0.0197563098205006,0.0006229452595095,0.0249588713588889
2026-03-17 00:00:34,PSO_ELM,nonlinear_abrupt_drift_5,,0.1317131657797614,0.2991410002627975,0.5469378394870824
2026-03-17 00:01:09,PSO_ELM,nonlinear_abrupt_drift_6,,0.0283499608963521,0.002111513794529,0.0459512110235308
2026-03-17 00:01:45,PSO_ELM,nonlinear_abrupt_drift_7,,0.0211002570254592,0.0007403494917455,0.0272093640452242
2026-03-17 00:02:19,PSO_ELM,nonlinear_abrupt_drift_8,,0.0205025622782021,0.0006670381967911,0.0258270826225338
2026-03-17 00:02:54,PSO_ELM,nonlinear_abrupt_drift_9,,0.0236282564066446,0.0010441463492454,0.032313253461165
2026-03-17 00:03:29,PSO_ELM,nonlinear_abrupt_drift_10,,0.0193802439055544,0.0006045350680167,0.0245872948495093
2026-03-17 00:04:05,PSO_ELM,nonlinear_abrupt_drift_11,,0.0207860325967132,0.0006778247413474,0.0260350675310717
2026-03-17 00:04:40,PSO_ELM,nonlinear_abrupt_drift_12,,0.0228183171810487,0.0008668943396617,0.0294430694673937
2026-03-17 00:05:14,PSO_ELM,nonlinear_abrupt_drift_13,,0.0201507868467442,0.0006388717864589,0.0252759131676574
2026-03-17 00:05:50,PSO_ELM,nonlinear_abrupt_drift_14,,0.0203900900526444,0.0006585788594554,0.0256627913418522
2026-03-17 00:06:26,PSO_ELM,nonlinear_abrupt_drift_15,,0.0208251556269534,0.0006936253128088,0.0263367673188797
2026-03-17 00:07:01,PSO_ELM,nonlinear_abrupt_drift_16,,0.020408816869717,0.0006721525464237,0.0259259049296982
2026-03-17 00:07:35,PSO_ELM,nonlinear_abrupt_drift_17,,0.1227308655006686,0.0940055863834873,0.3066033045867042
2026-03-17 00:08:12,PSO_ELM,nonlinear_abrupt_drift_18,,0.0498301412857318,0.0072059695517831,0.0848879823754995
2026-03-17 00:08:47,PSO_ELM,nonlinear_abrupt_drift_19,,0.5036296844369307,0.7024479330966165,0.8381216696259658
2026-03-17 00:09:22,PSO_ELM,nonlinear_abrupt_drift_20,,0.0205883225135264,0.0006727311849136,0.0259370619946364
2026-03-17 00:09:57,PSO_ELM,nonlinear_abrupt_drift_21,,0.0202362916265632,0.0006479348945976,0.0254545652997197
2026-03-17 00:10:34,PSO_ELM,nonlinear_abrupt_drift_22,,0.0214553826257283,0.0007182039062925,0.0267993266014747
2026-03-17 00:11:08,PSO_ELM,nonlinear_abrupt_drift_23,,0.02667951295279,0.0012651116569375,0.0355684081304961
2026-03-17 00:11:43,PSO_ELM,nonlinear_abrupt_drift_24,,0.0843593028095608,0.0385922588102054,0.19644912524673
2026-03-17 00:12:19,PSO_ELM,nonlinear_abrupt_drift_25,,0.0202667040131087,0.0006629014806376,0.0257468732206008
2026-03-17 00:12:55,PSO_ELM,nonlinear_abrupt_drift_26,,0.0288433688448634,0.0019005886432635,0.0435957411138241
2026-03-17 00:13:29,PSO_ELM,nonlinear_abrupt_drift_27,,0.030706168303821,0.0022813425955516,0.0477634022610585
2026-03-17 00:14:05,PSO_ELM,nonlinear_abrupt_drift_28,,0.0267480070498565,0.0013279812398629,0.0364414769165975
2026-03-17 00:14:40,PSO_ELM,nonlinear_abrupt_drift_29,,0.0198791844560158,0.0006240636943294,0.024981266867985
2026-03-17 00:15:14,PSO_ELM,nonlinear_abrupt_drift_30,,0.0345634185986758,0.0024459218057946,0.0494562615428483
2026-03-17 15:24:44,PSO_LSTM,linear_gradual_drift_1,,0.0611857220900737,0.0077542015139065,0.0880579440704046
2026-03-17 15:26:30,PSO_LSTM,linear_gradual_drift_2,,0.0536231483902649,0.0052390946892203,0.072381590817143
2026-03-17 15:28:12,PSO_LSTM,linear_gradual_drift_3,,0.0591899425129654,0.006577555614318,0.0811021307631192
2026-03-17 15:29:44,PSO_LSTM,linear_gradual_drift_4,,0.055220414632145,0.0056728172125805,0.0753181068042774
2026-03-17 15:31:24,PSO_LSTM,linear_gradual_drift_5,,0.0505246108793966,0.004611936017426,0.0679112363120125
2026-03-17 15:32:56,PSO_LSTM,linear_gradual_drift_6,,0.0581640911853522,0.0060124706232443,0.0775401226671992
2026-03-17 15:34:10,PSO_LSTM,linear_gradual_drift_7,,0.0540608826545382,0.0054768552160478,0.0740057782612131
2026-03-17 15:35:38,PSO_LSTM,linear_gradual_drift_8,,0.0584836203581844,0.0060125311850187,0.0775405131851653
2026-03-17 15:37:06,PSO_LSTM,linear_gradual_drift_9,,0.04757509677784,0.0041003433313018,0.0640339232852547
2026-03-17 15:38:26,PSO_LSTM,linear_gradual_drift_10,,0.0556194805927616,0.0056248853255816,0.0749992354999812
2026-03-17 15:39:47,PSO_LSTM,linear_gradual_drift_11,,0.0544570665223289,0.0055322998875112,0.074379431884838
2026-03-17 15:41:09,PSO_LSTM,linear_gradual_drift_12,,0.049921305274777,0.0047189556574971,0.0686946552323916
2026-03-17 15:42:26,PSO_LSTM,linear_gradual_drift_13,,0.0533132880793074,0.0048900379770741,0.0699288064897016
2026-03-17 15:43:50,PSO_LSTM,linear_gradual_drift_14,,0.05723366283659,0.006119856108197,0.0782295091905673
2026-03-17 15:45:20,PSO_LSTM,linear_gradual_drift_15,,0.1025257944789545,0.0161784259946786,0.1271944416815399
2026-03-17 15:46:54,PSO_LSTM,linear_gradual_drift_16,,0.0632448949201618,0.0077567514258515,0.0880724214828429
2026-03-17 15:48:02,PSO_LSTM,linear_gradual_drift_17,,0.0565654399978548,0.0060633970093844,0.0778678175460469
2026-03-17 15:49:32,PSO_LSTM,linear_gradual_drift_18,,0.0775719222286125,0.0129262293987032,0.1136935767697686
2026-03-17 15:51:06,PSO_LSTM,linear_gradual_drift_19,,0.0580096424518897,0.0063409795794578,0.0796302679855963
2026-03-17 15:51:42,PSO_LSTM,linear_gradual_drift_20,,0.0423272344095547,0.00318988718353,0.0564790862490716
2026-03-17 15:53:35,PSO_LSTM,linear_gradual_drift_21,,0.0529065017060237,0.005282216081533,0.0726788558078141
2026-03-17 15:54:41,PSO_LSTM,linear_gradual_drift_22,,0.0579755043775439,0.0058409520157125,0.0764261212918238
2026-03-17 15:56:15,PSO_LSTM,linear_gradual_drift_23,,0.0583794651003909,0.0062263302782818,0.07890709903603
2026-03-17 15:58:07,PSO_LSTM,linear_gradual_drift_24,,0.0513796448269864,0.0047262576944653,0.0687477831967354
2026-03-17 15:59:57,PSO_LSTM,linear_gradual_drift_25,,0.057462377050587,0.0059093079117823,0.0768720229458179
2026-03-17 16:01:40,PSO_LSTM,linear_gradual_drift_26,,0.0551416555726282,0.0053457918140928,0.0731149219659901
2026-03-17 16:03:32,PSO_LSTM,linear_gradual_drift_27,,0.0562125582636041,0.0058972437173127,0.0767935135106656
2026-03-17 16:05:04,PSO_LSTM,linear_gradual_drift_28,,0.0535884520698667,0.0052080017738294,0.0721664865005179
2026-03-17 16:06:42,PSO_LSTM,linear_gradual_drift_29,,0.095149834727734,0.0140425075337026,0.1185010866351135
2026-03-17 16:08:11,PSO_LSTM,linear_gradual_drift_30,,0.0583165967796522,0.0064290957030736,0.0801816419330114
2026-03-17 16:09:04,PSO_LSTM,linear_abrupt_drift_1,,0.0512115706020366,0.0044030358689266,0.0663553755842485
2026-03-17 16:10:46,PSO_LSTM,linear_abrupt_drift_2,,0.0408558246846186,0.0028653526406004,0.0535289887873891
2026-03-17 16:12:06,PSO_LSTM,linear_abrupt_drift_3,,0.0460842027781604,0.0033847366868369,0.0581784898982174
2026-03-17 16:12:53,PSO_LSTM,linear_abrupt_drift_4,,0.0405549228673804,0.0028671225962099,0.0535455189181121
2026-03-17 16:13:33,PSO_LSTM,linear_abrupt_drift_5,,0.0396735186214388,0.0027387692456197,0.0523332518158365
2026-03-17 16:14:02,PSO_LSTM,linear_abrupt_drift_6,,0.0400825468573069,0.0027267473823897,0.0522182667501493
2026-03-17 16:14:40,PSO_LSTM,linear_abrupt_drift_7,,0.0416910833409445,0.0029664054163579,0.05446471716954
2026-03-17 16:16:18,PSO_LSTM,linear_abrupt_drift_8,,0.2168173825992204,0.0860157817936735,0.2932844724728425
2026-03-17 16:16:57,PSO_LSTM,linear_abrupt_drift_9,,0.0609367300067043,0.0073835161165773,0.0859273886288727
2026-03-17 16:17:44,PSO_LSTM,linear_abrupt_drift_10,,0.0563021582113421,0.0062500720356973,0.0790573970966499
2026-03-17 16:18:30,PSO_LSTM,linear_abrupt_drift_11,,0.0500507837926841,0.004772002291808,0.0690796807448328
2026-03-17 16:20:08,PSO_LSTM,linear_abrupt_drift_12,,0.061943026533898,0.0097154367142471,0.098566914906814
2026-03-17 16:20:32,PSO_LSTM,linear_abrupt_drift_13,,0.0386735529715229,0.0026379058135065,0.0513605472469532
2026-03-17 16:21:13,PSO_LSTM,linear_abrupt_drift_14,,0.0551399834309427,0.0051338459818938,0.0716508616967994
2026-03-17 16:21:50,PSO_LSTM,linear_abrupt_drift_15,,0.2589357569557529,0.1098199404323265,0.3313909178482816
2026-03-17 16:23:07,PSO_LSTM,linear_abrupt_drift_16,,0.0766933401496578,0.0097022047637178,0.0984997703739344
2026-03-17 16:23:39,PSO_LSTM,linear_abrupt_drift_17,,0.0444159537994671,0.0033535537261574,0.0579098758948544
2026-03-17 16:24:17,PSO_LSTM,linear_abrupt_drift_18,,0.0473013398716977,0.0038055032975472,0.0616887615173723
2026-03-17 16:25:49,PSO_LSTM,linear_abrupt_drift_19,,0.1263657755612134,0.0313021346625233,0.1769240929396654
2026-03-17 16:26:25,PSO_LSTM,linear_abrupt_drift_20,,0.0413100549157147,0.0029625146386679,0.0544289871177841
2026-03-17 16:27:44,PSO_LSTM,linear_abrupt_drift_21,,0.0633150651105125,0.0068954333463571,0.0830387460548214
2026-03-17 16:28:13,PSO_LSTM,linear_abrupt_drift_22,,0.0990546277666181,0.0214455242885896,0.1464429045348037
2026-03-17 16:28:37,PSO_LSTM,linear_abrupt_drift_23,,0.0531652715993195,0.0050422933123452,0.0710091072493187
2026-03-17 16:29:57,PSO_LSTM,linear_abrupt_drift_24,,0.1555076410328022,0.0571707876216378,0.2391041355176398
2026-03-17 16:30:21,PSO_LSTM,linear_abrupt_drift_25,,0.0425971111665784,0.0030088290748231,0.05485279459447
2026-03-17 16:31:26,PSO_LSTM,linear_abrupt_drift_26,,0.0390954663166894,0.0027209133762298,0.0521623751015028
2026-03-17 16:32:30,PSO_LSTM,linear_abrupt_drift_27,,0.0677216633667828,0.0083337970301953,0.0912896326545098
2026-03-17 16:32:58,PSO_LSTM,linear_abrupt_drift_28,,0.0502089621859837,0.004183017011416,0.0646762476602967
2026-03-17 16:33:51,PSO_LSTM,linear_abrupt_drift_29,,0.2238921363512493,0.0808187919146356,0.2842864610118386
2026-03-17 16:34:34,PSO_LSTM,linear_abrupt_drift_30,,0.0458767139714907,0.0036967249627528,0.0608006987028342
2026-03-17 16:35:23,PSO_LSTM,nonlinear_gradual_drift_1,,0.0178177381108446,0.0004972675530395,0.0222994966992428
2026-03-17 16:36:19,PSO_LSTM,nonlinear_gradual_drift_2,,0.0175950571478568,0.0004896333462744,0.022127660207859
2026-03-17 16:37:18,PSO_LSTM,nonlinear_gradual_drift_3,,0.0175776075542681,0.0004851034034112,0.0220250630739438
2026-03-17 16:37:52,PSO_LSTM,nonlinear_gradual_drift_4,,0.0188821447445199,0.0005597892722196,0.0236598662764535
2026-03-17 16:39:02,PSO_LSTM,nonlinear_gradual_drift_5,,0.0174467537402659,0.0004834872464911,0.0219883434230774
2026-03-17 16:39:46,PSO_LSTM,nonlinear_gradual_drift_6,,0.0175339772616571,0.0004852081989838,0.0220274419527961
2026-03-17 16:40:40,PSO_LSTM,nonlinear_gradual_drift_7,,0.0180902541297163,0.0005154995768154,0.0227046157601357
2026-03-17 16:41:22,PSO_LSTM,nonlinear_gradual_drift_8,,0.0174059940764425,0.0004775888506042,0.0218538063184479
2026-03-17 16:42:38,PSO_LSTM,nonlinear_gradual_drift_9,,0.0174179063027168,0.000479525310954,0.021898066374776
2026-03-17 16:43:33,PSO_LSTM,nonlinear_gradual_drift_10,,0.0179616833545328,0.0005082506648552,0.0225444153806499
2026-03-17 16:44:51,PSO_LSTM,nonlinear_gradual_drift_11,,0.0174933549255934,0.000483827392551,0.0219960767536188
2026-03-17 16:46:03,PSO_LSTM,nonlinear_gradual_drift_12,,0.017365725064874,0.0004795128134203,0.0218977810159002
2026-03-17 16:46:49,PSO_LSTM,nonlinear_gradual_drift_13,,0.0179218953705191,0.0005081979980072,0.0225432472817742
2026-03-17 16:47:55,PSO_LSTM,nonlinear_gradual_drift_14,,0.017708068078514,0.0004949593267921,0.0222476813801387
2026-03-17 16:48:58,PSO_LSTM,nonlinear_gradual_drift_15,,0.0176579118435646,0.0004930202166519,0.0222040585626139
2026-03-17 16:49:46,PSO_LSTM,nonlinear_gradual_drift_16,,0.017403127705775,0.0004735769223786,0.0217618225886207
2026-03-17 16:50:14,PSO_LSTM,nonlinear_gradual_drift_17,,0.018297499747646,0.0005321632168143,0.0230686630911798
2026-03-17 16:50:50,PSO_LSTM,nonlinear_gradual_drift_18,,0.0177926484984409,0.0004969876391137,0.0222932195771205
2026-03-17 16:51:26,PSO_LSTM,nonlinear_gradual_drift_19,,0.0173210914973097,0.000470525599635,0.021691602053216
2026-03-17 16:52:19,PSO_LSTM,nonlinear_gradual_drift_20,,0.0185890537055452,0.0005499256953987,0.0234504945661868
2026-03-17 16:52:56,PSO_LSTM,nonlinear_gradual_drift_21,,0.0176709808795432,0.0004918741257915,0.0221782354075232
2026-03-17 16:53:42,PSO_LSTM,nonlinear_gradual_drift_22,,0.0174194245814829,0.0004749368153704,0.0217930451146789
2026-03-17 16:54:58,PSO_LSTM,nonlinear_gradual_drift_23,,0.017977243211733,0.0005089942497581,0.0225609009075028
2026-03-17 16:55:25,PSO_LSTM,nonlinear_gradual_drift_24,,0.0173550448703795,0.0004781437594879,0.021866498564881
2026-03-17 16:56:28,PSO_LSTM,nonlinear_gradual_drift_25,,0.0174834171774985,0.0004838286426497,0.0219961051700012
2026-03-17 16:56:58,PSO_LSTM,nonlinear_gradual_drift_26,,0.0172841845839824,0.00047408409844,0.0217734723560576
2026-03-17 16:57:33,PSO_LSTM,nonlinear_gradual_drift_27,,0.018130093133621,0.0005180685920577,0.0227611201845987
2026-03-17 16:58:16,PSO_LSTM,nonlinear_gradual_drift_28,,0.0180742481004155,0.0005152322900568,0.0226987288202849
2026-03-17 16:59:08,PSO_LSTM,nonlinear_gradual_drift_29,,0.0190301646458349,0.0005686717622521,0.0238468396701137
2026-03-17 17:00:02,PSO_LSTM,nonlinear_gradual_drift_30,,0.0175367848053211,0.000483434082455,0.0219871344757577
2026-03-17 17:01:16,PSO_LSTM,nonlinear_abrupt_drift_1,,0.0357662836990034,0.0021443621359739,0.0463072579189694
2026-03-17 17:02:23,PSO_LSTM,nonlinear_abrupt_drift_2,,0.0386046208077329,0.0025851946367237,0.0508448093390437
2026-03-17 17:03:26,PSO_LSTM,nonlinear_abrupt_drift_3,,0.0364192550592977,0.0025115605214889,0.0501154718773444
2026-03-17 17:04:10,PSO_LSTM,nonlinear_abrupt_drift_4,,0.058476266445869,0.0058179589453888,0.0762755461821729
2026-03-17 17:05:36,PSO_LSTM,nonlinear_abrupt_drift_5,,0.0655714917986,0.0088164164024563,0.0938957741458917
2026-03-17 17:06:19,PSO_LSTM,nonlinear_abrupt_drift_6,,0.0348204943783362,0.0021926767006581,0.0468260258900764
2026-03-17 17:07:50,PSO_LSTM,nonlinear_abrupt_drift_7,,0.0399056262821164,0.0026175811919453,0.0511623024496102
2026-03-17 17:08:35,PSO_LSTM,nonlinear_abrupt_drift_8,,0.0359572408575352,0.0022954647333399,0.0479110084775921
2026-03-17 17:10:11,PSO_LSTM,nonlinear_abrupt_drift_9,,0.0346643742516608,0.0021123369925735,0.0459601674558909
2026-03-17 17:11:30,PSO_LSTM,nonlinear_abrupt_drift_10,,0.0331243653610842,0.0019442769448461,0.0440939558765839
2026-03-17 17:13:07,PSO_LSTM,nonlinear_abrupt_drift_11,,0.0422752772671495,0.002723611570405,0.0521882321065299
2026-03-17 17:13:35,PSO_LSTM,nonlinear_abrupt_drift_12,,0.0376013086915687,0.0024122655084641,0.0491148196419796
2026-03-17 17:14:17,PSO_LSTM,nonlinear_abrupt_drift_13,,0.0369566392672516,0.0024010905825321,0.0490009243028347
2026-03-17 17:15:00,PSO_LSTM,nonlinear_abrupt_drift_14,,0.0380688513793074,0.0025081689221895,0.0500816225994084
2026-03-17 17:15:26,PSO_LSTM,nonlinear_abrupt_drift_15,,0.0364125092038219,0.0024039080845352,0.0490296653520621
2026-03-17 17:16:39,PSO_LSTM,nonlinear_abrupt_drift_16,,0.0344126092333731,0.0019884658640774,0.0445922175281459
2026-03-17 17:17:10,PSO_LSTM,nonlinear_abrupt_drift_17,,0.1281129438601317,0.0740349410424076,0.2720936255085879
2026-03-17 17:18:43,PSO_LSTM,nonlinear_abrupt_drift_18,,0.0423175760700077,0.0030559189004296,0.0552803663196044
2026-03-17 17:19:16,PSO_LSTM,nonlinear_abrupt_drift_19,,0.3016094470466652,0.1933303310887459,0.439693451268888
2026-03-17 17:20:14,PSO_LSTM,nonlinear_abrupt_drift_20,,0.0458187225709191,0.0032135496120326,0.0566881787679992
2026-03-17 17:21:47,PSO_LSTM,nonlinear_abrupt_drift_21,,0.0356884039826807,0.0020876834507421,0.0456911747577382
2026-03-17 17:22:41,PSO_LSTM,nonlinear_abrupt_drift_22,,0.035950352371149,0.0023398250375726,0.0483717380044654
2026-03-17 17:23:23,PSO_LSTM,nonlinear_abrupt_drift_23,,0.0372903695537419,0.002428379024477,0.0492785858611736
2026-03-17 17:24:43,PSO_LSTM,nonlinear_abrupt_drift_24,,0.0647305341876693,0.0152988342187381,0.1236884562873112
2026-03-17 17:25:28,PSO_LSTM,nonlinear_abrupt_drift_25,,0.0388601824632803,0.0025290109540639,0.0502892727533813
2026-03-17 17:27:00,PSO_LSTM,nonlinear_abrupt_drift_26,,0.035703147207043,0.0022080479457572,0.0469898706718502
2026-03-17 17:27:59,PSO_LSTM,nonlinear_abrupt_drift_27,,0.0361901442688804,0.0023557028653252,0.0485355834962888
2026-03-17 17:29:30,PSO_LSTM,nonlinear_abrupt_drift_28,,0.0340503453396647,0.0020172776252796,0.0449141138761486
2026-03-17 17:30:56,PSO_LSTM,nonlinear_abrupt_drift_29,,0.0372333083743822,0.0022307786144364,0.0472311191317385
2026-03-17 17:31:40,PSO_LSTM,nonlinear_abrupt_drift_30,,0.03797902580261827,0.002542874567732215,0.050426923044463216
